<?xml version="1.0" encoding="UTF-8"?>
<includes>
	<include name="View530PortraitIconInfo">
		<!-- Floor -->
		<include content="Floor">
			<param name="visible">Skin.HasSetting(View530HideFloor) + Control.IsVisible(530)</param>
			<param name="highlight">FloorHighlightRight</param>
		</include>
		<!-- Info -->
		<control type="group">
			<visible>Control.IsVisible(530)</visible>
			<include>AnimationSlidePanel</include>
			<include content="PanelSideBlade">
				<param name="left">1188</param>
				<param name="width">652</param>
				<param name="lefttexture">1188</param>
				<param name="widthtexture">632</param>
				<param name="diffusetexture">diffuse/siderounded20-632x820.png</param>
				<param name="reflect">!Skin.HasSetting(View530HideReflect)</param>
			</include>
			<include content="ViewFanartInfoVideoPreview">
				<param name="id">530</param>
				<param name="width">582</param>
				<param name="height">327</param>
				<param name="diffuse">diffuse/rounded5-581x326.png</param>
				<param name="textboxheight">262</param>
				<param name="textboxfont">Font28_Reg_112</param>
			</include>
		</control>
		<!-- Panel -->
		<control type="group">
			<visible>Control.IsVisible(530)</visible>
			<include content="AnimationSlideLeftWindow">
				<param name="slide">1017</param>
			</include>
			<include content="AnimationSlideLeftVisible">
				<param name="slide">1017</param>
			</include>
			<include content="PanelDefault">
				<param name="right">712</param>
				<param name="righttexture">732</param>
				<param name="diffusetexture">diffuse/rounded20-992x880.png</param>
				<param name="reflect">!Skin.HasSetting(View530HideReflect)</param>
			</include>
			<control type="panel" id="530">
				<top>150</top>
				<left>110</left>
				<width>1080</width>
				<height>780</height>
				<onleft>9050</onleft>
				<onright>60530</onright>
				<pagecontrol>60530</pagecontrol>
				<include>ContainerScrollTime</include>
				<viewtype label="$LOCALIZE[31251]">icon</viewtype>
				<itemlayout height="390" width="267" condition="!Skin.HasSetting(View530SmallIcons)">
					<control type="group">
						<visible>!Skin.HasSetting(View530VideoCase)</visible>
						<include content="ViewArtwork">
							<param name="texturefadetime">0</param>
							<param name="watchedstatusvisible">!Skin.HasSetting(View530DisableWatchedStatus)</param>
							<param name="diffuse">diffuse/rounded5-247x370.png</param>
						</include>
					</control>
					<control type="group">
						<visible>Skin.HasSetting(View530VideoCase)</visible>
						<include content="ViewArtworkVideoCase">
							<param name="logoheight">27</param>
							<param name="texturefadetime">0</param>
							<param name="bordersize">16,36,16,18</param>
							<param name="watchedstatustop">39</param>
							<param name="watchedstatusvisible">!Skin.HasSetting(View530DisableWatchedStatus)</param>
						</include>
					</control>
				</itemlayout>
				<focusedlayout height="390" width="267" condition="!Skin.HasSetting(View530SmallIcons)">
					<control type="image">
						<texture colordiffuse="$VAR[PanelHighlightColorVar]" border="10">buttons/thumb-select-focus.png</texture>
					</control>
					<control type="group">
						<animation type="Focus" reversible="false">
							<effect type="zoom" start="95" end="100" time="240" center="auto"/>
						</animation>
						<control type="group">
							<visible>!Skin.HasSetting(View530VideoCase)</visible>
							<include content="ViewArtwork">
								<param name="texturefadetime">0</param>
								<param name="watchedstatusvisible">!Skin.HasSetting(View530DisableWatchedStatus)</param>
								<param name="diffuse">diffuse/rounded5-247x370.png</param>
							</include>
						</control>
						<control type="group">
							<visible>Skin.HasSetting(View530VideoCase)</visible>
							<include content="ViewArtworkVideoCase">
								<param name="logoheight">27</param>
								<param name="texturefadetime">0</param>
								<param name="bordersize">16,36,16,18</param>
								<param name="watchedstatustop">39</param>
								<param name="watchedstatusvisible">!Skin.HasSetting(View530DisableWatchedStatus)</param>
							</include>
						</control>
					</control>
				</focusedlayout>
				<itemlayout height="260" width="178" condition="Skin.HasSetting(View530SmallIcons)">
					<control type="group">
						<visible>!Skin.HasSetting(View530VideoCase)</visible>
						<include content="ViewArtwork">
							<param name="texturefadetime">0</param>
							<param name="watchedstatusvisible">!Skin.HasSetting(View530DisableWatchedStatus)</param>
							<param name="diffuse">diffuse/rounded5-158x240.png</param>
						</include>
					</control>
					<control type="group">
						<visible>Skin.HasSetting(View530VideoCase)</visible>
						<include content="ViewArtworkVideoCase">
							<param name="logoheight">19</param>
							<param name="texturefadetime">0</param>
							<param name="bordersize">15,28,15,16</param>
							<param name="watchedstatustop">32</param>
							<param name="watchedstatusvisible">!Skin.HasSetting(View530DisableWatchedStatus)</param>
						</include>
					</control>
				</itemlayout>
				<focusedlayout height="260" width="178" condition="Skin.HasSetting(View530SmallIcons)">
					<control type="image">
						<texture colordiffuse="$VAR[PanelHighlightColorVar]" border="10">buttons/thumb-select-focus.png</texture>
					</control>
					<control type="group">
						<animation type="Focus" reversible="false">
							<effect type="zoom" start="95" end="100" time="240" center="auto"/>
						</animation>
						<control type="group">
							<visible>!Skin.HasSetting(View530VideoCase)</visible>
							<include content="ViewArtwork">
								<param name="texturefadetime">0</param>
								<param name="watchedstatusvisible">!Skin.HasSetting(View530DisableWatchedStatus)</param>
								<param name="diffuse">diffuse/rounded5-158x240.png</param>
							</include>
						</control>
						<control type="group">
							<visible>Skin.HasSetting(View530VideoCase)</visible>
							<include content="ViewArtworkVideoCase">
								<param name="logoheight">19</param>
								<param name="texturefadetime">0</param>
								<param name="bordersize">15,28,15,16</param>
								<param name="watchedstatustop">32</param>
								<param name="watchedstatusvisible">!Skin.HasSetting(View530DisableWatchedStatus)</param>
							</include>
						</control>
					</control>
				</focusedlayout>
			</control>
			<control type="scrollbar" id="60530">
				<left>1168</left>
				<top>140</top>
				<bottom>140</bottom>
				<onleft>53</onleft>
				<onright>605301</onright>
			</control>
		</control>
		<!-- Media flags -->
		<control type="group">
			<visible>Control.IsVisible(530)</visible>
			<include content="AnimationSlideBottomWindow">
				<param name="slide">220</param>
			</include>
			<control type="group">
				<visible>Control.IsVisible(530) + String.Contains(ListItem.DBType, "movie")</visible>
				<include condition="Window.IsVisible(MyVideoNav.xml)">MediaFlagsVideos4</include>
			</control>
			<control type="group">
				<visible>Control.IsVisible(530) + String.Contains(ListItem.DBType, "season")</visible>
				<include condition="Window.IsVisible(MyVideoNav.xml)">MediaFlagsTVShows</include>
			</control>
			<control type="group">
				<visible>Control.IsVisible(530) + String.Contains(ListItem.DBType, "tvshow") | Container.Content(tvshows) </visible>
				<include condition="Window.IsVisible(MyVideoNav.xml)">MediaFlagsTVShows</include>
			</control>			
		</control>

<!-- 		<control type="group">
			<visible>Control.IsVisible(530)</visible>
			<include content="AnimationSlideBottomWindow">
				<param name="slide">220</param>
			</include>
			<include condition="Window.IsVisible(MyVideoNav.xml)">MediaFlagsTVShows</include>
			<include condition="Window.IsVisible(MyVideoNav.xml)">MediaFlagsVideos4</include>
		</control> -->
	</include>
</includes>