<?xml version="1.0" encoding="utf-8"?>
<window>
	<controls>
		<control type="group">
			<animation effect="zoom" end="80" center="auto" time="480" tween="cubic" easing="inout" condition="Skin.HasSetting(SmallerNotifications)">Conditional</animation>
			<include>AnimationDialogPopupNotification</include>
			<top>49</top>
			<left>595</left>
			<height>134</height>
			<width>730</width>
			<control type="group">
				<control type="image">
					<texture colordiffuse="$VAR[PanelShadowColorVar]" border="20">$VAR[DialogShadowScanVar]</texture>
				</control>
				<control type="image">
					<texture colordiffuse="$VAR[PanelStyleColorVar]" border="20">$VAR[DialogStyleScanVar]</texture>
				</control>
				<control type="image">
					<top>10</top>
					<left>10</left>
					<right>10</right>
					<bottom>10</bottom>
					<aspectratio scalediffuse="false">center</aspectratio>
					<texture diffuse="diffuse/rounded10-710x104.png" colordiffuse="$VAR[PanelTextureColorVar]">$INFO[Skin.String(PanelTexture.texture)]</texture>
					<visible>!Skin.HasSetting(PanelSquare.texture)</visible>
				</control>
				<control type="image">
					<top>10</top>
					<left>10</left>
					<right>10</right>
					<bottom>10</bottom>
					<aspectratio scalediffuse="false">center</aspectratio>
					<texture colordiffuse="$VAR[PanelTextureColorVar]">$INFO[Skin.String(PanelTexture.texture)]</texture>
					<visible>Skin.HasSetting(PanelSquare.texture)</visible>
				</control>
				<control type="image">
					<texture colordiffuse="$VAR[PanelEmbossColorVar]" border="40">$VAR[DialogEmbossScanVar]</texture>
				</control>
				<control type="image" id="400">
					<top>22</top>
					<left>26</left>
					<width>90</width>
					<height>90</height>
					<animation effect="fade" start="50" time="800" condition="true" pulse="true">Conditional</animation>
				</control>
				<control type="image">
					<top>22</top>
					<left>26</left>
					<width>90</width>
					<height>90</height>
					<texture colordiffuse="$VAR[PanelHighlightColorVar]">DefaultIconInfo.png</texture>
					<animation effect="fade" start="50" time="800" condition="true" pulse="true">Conditional</animation>
					<visible>String.IsEmpty(Control.GetLabel(400))</visible>
				</control>
				<control type="grouplist">
					<top>10</top>
					<left>147</left>
					<right>25</right>
					<height>114</height>
					<align>center</align>
					<control type="fadelabel" id="401">
						<description>Line 1 Label</description>
						<height>40</height>
						<font>Font29_Cond</font>
						<textcolor>$VAR[PanelTextColorVar]</textcolor>
					</control>
					<control type="label" id="402">
						<description>Line 2 Label</description>
						<height>40</height>
						<scroll>true</scroll>
						<font>Font29_Cond</font>
						<scrollspeed>100</scrollspeed>
						<textcolor>$VAR[PanelSubTextColorVar]</textcolor>
					</control>
				</control>
			</control>
		</control>
	</controls>
</window>