<?xml version="1.0" encoding="UTF-8"?>
<colors>
	<color name="0% Transparent Very Light Red">ffffebee</color>
	<color name="0% Transparent Light Red">ffffcdd2</color>
	<color name="0% Transparent Soft Red">ffef9a9a</color>
	<color name="0% Transparent Light Salmon">ffe57373</color>
	<color name="0% Transparent Coral Red">ffef5350</color>
	<color name="0% Transparent Red">fff44336</color>
	<color name="0% Transparent Dark Red">ffe53935</color>
	<color name="0% Transparent Deep Red">ffd32f2f</color>
	<color name="0% Transparent Dark Deep Red">ffc62828</color>
	<color name="0% Transparent Very Dark Red">ffb71c1c</color>
	<color name="0% Transparent Light Coral">ffff8a80</color>
	<color name="0% Transparent Coral">ffff5252</color>
	<color name="0% Transparent Deep Pink">ffff1744</color>
	<color name="0% Transparent Very Deep Red">ffd50000</color>
	<color name="0% Transparent Very Light Pink">fffce4ec</color>
	<color name="0% Transparent Light Pink">fff8bbd0</color>
	<color name="0% Transparent Soft Pink">fff48fb1</color>
	<color name="0% Transparent Pink">fff06292</color>
	<color name="0% Transparent Hot Pink">ffec407a</color>
	<color name="0% Transparent Bright Pink">ffe91e63</color>
	<color name="0% Transparent Dark Pink">ffd81b60</color>
	<color name="0% Transparent Deep Pink">ffc2185b</color>
	<color name="0% Transparent Dark Deep Pink">ffad1457</color>
	<color name="0% Transparent Very Dark Pink">ff880e4f</color>
	<color name="0% Transparent Light Hot Pink">ffff80ab</color>
	<color name="0% Transparent Hot Pink">ffff4081</color>
	<color name="0% Transparent Very Deep Pink">fff50057</color>
	<color name="0% Transparent Dark Magenta">ffc51162</color>		
	<color name="0% Transparent Very Light Deep Orange">fffbe9e7</color>
	<color name="0% Transparent Light Deep Orange">ffffccbc</color>
	<color name="0% Transparent Soft Deep Orange">ffffab91</color>
	<color name="0% Transparent Light Salmon Deep Orange">ffff8a65</color>
	<color name="0% Transparent Coral Deep Orange">ffff7043</color>
	<color name="0% Transparent Deep Orange">ffff5722</color>
	<color name="0% Transparent Dark Deep Orange">fff4511e</color>
	<color name="0% Transparent Deep Red Orange">ffe64a19</color>
	<color name="0% Transparent Very Deep Orange">ffd84315</color>
	<color name="0% Transparent Very Dark Deep Orange">ffbf360c</color>
	<color name="0% Transparent Light Coral Deep Orange">ffff9e80</color>
	<color name="0% Transparent Coral Deep Orange">ffff6e40</color>
	<color name="0% Transparent Very Deep Coral Orange">ffff3d00</color>
	<color name="0% Transparent Very Dark Coral Orange">ffdd2c00</color>
	<color name="0% Transparent Very Light Orange">fffff3e0</color>
	<color name="0% Transparent Light Orange">ffffe0b2</color>
	<color name="0% Transparent Soft Orange">ffffcc80</color>
	<color name="0% Transparent Light Yellow Orange">ffffb74d</color>
	<color name="0% Transparent Yellow Orange">ffffa726</color>
	<color name="0% Transparent Orange">ffff9800</color>
	<color name="0% Transparent Dark Orange">fffb8c00</color>
	<color name="0% Transparent Deep Orange">fff57c00</color>
	<color name="0% Transparent Very Deep Orange">ffef6c00</color>
	<color name="0% Transparent Very Dark Orange">ffe65100</color>
	<color name="0% Transparent Light Yellow Orange">ffffd180</color>
	<color name="0% Transparent Yellow Orange">ffffab40</color>
	<color name="0% Transparent Very Yellow Orange">ffff9100</color>
	<color name="0% Transparent Dark Yellow Orange">ffff6d00</color>		
	<color name="0% Transparent Very Light Amber">fffff8e1</color>
	<color name="0% Transparent Light Amber">ffffecb3</color>
	<color name="0% Transparent Soft Amber">ffffe082</color>
	<color name="0% Transparent Light Yellow Amber">ffffd54f</color>
	<color name="0% Transparent Yellow Amber">ffffca28</color>
	<color name="0% Transparent Amber">ffffc107</color>
	<color name="0% Transparent Dark Amber">ffffb300</color>
	<color name="0% Transparent Deep Amber">ffffa000</color>
	<color name="0% Transparent Dark Deep Amber">ffff8f00</color>
	<color name="0% Transparent Very Dark Amber">ffff6f00</color>
	<color name="0% Transparent Light Yellow Amber">ffffe57f</color>
	<color name="0% Transparent Yellow Amber">ffffd740</color>
	<color name="0% Transparent Very Yellow Amber">ffffc400</color>
	<color name="0% Transparent Dark Yellow Amber">ffffab00</color>
	<color name="0% Transparent Very Light Yellow">fffffde7</color>
	<color name="0% Transparent Light Yellow">fffff9c4</color>
	<color name="0% Transparent Soft Yellow">fffff59d</color>
	<color name="0% Transparent Light Yellow Green">fffff176</color>
	<color name="0% Transparent Yellow Green">ffffee58</color>
	<color name="0% Transparent Yellow">ffffeb3b</color>
	<color name="0% Transparent Dark Yellow">fffdd835</color>
	<color name="0% Transparent Deep Yellow">fffbc02d</color>
	<color name="0% Transparent Dark Deep Yellow">fff9a825</color>
	<color name="0% Transparent Very Dark Yellow">fff57f17</color>
	<color name="0% Transparent Light Yellow Green">ffffff8d</color>
	<color name="0% Transparent Yellow Green">ffffff00</color>
	<color name="0% Transparent Very Yellow Green">ffffea00</color>
	<color name="0% Transparent Dark Yellow Green">ffffd600</color>		
	<color name="0% Transparent Very Light Lime">fff9fbe7</color>
	<color name="0% Transparent Light Lime">fff0f4c3</color>
	<color name="0% Transparent Soft Lime">ffe6ee9c</color>
	<color name="0% Transparent Light Yellow Lime">ffdce775</color>
	<color name="0% Transparent Yellow Lime">ffd4e157</color>
	<color name="0% Transparent Lime">ffcddc39</color>
	<color name="0% Transparent Dark Lime">ffc0ca33</color>
	<color name="0% Transparent Deep Lime">ffafb42b</color>
	<color name="0% Transparent Dark Deep Lime">ff9e9d24</color>
	<color name="0% Transparent Very Dark Lime">ff827717</color>
	<color name="0% Transparent Light Yellow Lime">fff4ff81</color>
	<color name="0% Transparent Yellow Lime">ffeeff41</color>
	<color name="0% Transparent Very Yellow Lime">ffc6ff00</color>
	<color name="0% Transparent Dark Yellow Lime">ffaeea00</color>
	<color name="0% Transparent Very Light Light Green">fff1f8e9</color>
	<color name="0% Transparent Light Light Green">ffdcedc8</color>
	<color name="0% Transparent Soft Light Green">ffc5e1a5</color>
	<color name="0% Transparent Light Green">ffaed581</color>
	<color name="0% Transparent Yellow Green">ff9ccc65</color>
	<color name="0% Transparent Light Green">ff8bc34a</color>
	<color name="0% Transparent Dark Light Green">ff7cb342</color>
	<color name="0% Transparent Deep Light Green">ff689f38</color>
	<color name="0% Transparent Dark Deep Light Green">ff558b2f</color>
	<color name="0% Transparent Very Dark Light Green">ff33691e</color>
	<color name="0% Transparent Light Yellow Green">ffccff90</color>
	<color name="0% Transparent Yellow Green">ffb2ff59</color>
	<color name="0% Transparent Very Yellow Green">ff76ff03</color>
	<color name="0% Transparent Dark Yellow Green">ff64dd17</color>		
	<color name="0% Transparent Very Light Green">ffe8f5e9</color>
	<color name="0% Transparent Light Green">ffc8e6c9</color>
	<color name="0% Transparent Soft Green">ffa5d6a7</color>
	<color name="0% Transparent Light Green">ff81c784</color>
	<color name="0% Transparent Yellow Green">ff66bb6a</color>
	<color name="0% Transparent Green">ff4caf50</color>
	<color name="0% Transparent Dark Green">ff43a047</color>
	<color name="0% Transparent Deep Green">ff388e3c</color>
	<color name="0% Transparent Dark Deep Green">ff2e7d32</color>
	<color name="0% Transparent Very Dark Green">ff1b5e20</color>
	<color name="0% Transparent Light Green">ffb9f6ca</color>
	<color name="0% Transparent Bright Green">ff69f0ae</color>
	<color name="0% Transparent Very Bright Green">ff00e676</color>
	<color name="0% Transparent Dark Bright Green">ff00c853</color>
	<color name="0% Transparent Very Light Teal">ffe0f2f1</color>
	<color name="0% Transparent Light Teal">ffb2dfdb</color>
	<color name="0% Transparent Soft Teal">ff80cbc4</color>
	<color name="0% Transparent Light Teal">ff4db6ac</color>
	<color name="0% Transparent Yellow Teal">ff26a69a</color>
	<color name="0% Transparent Teal">ff009688</color>
	<color name="0% Transparent Dark Teal">ff00897b</color>
	<color name="0% Transparent Deep Teal">ff00796b</color>
	<color name="0% Transparent Dark Deep Teal">ff00695c</color>
	<color name="0% Transparent Very Dark Teal">ff004d40</color>
	<color name="0% Transparent Light Teal">ffa7ffeb</color>
	<color name="0% Transparent Bright Teal">ff64ffda</color>
	<color name="0% Transparent Very Bright Teal">ff1de9b6</color>
	<color name="0% Transparent Dark Bright Teal">ff00bfa5</color>		
	<color name="0% Transparent Very Light Cyan">ffe0f7fa</color>
	<color name="0% Transparent Light Cyan">ffb2ebf2</color>
	<color name="0% Transparent Soft Cyan">ff80deea</color>
	<color name="0% Transparent Light Cyan">ff4dd0e1</color>
	<color name="0% Transparent Yellow Cyan">ff26c6da</color>
	<color name="0% Transparent Cyan">ff00bcd4</color>
	<color name="0% Transparent Dark Cyan">ff00acc1</color>
	<color name="0% Transparent Deep Cyan">ff0097a7</color>
	<color name="0% Transparent Dark Deep Cyan">ff00838f</color>
	<color name="0% Transparent Very Dark Cyan">ff006064</color>
	<color name="0% Transparent Light Cyan">ff84ffff</color>
	<color name="0% Transparent Bright Cyan">ff18ffff</color>
	<color name="0% Transparent Very Bright Cyan">ff00e5ff</color>
	<color name="0% Transparent Dark Bright Cyan">ff00b8d4</color>
	<color name="0% Transparent Very Light Light Blue">ffe1f5fe</color>
	<color name="0% Transparent Light Light Blue">ffb3e5fc</color>
	<color name="0% Transparent Soft Light Blue">ff81d4fa</color>
	<color name="0% Transparent Light Light Blue">ff4fc3f7</color>
	<color name="0% Transparent Yellow Light Blue">ff29b6f6</color>
	<color name="0% Transparent Light Blue">ff03a9f4</color>
	<color name="0% Transparent Dark Light Blue">ff039be5</color>
	<color name="0% Transparent Deep Light Blue">ff0288d1</color>
	<color name="0% Transparent Dark Deep Light Blue">ff0277bd</color>
	<color name="0% Transparent Very Dark Light Blue">ff01579b</color>
	<color name="0% Transparent Light Light Blue">ff80d8ff</color>
	<color name="0% Transparent Bright Light Blue">ff40c4ff</color>
	<color name="0% Transparent Very Bright Light Blue">ff00b0ff</color>
	<color name="0% Transparent Dark Bright Light Blue">ff0091ea</color>		
	<color name="0% Transparent Very Light Blue">ffe3f2fd</color>
	<color name="0% Transparent Light Blue">ffbbdefb</color>
	<color name="0% Transparent Soft Blue">ff90caf9</color>
	<color name="0% Transparent Light Blue">ff64b5f6</color>
	<color name="0% Transparent Yellow Blue">ff42a5f5</color>
	<color name="0% Transparent Blue">ff2196f3</color>
	<color name="0% Transparent Dark Blue">ff1e88e5</color>
	<color name="0% Transparent Deep Blue">ff1976d2</color>
	<color name="0% Transparent Dark Deep Blue">ff1565c0</color>
	<color name="0% Transparent Very Dark Blue">ff0d47a1</color>
	<color name="0% Transparent Light Blue">ff82b1ff</color>
	<color name="0% Transparent Bright Blue">ff448aff</color>
	<color name="0% Transparent Very Bright Blue">ff2979ff</color>
	<color name="0% Transparent Dark Bright Blue">ff2962ff</color>
	<color name="0% Transparent Very Light Indigo">ffe8eaf6</color>
	<color name="0% Transparent Light Indigo">ffc5cae9</color>
	<color name="0% Transparent Soft Indigo">ff9fa8da</color>
	<color name="0% Transparent Light Indigo">ff7986cb</color>
	<color name="0% Transparent Yellow Indigo">ff5c6bc0</color>
	<color name="0% Transparent Indigo">ff3f51b5</color>
	<color name="0% Transparent Dark Indigo">ff3949ab</color>
	<color name="0% Transparent Deep Indigo">ff303f9f</color>
	<color name="0% Transparent Dark Deep Indigo">ff283593</color>
	<color name="0% Transparent Very Dark Indigo">ff1a237e</color>
	<color name="0% Transparent Light Indigo">ff8c9eff</color>
	<color name="0% Transparent Bright Indigo">ff536dfe</color>
	<color name="0% Transparent Very Bright Indigo">ff3d5afe</color>
	<color name="0% Transparent Dark Bright Indigo">ff304ffe</color>		
	<color name="0% Transparent Very Light Purple">fff3e5f5</color>
	<color name="0% Transparent Light Purple">ffe1bee7</color>
	<color name="0% Transparent Soft Purple">ffce93d8</color>
	<color name="0% Transparent Light Purple">ffba68c8</color>
	<color name="0% Transparent Yellow Purple">ffab47bc</color>
	<color name="0% Transparent Purple">ff9c27b0</color>
	<color name="0% Transparent Dark Purple">ff8e24aa</color>
	<color name="0% Transparent Deep Purple">ff7b1fa2</color>
	<color name="0% Transparent Dark Deep Purple">ff6a1b9a</color>
	<color name="0% Transparent Very Dark Purple">ff4a148c</color>
	<color name="0% Transparent Light Purple">ffea80fc</color>
	<color name="0% Transparent Bright Purple">ffe040fb</color>
	<color name="0% Transparent Very Bright Purple">ffd500f9</color>
	<color name="0% Transparent Dark Bright Purple">ffaa00ff</color>
	<color name="0% Transparent Very Light Deep Purple">ffede7f6</color>
	<color name="0% Transparent Light Deep Purple">ffd1c4e9</color>
	<color name="0% Transparent Soft Deep Purple">ffb39ddb</color>
	<color name="0% Transparent Light Deep Purple">ff9575cd</color>
	<color name="0% Transparent Yellow Deep Purple">ff7e57c2</color>
	<color name="0% Transparent Deep Purple">ff673ab7</color>
	<color name="0% Transparent Dark Deep Purple">ff5e35b1</color>
	<color name="0% Transparent Deep Indigo">ff512da8</color>
	<color name="0% Transparent Dark Deep Indigo">ff4527a0</color>
	<color name="0% Transparent Very Dark Deep Purple">ff311b92</color>
	<color name="0% Transparent Light Deep Purple">ffb388ff</color>
	<color name="0% Transparent Bright Deep Purple">ff7c4dff</color>
	<color name="0% Transparent Very Bright Deep Purple">ff651fff</color>
	<color name="0% Transparent Dark Bright Deep Purple">ff6200ea</color>		
	<color name="0% Transparent Very Light Blue Gray">ffeceff1</color>
	<color name="0% Transparent Light Blue Gray">ffcfd8dc</color>
	<color name="0% Transparent Soft Blue Gray">ffb0bec5</color>
	<color name="0% Transparent Light Blue Gray">ff90a4ae</color>
	<color name="0% Transparent Yellow Blue Gray">ff78909c</color>
	<color name="0% Transparent Blue Gray">ff607d8b</color>
	<color name="0% Transparent Dark Blue Gray">ff546e7a</color>
	<color name="0% Transparent Deep Blue Gray">ff455a64</color>
	<color name="0% Transparent Dark Deep Blue Gray">ff37474f</color>
	<color name="0% Transparent Very Dark Blue Gray">ff263238</color>
	<color name="0% Transparent Black">ff000000</color>
	<color name="75% Transparent Black">c0000000</color>
	<color name="50% Transparent Black">81000000</color>
	<color name="25% Transparent Black">41000000</color>
	<color name="0% Transparent Very Light Gray">fffafafa</color>
	<color name="0% Transparent Light Gray">fff5f5f5</color>
	<color name="0% Transparent Soft Gray">ffeeeeee</color>
	<color name="0% Transparent Light Gray">ffe0e0e0</color>
	<color name="0% Transparent Yellow Gray">ffbdbdbd</color>
	<color name="0% Transparent Gray">ff9e9e9e</color>
	<color name="0% Transparent Dark Gray">ff757575</color>
	<color name="0% Transparent Deep Gray">ff616161</color>
	<color name="0% Transparent Dark Deep Gray">ff424242</color>
	<color name="0% Transparent Very Dark Gray">ff212121</color>
	<color name="0% Transparent White">ffffffff</color>
	<color name="75% Transparent White">c0ffffff</color>
	<color name="50% Transparent White">81ffffff</color>
	<color name="25% Transparent White">41ffffff</color>
	<color name="0% Transparent Beige">ffefebe9</color>
	<color name="0% Transparent Light Brown">ffd7ccc8</color>
	<color name="0% Transparent Soft Brown">ffbcaaa4</color>
	<color name="0% Transparent Light Brown">ffa1887f</color>
	<color name="0% Transparent Yellow Brown">ff8d6e63</color>
	<color name="0% Transparent Brown">ff795548</color>
	<color name="0% Transparent Dark Brown">ff6d4c41</color>
	<color name="0% Transparent Deep Brown">ff5d4037</color>
	<color name="0% Transparent Dark Deep Brown">ff4e342e</color>
	<color name="0% Transparent Very Dark Brown">ff3e2723</color>
	<color name="0% Transparent Gray">ff7f7f7f</color>
	<color name="75% Transparent Gray">c07f7f7f</color>
	<color name="50% Transparent Gray">817f7f7f</color>
	<color name="25% Transparent Gray">417f7f7f</color>
</colors>