<?xml version="1.0" encoding="utf-8"?>
<window>
	<defaultcontrol always="true">90001</defaultcontrol>
	<onload>ClearProperty(skinshortcuts-Widget,Home)</onload>
	<onload>ClearProperty(skinshortcuts-CoverBackground,Home)</onload>
	<onunload>ClearProperty(skinshortcuts-Widget,Home)</onunload>
	<onunload>ClearProperty(skinshortcuts-CoverBackground,Home)</onunload>
	<!-- <onunload>ClearProperty(skinshortcuts-management-widget,10000)</onunload> -->
	<onunload condition="Window.IsActive(home)">SetProperty(skinshortcuts-build,1,Home)</onunload>
	<onunload>ClearProperty(WidgetFocus1,Home)</onunload>
	<onunload>ClearProperty(WidgetFocus2,Home)</onunload>
	<onunload>ClearProperty(WidgetFocus3,Home)</onunload>
	<onunload>ClearProperty(WidgetFocus4,Home)</onunload>
	<onunload>ClearProperty(WidgetFocus5,Home)</onunload>
	<onunload>ClearProperty(WidgetFocus6,Home)</onunload>
	<onunload>ClearProperty(WidgetFocus7,Home)</onunload>
	<onunload>ClearProperty(WidgetFocus8,Home)</onunload>
	<onunload>ClearProperty(WidgetFocus9,Home)</onunload>
	<onunload>ClearProperty(WidgetFocus10,Home)</onunload>
	<onunload>ClearProperty(WidgetFocus11,Home)</onunload>
	<onunload>ClearProperty(WidgetFocus12,Home)</onunload>
	<onunload>ClearProperty(WidgetFocus13,Home)</onunload>
	<onunload>ClearProperty(WidgetFocus14,Home)</onunload>
	<onunload>ClearProperty(WidgetFocus15,Home)</onunload>
	<onunload>ClearProperty(WidgetFocus16,Home)</onunload>
	<onunload>ClearProperty(WidgetFocus17,Home)</onunload>
	<onunload>ClearProperty(WidgetFocus18,Home)</onunload>
	<onunload>ClearProperty(WidgetFocus19,Home)</onunload>
	<onunload>ClearProperty(WidgetFocus20,Home)</onunload>
	<onunload>ClearProperty(WidgetFocus21,Home)</onunload>
	<onunload>ClearProperty(WidgetFocus22,Home)</onunload>
	<onunload>ClearProperty(WidgetFocus23,Home)</onunload>
	<onunload>ClearProperty(WidgetFocus24,Home)</onunload>
	<onunload>ClearProperty(WidgetFocus25,Home)</onunload>
	<onunload>ClearProperty(WidgetFocus26,Home)</onunload>
	<onunload>ClearProperty(WidgetFocus27,Home)</onunload>
	<onunload>ClearProperty(WidgetFocus28,Home)</onunload>
	<onunload>ClearProperty(WidgetFocus29,Home)</onunload>
	<onunload>ClearProperty(WidgetFocus30,Home)</onunload>
	<onunload>ClearProperty(WidgetFocus31,Home)</onunload>
	<onunload>ClearProperty(WidgetFocus32,Home)</onunload>
	<controls>
		<control type="group">
			<visible>String.IsEmpty(Window.Property(additionalDialog))</visible>
			<include condition="Window.IsActive(home)">AnimationDialogPopupWindow</include>
			<include content="PanelSide">
				<param name="reflect">false</param>
				<param name="visible">Window.IsActive(home)</param>
			</include>
			<!-- Left Content -->
			<control type="label">
				<label>$VAR[SkinShortcutsLeftLabelVar]</label>
				<include>SettingsLeftLabel</include>
			</control>
			<control type="list" id="211">
				<top>200</top>
				<left>100</left>
				<width>324</width>
				<height>612</height>
				<onright condition="String.IsEmpty(Window(Home).Property(skinshortcuts-Widget))">90001</onright>
				<onright condition="String.IsEqual(Window(Home).Property(skinshortcuts-Widget),1)">8011</onright>
				<onright condition="String.IsEqual(Window(Home).Property(skinshortcuts-Widget),2)">8012</onright>
				<onright condition="String.IsEqual(Window(Home).Property(skinshortcuts-Widget),3)">8013</onright>
				<onright condition="String.IsEqual(Window(Home).Property(skinshortcuts-Widget),4)">8014</onright>
				<onright condition="String.IsEqual(Window(Home).Property(skinshortcuts-Widget),5)">8015</onright>
				<onright condition="String.IsEqual(Window(Home).Property(skinshortcuts-Widget),6)">8016</onright>
				<itemlayout height="67">
					<control type="label">
						<visible>!String.Contains(Skin.String(MainMenuLayout),icons) + !String.IsEqual(Window.Property(groupname),shortcuts)</visible>
						<left>25</left>
						<width>273</width>
						<font>Font36_Reg</font>
						<label>$INFO[ListItem.Label]</label>
						<textcolor>$VAR[PanelSubTextColorVar]</textcolor>
					</control>
					<control type="label">
						<visible>String.Contains(Skin.String(MainMenuLayout),icons) | String.IsEqual(Window.Property(groupname),shortcuts)</visible>
						<left>25</left>
						<width>220</width>
						<font>Font36_Reg</font>
						<label>$INFO[ListItem.Label]</label>
						<textcolor>$VAR[PanelSubTextColorVar]</textcolor>
					</control>
					<control type="image">
						<visible>String.Contains(Skin.String(MainMenuLayout),icons) | String.IsEqual(Window.Property(groupname),shortcuts)</visible>
						<top>9</top>
						<left>248</left>
						<width>50</width>
						<height>50</height>
						<texture>$INFO[ListItem.Icon]</texture>
					</control>
				</itemlayout>
				<focusedlayout height="67">
					<control type="image">
						<texture border="10" colordiffuse="$VAR[PanelHighlightColorVar]">buttons/list-select-focus.png</texture>
						<animation effect="fade" start="100" end="50" time="40" condition="!Control.HasFocus(211)">Conditional</animation>
					</control>
					<control type="label">
						<visible>!String.Contains(Skin.String(MainMenuLayout),icons) + !String.IsEqual(Window.Property(groupname),shortcuts)</visible>
						<left>25</left>
						<width>273</width>
						<font>Font36_Reg</font>
						<label>$INFO[ListItem.Label]</label>
						<textcolor>$VAR[PanelFocusTextColorVar]</textcolor>
					</control>
					<control type="label">
						<visible>String.Contains(Skin.String(MainMenuLayout),icons) | String.IsEqual(Window.Property(groupname),shortcuts)</visible>
						<left>25</left>
						<width>220</width>
						<font>Font36_Reg</font>
						<label>$INFO[ListItem.Label]</label>
						<textcolor>$VAR[PanelFocusTextColorVar]</textcolor>
					</control>
					<control type="image">
						<visible>String.Contains(Skin.String(MainMenuLayout),icons) | String.IsEqual(Window.Property(groupname),shortcuts)</visible>
						<top>9</top>
						<left>248</left>
						<width>50</width>
						<height>50</height>
						<texture>$INFO[ListItem.Icon]</texture>
					</control>
				</focusedlayout>
			</control>
			<!-- Right Content -->
			<control type="label">
				<label>$INFO[Control.GetLabel(211)]</label>
				<include>SettingsRightLabel</include>
			</control>
			<control type="image">
				<visible>ControlGroup(90000).HasFocus</visible>
				<top>200</top>
				<left>425</left>
				<height>67</height>
				<width>1395</width>
				<texture border="10" colordiffuse="$VAR[PanelHighlightColorVar]">buttons/list-select-focus.png</texture>
			</control>
			<control type="image">
				<visible>!ControlGroup(90000).HasFocus</visible>
				<top>200</top>
				<left>425</left>
				<height>67</height>
				<width>1395</width>
				<texture border="30" colordiffuse="$VAR[PanelListSeparatorColorVar]">buttons/list-select-nofocus.png</texture>
			</control>
			<control type="grouplist" id="90000">
				<visible>String.IsEmpty(Window(Home).Property(skinshortcuts-Widget)) + String.IsEmpty(Window(Home).Property(skinshortcuts-CoverBackground))</visible>
				<top>200</top>
				<left>445</left>
				<width>1335</width>
				<height>67</height>
				<onleft>211</onleft>
				<onup>506</onup>
				<ondown>401</ondown>
				<orientation>horizontal</orientation>
				<control type="button" id="303">
					<description>Move up</description>
					<texturefocus/>
					<texturenofocus/>
					<width>67</width>
					<align>center</align>
					<font>Font40_Icon</font>
					<label></label>
				</control>
				<control type="button" id="304">
					<description>Move down</description>
					<texturefocus/>
					<texturenofocus/>
					<width>67</width>
					<align>center</align>
					<font>Font40_Icon</font>
					<label></label>
				</control>
				<control type="button" id="301">
					<description>Add shortcut</description>
					<texturefocus/>
					<texturenofocus/>
					<width>67</width>
					<align>center</align>
					<font>Font40_Icon</font>
					<label></label>
				</control>
				<control type="button" id="302">
					<description>Delete shortcut</description>
					<texturefocus/>
					<texturenofocus/>
					<width>67</width>
					<align>center</align>
					<font>Font40_Icon</font>
					<label></label>
				</control>
				<control type="button" id="308">
					<description>Reset/Restore</description>
					<texturefocus/>
					<texturenofocus/>
					<width>67</width>
					<align>center</align>
					<font>Font40_Icon</font>
					<label></label>
				</control>
				<control type="label">
					<width>16</width>
				</control>
				<control type="label">
					<label>$VAR[SkinShortcutLabelVar]</label>
					<textcolor>$VAR[PanelFocusTextColorVar]</textcolor>
				</control>
			</control>
			<control type="grouplist" id="90001">
				<visible>String.IsEmpty(Window(Home).Property(skinshortcuts-Widget)) + String.IsEmpty(Window(Home).Property(skinshortcuts-CoverBackground))</visible>
				<top>267</top>
				<left>425</left>
				<width>1395</width>
				<height>670</height>
				<onleft>211</onleft>
				<onright>60</onright>
				<onup>90000</onup>
				<ondown>90000</ondown>
				<pagecontrol>60</pagecontrol>
				<control type="button" id="401">
					<description>Choose shortcut</description>
					<label>$ADDON[script.skinshortcuts 32048]</label>
					<include>SettingsButton</include>
				</control>
				<control type="button" id="305">
					<description>Change label</description>
					<label>$ADDON[script.skinshortcuts 32025]</label>
					<label2>$INFO[Container(211).ListItem.Label]</label2>
					<include>SettingsButton</include>
				</control>
				<control type="button" id="307">
					<description>Change action</description>
					<label>$ADDON[script.skinshortcuts 32027]</label>
					<label2>$INFO[Container(211).ListItem.Property(displaypath)]</label2>
					<include>SettingsButton</include>
				</control>
				<control type="button" id="405">
					<description>Edit submenu</description>
					<label>$ADDON[script.skinshortcuts 32072]</label>
					<visible>String.IsEqual(Window.Property(groupname),mainmenu)</visible>
					<include>SettingsButton</include>
				</control>
				<control type="button" id="310">
					<description>Background</description>
					<label>$ADDON[script.skinshortcuts 32045]</label>
					<label2>$INFO[Container(211).ListItem.Property(backgroundName)]</label2>
					<visible>!String.IsEqual(Window.Property(groupname),shortcuts)</visible>
					<include>SettingsButton</include>
				</control>
				<control type="button" id="511">
					<visible>!String.IsEqual(Window.Property(groupname),shortcuts) + String.IsEqual(Container(211).ListItem.Property(background),cover)</visible>
					<description>Cover background settings</description>
					<label>$LOCALIZE[31374]</label>
					<onfocus condition="!String.IsEmpty(Window(Home).Property(skinshortcuts-CoverBackground))">ClearProperty(skinshortcuts-CoverBackground,Home)</onfocus>
					<onclick>SetProperty(skinshortcuts-CoverBackground,1,Home)</onclick>
					<onclick>Control.SetFocus(8092)</onclick>
					<include>SettingsButton</include>
				</control>
				<control type="button" id="500">
					<visible>String.IsEqual(Window.Property(groupname),mainmenu)</visible>
					<description>Choose infoline</description>
					<label>$LOCALIZE[31050]</label>
					<label2>$VAR[InfoLineLabelVar]</label2>
					<visible>String.IsEqual(Window.Property(groupname),mainmenu)</visible>
					<onclick>SetProperty(chooseProperty,InfoLine)</onclick>
					<onclick>SendClick(404)</onclick>
					<include>SettingsButton</include>
				</control>
				<control type="button" id="306">
					<visible>[String.IsEqual(Window.Property(groupname),mainmenu) + String.Contains(Skin.String(MainMenuLayout),icons)] | String.IsEqual(Window.Property(groupname),shortcuts)</visible>
					<description>Background</description>
					<label>$LOCALIZE[31061]</label>
					<label2>$INFO[Container(211).ListItem.Property(icon)]</label2>
					<include>SettingsButton</include>
				</control>
				<control type="button" id="501">
					<visible>String.IsEqual(Window.Property(groupname),mainmenu)</visible>
					<description>$LOCALIZE[31289] 1</description>
					<label>$ADDON[script.skinshortcuts 32044] 1</label>
					<label2>$INFO[Container(211).ListItem.Property(widgetName.1)]</label2>
					<onfocus condition="!String.IsEmpty(Window(Home).Property(skinshortcuts-Widget))">ClearProperty(skinshortcuts-Widget,Home)</onfocus>
					<onclick>SetProperty(skinshortcuts-Widget,1,Home)</onclick>
					<onclick>Control.SetFocus(8012)</onclick>
					<include>SettingsButton</include>
				</control>
				<control type="button" id="502">
					<visible>String.IsEqual(Window.Property(groupname),mainmenu) + !String.IsEmpty(Container(211).ListItem.Property(widgetPath.1))</visible>
					<description>$LOCALIZE[31289] 2</description>
					<label>$ADDON[script.skinshortcuts 32044] 2</label>
					<label2>$INFO[Container(211).ListItem.Property(widgetName.2)]</label2>
					<onfocus condition="!String.IsEmpty(Window(Home).Property(skinshortcuts-Widget))">ClearProperty(skinshortcuts-Widget,Home)</onfocus>
					<onclick>SetProperty(skinshortcuts-Widget,2,Home)</onclick>
					<onclick>Control.SetFocus(8022)</onclick>
					<include>SettingsButton</include>
				</control>
				<control type="button" id="503">
					<visible>String.IsEqual(Window.Property(groupname),mainmenu) + !String.IsEmpty(Container(211).ListItem.Property(widgetPath.1)) + !String.IsEmpty(Container(211).ListItem.Property(widgetPath.2))</visible>
					<description>$LOCALIZE[31289] 3</description>
					<label>$ADDON[script.skinshortcuts 32044] 3</label>
					<label2>$INFO[Container(211).ListItem.Property(widgetName.3)]</label2>
					<onfocus condition="!String.IsEmpty(Window(Home).Property(skinshortcuts-Widget))">ClearProperty(skinshortcuts-Widget,Home)</onfocus>
					<onclick>SetProperty(skinshortcuts-Widget,3,Home)</onclick>
					<onclick>Control.SetFocus(8032)</onclick>
					<include>SettingsButton</include>
				</control>
				<control type="button" id="504">
					<visible>String.IsEqual(Window.Property(groupname),mainmenu) + !String.IsEmpty(Container(211).ListItem.Property(widgetPath.1)) + !String.IsEmpty(Container(211).ListItem.Property(widgetPath.2)) + !String.IsEmpty(Container(211).ListItem.Property(widgetPath.3))</visible>
					<description>$LOCALIZE[31289] 4</description>
					<label>$ADDON[script.skinshortcuts 32044] 4</label>
					<label2>$INFO[Container(211).ListItem.Property(widgetName.4)]</label2>
					<onfocus condition="!String.IsEmpty(Window(Home).Property(skinshortcuts-Widget))">ClearProperty(skinshortcuts-Widget,Home)</onfocus>
					<onclick>SetProperty(skinshortcuts-Widget,4,Home)</onclick>
					<onclick>Control.SetFocus(8042)</onclick>
					<include>SettingsButton</include>
				</control>
				<control type="button" id="505">
					<visible>String.IsEqual(Window.Property(groupname),mainmenu) + !String.IsEmpty(Container(211).ListItem.Property(widgetPath.1)) + !String.IsEmpty(Container(211).ListItem.Property(widgetPath.2)) + !String.IsEmpty(Container(211).ListItem.Property(widgetPath.3)) + !String.IsEmpty(Container(211).ListItem.Property(widgetPath.4))</visible>
					<description>$LOCALIZE[31289] 5</description>
					<label>$ADDON[script.skinshortcuts 32044] 5</label>
					<label2>$INFO[Container(211).ListItem.Property(widgetName.5)]</label2>
					<onfocus condition="!String.IsEmpty(Window(Home).Property(skinshortcuts-Widget))">ClearProperty(skinshortcuts-Widget,Home)</onfocus>
					<onclick>SetProperty(skinshortcuts-Widget,5,Home)</onclick>
					<onclick>Control.SetFocus(8052)</onclick>
					<include>SettingsButton</include>
				</control>
				<control type="button" id="506">
					<visible>String.IsEqual(Window.Property(groupname),mainmenu) + !String.IsEmpty(Container(211).ListItem.Property(widgetPath.1)) + !String.IsEmpty(Container(211).ListItem.Property(widgetPath.2)) + !String.IsEmpty(Container(211).ListItem.Property(widgetPath.3)) + !String.IsEmpty(Container(211).ListItem.Property(widgetPath.4)) + !String.IsEmpty(Container(211).ListItem.Property(widgetPath.5)) + !String.IsEmpty(Container(211).ListItem.Property(widgetPath.1))</visible>
					<description>$LOCALIZE[31289] 6</description>
					<label>$ADDON[script.skinshortcuts 32044] 6</label>
					<label2>$INFO[Container(211).ListItem.Property(widgetName.6)]</label2>
					<onfocus condition="!String.IsEmpty(Window(Home).Property(skinshortcuts-Widget))">ClearProperty(skinshortcuts-Widget,Home)</onfocus>
					<onclick>SetProperty(skinshortcuts-Widget,6,Home)</onclick>
					<onclick>Control.SetFocus(8062)</onclick>
					<include>SettingsButton</include>
				</control>
			</control>
		</control>
		<!-- Cover background settings -->
		<control type="group">
			<visible>String.IsEqual(Window(Home).Property(skinshortcuts-CoverBackground),1) + String.IsEmpty(Window.Property(additionalDialog))</visible>
			<control type="button" id="809">
				<include>FullScreenDimensions</include>
				<onclick>back</onclick>
				<texturefocus/>
				<texturenofocus/>
			</control>
			<control type="grouplist" id="8091">
				<top>200</top>
				<left>425</left>
				<width>1395</width>
				<height>670</height>
				<control type="radiobutton" id="8092">
					<label>$LOCALIZE[31084]</label>
					<onclick condition="!String.IsEmpty(Container(211).ListItem.Property(covercase))">SetProperty(customProperty,covercase)</onclick>
					<onclick condition="String.IsEmpty(Container(211).ListItem.Property(covercase))">SetProperty(customProperty,covercase)</onclick>
					<onclick condition="String.IsEmpty(Container(211).ListItem.Property(covercase))">SetProperty(customValue,true)</onclick>
					<onclick>SendClick(404)</onclick>
					<selected>!String.IsEmpty(Container(211).ListItem.Property(covercase))</selected>
					<include>SettingsButton</include>
				</control>
				<control type="button" id="8093">
					<label>$LOCALIZE[33068]</label>
					<label2>$VAR[BackgroundCoverLabelVar]</label2>
					<include>SettingsButton</include>
				</control>
				<control type="button" id="8094">
					<label>$LOCALIZE[580]</label>
					<label2>$VAR[BackgroundSortDirectionLabelVar]</label2>
					<include>SettingsButton</include>
				</control>
				<control type="button" id="8095">
					<label>$LOCALIZE[581]</label>
					<label2>$VAR[BackgroundSortOrderLabelVar]</label2>
					<include>SettingsButton</include>
				</control>
			</control>
		</control>
		<!-- Widget 1 settings -->
		<control type="group">
			<visible>String.IsEqual(Window(Home).Property(skinshortcuts-Widget),1)</visible>
			<include content="WidgetSelect">
				<param name="id">1</param>
			</include>
		</control>
		<!-- Widget 2 settings -->
		<control type="group">
			<visible>String.IsEqual(Window(Home).Property(skinshortcuts-Widget),2)</visible>
			<include content="WidgetSelect">
				<param name="id">2</param>
			</include>
		</control>
		<!-- Widget 3 settings -->
		<control type="group">
			<visible>String.IsEqual(Window(Home).Property(skinshortcuts-Widget),3)</visible>
			<include content="WidgetSelect">
				<param name="id">3</param>
			</include>
		</control>
		<!-- Widget 4 settings -->
		<control type="group">
			<visible>String.IsEqual(Window(Home).Property(skinshortcuts-Widget),4)</visible>
			<include content="WidgetSelect">
				<param name="id">4</param>
			</include>
		</control>
		<!-- Widget 5 settings -->
		<control type="group">
			<visible>String.IsEqual(Window(Home).Property(skinshortcuts-Widget),5)</visible>
			<include content="WidgetSelect">
				<param name="id">5</param>
			</include>
		</control>
		<!-- Widget 6 settings -->
		<control type="group">
			<visible>String.IsEqual(Window(Home).Property(skinshortcuts-Widget),6)</visible>
			<include content="WidgetSelect">
				<param name="id">6</param>
			</include>
		</control>
		<!-- 312, for setting widget -->
		<control type="button" id="312">
			<visible>False</visible>
			<include>HiddenObject</include>
		</control>
		<!-- 404, for setting custom property -->
		<control type="button" id="404">
			<visible>False</visible>
			<include>HiddenObject</include>
		</control>
		<!-- Unused Controls -->
		<control type="button" id="111">
			<visible>False</visible>
			<include>HiddenObject</include>
		</control>
		<control type="button" id="306">
			<visible>False</visible>
			<include>HiddenObject</include>
		</control>
		<control type="button" id="309">
			<visible>False</visible>
			<include>HiddenObject</include>
		</control>
		<control type="button" id="310">
			<visible>False</visible>
			<include>HiddenObject</include>
		</control>
	</controls>
</window>