<?xml version="1.0" encoding="utf-8"?>
<window id="1115" type="dialog">
	<defaultcontrol always="true">100</defaultcontrol>
	<onunload>ClearProperty(MediaMenuSelect,home)</onunload>
	<controls>
		<control type="group">
			<visible>!Window.IsActive(DialogSelect.xml) + !Window.IsActive(1110) + !Window.IsActive(1111) + !Window.IsActive(filebrowser)</visible>
			<left>-490</left>
			<include content="AnimationDialogMediaMenuWindow">
				<param name="slide">490</param>
			</include>
			<include content="AnimationDialogMediaMenuVisible">
				<param name="slide">490</param>
			</include>
			<include content="MediaMenuBackground">
				<param name="width">490</param>
				<param name="left">470</param>
			</include>
			<control type="grouplist" id="100">
				<width>470</width>
				<height>1020</height>
				<pagecontrol>60</pagecontrol>
				<onright>Dialog.Close(1115)</onright>
				<onback>Dialog.Close(1115)</onback>
				<include>ContainerScrollTime</include>
				<include condition="String.IsEqual(Container.Viewmode,$LOCALIZE[31238])">View50SettingsCoverList</include>
				<include condition="String.IsEqual(Container.Viewmode,$LOCALIZE[31215])">View51SettingsSimpleList</include>
				<include condition="String.IsEqual(Container.Viewmode,$LOCALIZE[31219])">View53SettingsInfoList1</include>
				<include condition="String.IsEqual(Container.Viewmode,$LOCALIZE[31221])">View54SettingsInfoList2</include>
				<include condition="String.IsEqual(Container.Viewmode,$LOCALIZE[31223])">View55SettingsLowList</include>
				<include condition="String.IsEqual(Container.Viewmode,$LOCALIZE[31225])">View56Settings3Panel</include>
				<include condition="String.IsEqual(Container.Viewmode,$LOCALIZE[31233])">View57Settings3PanelSquare</include>
				<include condition="String.IsEqual(Container.Viewmode,$LOCALIZE[31071])">View58SettingsRightList</include>
				<include condition="String.IsEqual(Container.Viewmode,$LOCALIZE[31239])">View500SettingsPortrait</include>
				<include condition="String.IsEqual(Container.Viewmode,$LOCALIZE[31241])">View501SettingsSquare</include>
				<include condition="String.IsEqual(Container.Viewmode,$LOCALIZE[31242])">View502SettingsBanner</include>
				<include condition="String.IsEqual(Container.Viewmode,$LOCALIZE[31243])">View503SettingsLandscape</include>
				<include condition="String.IsEqual(Container.Viewmode,$LOCALIZE[31245])">View504SettingsFocus</include>
				<include condition="String.IsEqual(Container.Viewmode,$LOCALIZE[31258])">View505SettingsFocusSquare</include>
				<include condition="String.IsEqual(Container.Viewmode,$LOCALIZE[31246])">View506SettingsCascade</include>
				<include condition="String.IsEqual(Container.Viewmode,$LOCALIZE[31263])">View507SettingsCascadeSquare</include>
				<include condition="String.IsEqual(Container.Viewmode,$LOCALIZE[31230])">View508SettingsShowcase</include>
				<include condition="String.IsEqual(Container.Viewmode,$LOCALIZE[31264])">View509SettingsShowcaseSquare</include>
				<include condition="String.IsEqual(Container.Viewmode,$LOCALIZE[31247])">View510SettingsKodiFlix</include>
				<include condition="String.IsEqual(Container.Viewmode,$LOCALIZE[31262])">View511SettingsKodiFlixSquare</include>
				<include condition="String.IsEqual(Container.Viewmode,$LOCALIZE[31265])">View512SettingsKodiFlixLandscape</include>
				<include condition="String.IsEqual(Container.Viewmode,$LOCALIZE[31248])">View520SettingsPortraitIcon</include>
				<include condition="String.IsEqual(Container.Viewmode,$LOCALIZE[31260])">View521SettingsSquareIcon</include>
				<include condition="String.IsEqual(Container.Viewmode,$LOCALIZE[31249])">View522SettingsBannerIcon</include>
				<include condition="String.IsEqual(Container.Viewmode,$LOCALIZE[31250])">View523SettingsLandscapeIcon</include>
				<include condition="String.IsEqual(Container.Viewmode,$LOCALIZE[31251])">View530SettingsPortraitIconInfo</include>
				<include condition="String.IsEqual(Container.Viewmode,$LOCALIZE[31261])">View531SettingsSquareIconInfo</include>
				<include condition="String.IsEqual(Container.Viewmode,$LOCALIZE[31252])">View532SettingsBannerIconInfo</include>
				<include condition="String.IsEqual(Container.Viewmode,$LOCALIZE[31253])">View533SettingsLandscapeIconInfo</include>
				<include condition="String.IsEqual(Container.Viewmode,$LOCALIZE[31254])">View540SettingsPortraitWall</include>
				<include condition="String.IsEqual(Container.Viewmode,$LOCALIZE[31255])">View541SettingsSquareWall</include>
				<include condition="String.IsEqual(Container.Viewmode,$LOCALIZE[31256])">View542SettingsBannerWall</include>
				<include condition="String.IsEqual(Container.Viewmode,$LOCALIZE[31257])">View543SettingsLandscapeWall</include>
				<include condition="Window.IsVisible(1112)">ViewCustom1112Search</include>
				<include condition="Window.IsVisible(1114)">ViewCustom1114Addons</include>
				<include condition="Window.IsVisible(1102)">ViewCustom1102NextAired</include>
				<include condition="Window.IsVisible(musicplaylisteditor)">ViewMusicPlaylistEditor</include>
				<include condition="Window.IsVisible(home) + String.IsEqual(Window(home).Property(MediaMenuSelect),menu)">MediaMenuViewsettingsMenuHome</include>
				<include condition="Window.IsVisible(home) + String.IsEqual(Window(home).Property(MediaMenuSelect),info)">MediaMenuViewsettingsInfoHome</include>
				<include condition="Window.IsVisible(home) + String.IsEqual(Window(home).Property(MediaMenuSelect),nowplaying)">MediaMenuViewsettingsNowPlayingHome</include>
				<include condition="Window.IsVisible(home) + String.IsEqual(Window(home).Property(MediaMenuSelect),background)">MediaMenuViewsettingsBackgroundHome</include>
				<include condition="Window.IsVisible(home) + String.IsEqual(Window(home).Property(MediaMenuSelect),colors)">MediaMenuViewsettingsColorsHome</include>
				<include condition="$EXP[AreaVisibleVideos]">MediaMenuCommonViewsettingsVideos</include>
				<include condition="$EXP[AreaVisibleMusic]">MediaMenuCommonViewsettingsMusic</include>
				<include condition="Window.IsVisible(games)">MediaMenuViewsettingsGames</include>
				<include condition="Window.IsVisible(pictures)">MediaMenuViewsettingsPictures</include>
				<include condition="$EXP[AreaVisibleAddons]">MediaMenuViewsettingsAddons</include>
				<include condition="Window.IsVisible(weather)">MediaMenuViewsettingsWeather</include>
				<include condition="Window.IsActive(settings) | Window.IsActive(SettingsCategory.xml) | Window.IsActive(profiles) |  Window.IsActive(skinsettings) | Window.IsActive(eventlog) | Window.IsActive(systeminfo) | Window.IsActive(filemanager) | Window.IsActive(script-skinshortcuts.xml)">MediaMenuViewsettingsSystem</include>
			</control>
			<control type="group">
				<visible>Container(100).HasNext | Container(100).HasPrevious</visible>
				<top>1020</top>
				<width>235</width>
				<height>60</height>
				<control type="scrollbar" id="60">
					<include>HiddenObject</include>
				</control>
				<control type="button">
					<width>235</width>
					<label></label>
					<align>center</align>
					<font>Font60_Icon</font>
					<onclick>PageUp(60)</onclick>
					<textcolor>$VAR[PanelTextColorVar]</textcolor>
					<focusedcolor>$VAR[PanelFocusTextColorVar]</focusedcolor>
					<texturefocus border="10" colordiffuse="$VAR[PanelHighlightColorVar]">buttons/list-select-focus.png</texturefocus>
					<texturenofocus/>
				</control>
				<control type="button">
					<left>235</left>
					<width>235</width>
					<label></label>
					<align>center</align>
					<font>Font60_Icon</font>
					<onclick>PageDown(60)</onclick>
					<textcolor>$VAR[PanelTextColorVar]</textcolor>
					<focusedcolor>$VAR[PanelFocusTextColorVar]</focusedcolor>
					<texturefocus border="10" colordiffuse="$VAR[PanelHighlightColorVar]">buttons/list-select-focus.png</texturefocus>
					<texturenofocus/>
				</control>
			</control>
		</control>
	</controls>
</window>