<?xml version="1.0" encoding="utf-8"?>
<window type="window" id="1112">
	<defaultcontrol always="true">8000</defaultcontrol>
	<onload condition="String.IsEmpty(Skin.String(SearchTerm))">AlarmClock(Search,Action(Close),00:01,silent)</onload>
	<onload condition="System.AddonIsEnabled(plugin.video.themoviedb.helper)">SetProperty(TMDbHelper.WidgetContainer,8002,home)</onload>
	<onunload>ClearProperty(TMDbHelper.WidgetContainer,home)</onunload>
	<menucontrol>9050</menucontrol>
	<controls>
		<control type="group">
			<visible>!String.IsEmpty(Skin.String(SearchTerm))</visible>
			<!-- Background -->
			<include content="BackgroundDefault">
				<param name="imagepath">$VAR[SearchBackgroundVar]</param>
				<param name="animatedfanart">Skin.HasSetting(SearchAnimatedFanart)</param>
			</include>
			<!-- Background fade -->
			<control type="image">
				<width>1300</width>
				<texture colordiffuse="ff000000">panels/kodiflix-gradient.png</texture>
			</control>
			<control type="group">
				<include>AnimationZoomWindow</include>
				<!-- Content -->
				<control type="grouplist" id="8000">
					<animation effect="slide" end="0,-40" time="240" condition="Skin.HasSetting(SearchHideTopBar)">Conditional</animation>
					<top>70</top>
					<height>1080</height>
					<itemgap>-170</itemgap>
					<include>ContainerScrollTime</include>
					<usecontrolcoords>true</usecontrolcoords>
					<!-- Movies -->
					<include content="Custom1112SearchInfoContainer">
						<param name="id">8001</param>
						<param name="label">$LOCALIZE[342]</param>
					</include>
					<include content="Custom1112PortraitSearchContainer">
						<param name="id">8001</param>
						<param name="content">videodb://movies/titles/?xsp=%7B%22order%22%3A%7B%22direction%22%3A%22ascending%22%2C%22ignorefolders%22%3A0%2C%22method%22%3A%22sorttitle%22%7D%2C%22rules%22%3A%7B%22and%22%3A%5B%7B%22field%22%3A%22title%22%2C%22operator%22%3A%22contains%22%2C%22value%22%3A%5B%22$INFO[Skin.String(SearchTerm)]%22%5D%7D%5D%7D%2C%22type%22%3A%22movies%22%7D</param>
					</include>
					<!-- TV Shows -->
					<include content="Custom1112SearchInfoContainer">
						<param name="id">8002</param>
						<param name="label">$LOCALIZE[20343]</param>
					</include>
					<include content="Custom1112PortraitSearchContainer">
						<param name="id">8002</param>
						<param name="content">videodb://tvshows/titles/?xsp=%7B%22order%22%3A%7B%22direction%22%3A%22ascending%22%2C%22ignorefolders%22%3A0%2C%22method%22%3A%22sorttitle%22%7D%2C%22rules%22%3A%7B%22and%22%3A%5B%7B%22field%22%3A%22title%22%2C%22operator%22%3A%22contains%22%2C%22value%22%3A%5B%22$INFO[Skin.String(SearchTerm)]%22%5D%7D%5D%7D%2C%22type%22%3A%22tvshows%22%7D</param>
					</include>
					<!-- Episodes -->
					<include content="Custom1112SearchInfoContainer">
						<param name="id">8003</param>
						<param name="label">$LOCALIZE[20360]</param>
					</include>
					<control type="panel" id="8003">
						<visible>Integer.IsGreater(Container(8003).NumItems,0) | Container(8003).IsUpdating</visible>
						<top>180</top>
						<left>30</left>
						<right>30</right>
						<height>505</height>
						<onleft>9050</onleft>
						<orientation>horizontal</orientation>
						<include>ContainerScrollTime</include>
						<itemlayout width="465" height="270">
							<include content="ViewArtwork">
								<param name="texturefadetime">0</param>
								<param name="art">$VAR[ThumbVar]</param>
								<param name="watchedstatusvisible">!Skin.HasSetting(View540DisableWatchedStatus)</param>
								<param name="diffuse">diffuse/rounded5-243x364.png</param>
							</include>
						</itemlayout>
						<focusedlayout width="465" height="270">
							<control type="group">
								<control type="image">
									<texture colordiffuse="$VAR[PanelHighlightColorVar]" border="10">buttons/thumb-select-focus.png</texture>
								</control>
								<include content="ViewArtwork">
									<param name="texturefadetime">0</param>
									<param name="art">$VAR[ThumbVar]</param>
									<param name="watchedstatusvisible">!Skin.HasSetting(View540DisableWatchedStatus)</param>
									<param name="diffuse">diffuse/rounded5-243x364.png</param>
								</include>
							</control>
						</focusedlayout>
						<content>videodb://tvshows/titles/-1/-1/-1/-1/?xsp=%7B%22order%22%3A%7B%22direction%22%3A%22ascending%22%2C%22ignorefolders%22%3A0%2C%22method%22%3A%22sorttitle%22%7D%2C%22rules%22%3A%7B%22and%22%3A%5B%7B%22field%22%3A%22title%22%2C%22operator%22%3A%22contains%22%2C%22value%22%3A%5B%22$INFO[Skin.String(SearchTerm)]%22%5D%7D%5D%7D%2C%22type%22%3A%22episodes%22%7D</content>
					</control>
					<!-- Genres -->
					<include content="Custom1112SearchInfoContainer">
						<param name="id">8004</param>
						<param name="label">$LOCALIZE[135]</param>
					</include>
					<include content="Custom1112PortraitSearchContainer">
						<param name="id">8004</param>
						<param name="content">videodb://movies/titles/?xsp=%7B%22order%22%3A%7B%22direction%22%3A%22ascending%22%2C%22ignorefolders%22%3A0%2C%22method%22%3A%22sorttitle%22%7D%2C%22rules%22%3A%7B%22and%22%3A%5B%7B%22field%22%3A%22genre%22%2C%22operator%22%3A%22contains%22%2C%22value%22%3A%5B%22$INFO[Skin.String(SearchTerm)]%22%5D%7D%5D%7D%2C%22type%22%3A%22movies%22%7D</param>
						<param name="content2">videodb://tvshows/titles/?xsp=%7B%22order%22%3A%7B%22direction%22%3A%22ascending%22%2C%22ignorefolders%22%3A0%2C%22method%22%3A%22sorttitle%22%7D%2C%22rules%22%3A%7B%22and%22%3A%5B%7B%22field%22%3A%22genre%22%2C%22operator%22%3A%22contains%22%2C%22value%22%3A%5B%22$INFO[Skin.String(SearchTerm)]%22%5D%7D%5D%7D%2C%22type%22%3A%22tvshows%22%7D</param>
					</include>
					<!-- Year -->
					<include content="Custom1112SearchInfoContainer">
						<param name="id">8005</param>
						<param name="label">$LOCALIZE[345]</param>
					</include>
					<include content="Custom1112PortraitSearchContainer">
						<param name="id">8005</param>
						<param name="content">videodb://movies/titles/?xsp=%7B%22order%22%3A%7B%22direction%22%3A%22ascending%22%2C%22ignorefolders%22%3A0%2C%22method%22%3A%22sorttitle%22%7D%2C%22rules%22%3A%7B%22and%22%3A%5B%7B%22field%22%3A%22year%22%2C%22operator%22%3A%22contains%22%2C%22value%22%3A%5B%22$INFO[Skin.String(SearchTerm)]%22%5D%7D%5D%7D%2C%22type%22%3A%22movies%22%7D</param>
						<param name="content2">videodb://tvshows/titles/?xsp=%7B%22order%22%3A%7B%22direction%22%3A%22ascending%22%2C%22ignorefolders%22%3A0%2C%22method%22%3A%22sorttitle%22%7D%2C%22rules%22%3A%7B%22and%22%3A%5B%7B%22field%22%3A%22year%22%2C%22operator%22%3A%22contains%22%2C%22value%22%3A%5B%22$INFO[Skin.String(SearchTerm)]%22%5D%7D%5D%7D%2C%22type%22%3A%22tvshows%22%7D</param>
					</include>
					<!-- Studio -->
					<include content="Custom1112SearchInfoContainer">
						<param name="id">8006</param>
						<param name="label">$LOCALIZE[572]</param>
					</include>
					<include content="Custom1112PortraitSearchContainer">
						<param name="id">8006</param>
						<param name="content">videodb://movies/titles/?xsp=%7B%22order%22%3A%7B%22direction%22%3A%22ascending%22%2C%22ignorefolders%22%3A0%2C%22method%22%3A%22sorttitle%22%7D%2C%22rules%22%3A%7B%22and%22%3A%5B%7B%22field%22%3A%22studio%22%2C%22operator%22%3A%22contains%22%2C%22value%22%3A%5B%22$INFO[Skin.String(SearchTerm)]%22%5D%7D%5D%7D%2C%22type%22%3A%22movies%22%7D</param>
						<param name="content2">videodb://tvshows/titles/?xsp=%7B%22order%22%3A%7B%22direction%22%3A%22ascending%22%2C%22ignorefolders%22%3A0%2C%22method%22%3A%22sorttitle%22%7D%2C%22rules%22%3A%7B%22and%22%3A%5B%7B%22field%22%3A%22studio%22%2C%22operator%22%3A%22contains%22%2C%22value%22%3A%5B%22$INFO[Skin.String(SearchTerm)]%22%5D%7D%5D%7D%2C%22type%22%3A%22tvshows%22%7D</param>
					</include>
					<!-- Country -->
					<include content="Custom1112SearchInfoContainer">
						<param name="id">8007</param>
						<param name="label">$LOCALIZE[574]</param>
					</include>
					<include content="Custom1112PortraitSearchContainer">
						<param name="id">8007</param>
						<param name="content">videodb://movies/titles/?xsp=%7B%22order%22%3A%7B%22direction%22%3A%22ascending%22%2C%22ignorefolders%22%3A0%2C%22method%22%3A%22sorttitle%22%7D%2C%22rules%22%3A%7B%22and%22%3A%5B%7B%22field%22%3A%22country%22%2C%22operator%22%3A%22is%22%2C%22value%22%3A%5B%22$INFO[Skin.String(SearchTerm)]%22%5D%7D%5D%7D%2C%22type%22%3A%22movies%22%7D</param>
					</include>
					<!-- Actor -->
					<include content="Custom1112SearchInfoContainer">
						<param name="id">8008</param>
						<param name="label">$LOCALIZE[20337]</param>
					</include>
					<include content="Custom1112PortraitSearchContainer">
						<param name="id">8008</param>
						<param name="content">videodb://movies/titles/?xsp=%7B%22order%22%3A%7B%22direction%22%3A%22ascending%22%2C%22ignorefolders%22%3A0%2C%22method%22%3A%22sorttitle%22%7D%2C%22rules%22%3A%7B%22and%22%3A%5B%7B%22field%22%3A%22actor%22%2C%22operator%22%3A%22contains%22%2C%22value%22%3A%5B%22$INFO[Skin.String(SearchTerm)]%22%5D%7D%5D%7D%2C%22type%22%3A%22movies%22%7D</param>
						<param name="content2">videodb://tvshows/titles/?xsp=%7B%22order%22%3A%7B%22direction%22%3A%22ascending%22%2C%22ignorefolders%22%3A0%2C%22method%22%3A%22sorttitle%22%7D%2C%22rules%22%3A%7B%22and%22%3A%5B%7B%22field%22%3A%22actor%22%2C%22operator%22%3A%22contains%22%2C%22value%22%3A%5B%22$INFO[Skin.String(SearchTerm)]%22%5D%7D%5D%7D%2C%22type%22%3A%22tvshows%22%7D</param>
					</include>
					<!-- Director -->
					<include content="Custom1112SearchInfoContainer">
						<param name="id">8009</param>
						<param name="label">$LOCALIZE[20339]</param>
					</include>
					<include content="Custom1112PortraitSearchContainer">
						<param name="id">8009</param>
						<param name="content">videodb://movies/titles/?xsp=%7B%22order%22%3A%7B%22direction%22%3A%22ascending%22%2C%22ignorefolders%22%3A0%2C%22method%22%3A%22sorttitle%22%7D%2C%22rules%22%3A%7B%22and%22%3A%5B%7B%22field%22%3A%22director%22%2C%22operator%22%3A%22contains%22%2C%22value%22%3A%5B%22$INFO[Skin.String(SearchTerm)]%22%5D%7D%5D%7D%2C%22type%22%3A%22movies%22%7D</param>
					</include>
					<!-- Writer -->
					<include content="Custom1112SearchInfoContainer">
						<param name="id">8010</param>
						<param name="label">$LOCALIZE[20417]</param>
					</include>
					<include content="Custom1112PortraitSearchContainer">
						<param name="id">8010</param>
						<param name="content">videodb://movies/titles/?xsp=%7B%22order%22%3A%7B%22direction%22%3A%22ascending%22%2C%22ignorefolders%22%3A0%2C%22method%22%3A%22sorttitle%22%7D%2C%22rules%22%3A%7B%22and%22%3A%5B%7B%22field%22%3A%22Writers%22%2C%22operator%22%3A%22contains%22%2C%22value%22%3A%5B%22$INFO[Skin.String(SearchTerm)]%22%5D%7D%5D%7D%2C%22type%22%3A%22movies%22%7D</param>
					</include>
					<!-- Albums -->
					<include content="Custom1112SearchInfoContainer">
						<param name="id">8011</param>
						<param name="label">$LOCALIZE[132]</param>
					</include>
					<include content="Custom1112SquareSearchContainer">
						<param name="id">8011</param>
						<param name="content">musicdb://albums/?xsp=%7B%22order%22%3A%7B%22direction%22%3A%22ascending%22%2C%22ignorefolders%22%3A0%2C%22method%22%3A%22sorttitle%22%7D%2C%22rules%22%3A%7B%22and%22%3A%5B%7B%22field%22%3A%22album%22%2C%22operator%22%3A%22contains%22%2C%22value%22%3A%5B%22$INFO[Skin.String(SearchTerm)]%22%5D%7D%5D%7D%2C%22type%22%3A%22albums%22%7D</param>
					</include>
					<!-- Artists -->
					<include content="Custom1112SearchInfoContainer">
						<param name="id">8012</param>
						<param name="label">$LOCALIZE[133]</param>
					</include>
					<include content="Custom1112SquareSearchContainer">
						<param name="id">8012</param>
						<param name="content">musicdb://artists/?xsp=%7B%22order%22%3A%7B%22direction%22%3A%22ascending%22%2C%22ignorefolders%22%3A0%2C%22method%22%3A%22sorttitle%22%7D%2C%22rules%22%3A%7B%22and%22%3A%5B%7B%22field%22%3A%22artist%22%2C%22operator%22%3A%22contains%22%2C%22value%22%3A%5B%22$INFO[Skin.String(SearchTerm)]%22%5D%7D%5D%7D%2C%22type%22%3A%22artists%22%7D</param>
					</include>
					<!-- Songs -->
					<include content="Custom1112SearchInfoContainer">
						<param name="id">8013</param>
						<param name="label">$LOCALIZE[134]</param>
					</include>
					<include content="Custom1112SquareSearchContainer">
						<param name="id">8013</param>
						<param name="content">musicdb://songs/?xsp=%7B%22order%22%3A%7B%22direction%22%3A%22ascending%22%2C%22ignorefolders%22%3A0%2C%22method%22%3A%22sorttitle%22%7D%2C%22rules%22%3A%7B%22and%22%3A%5B%7B%22field%22%3A%22title%22%2C%22operator%22%3A%22contains%22%2C%22value%22%3A%5B%22$INFO[Skin.String(SearchTerm)]%22%5D%7D%5D%7D%2C%22type%22%3A%22songs%22%7D</param>
					</include>
					<!-- Music Videos -->
					<include content="Custom1112SearchInfoContainer">
						<param name="id">8014</param>
						<param name="label">$LOCALIZE[20389]</param>
					</include>
					<include content="Custom1112SquareSearchContainer">
						<param name="id">8014</param>
						<param name="content">videodb://musicvideos/titles/?xsp=%7b%22order%22%3a%7b%22direction%22%3a%22ascending%22%2c%22ignorefolders%22%3a0%2c%22method%22%3a%22sorttitle%22%7d%2c%22rules%22%3a%7b%22and%22%3a%5b%7b%22field%22%3a%22title%22%2c%22operator%22%3a%22contains%22%2c%22value%22%3a%5b%22$INFO[Skin.String(SearchTerm)]%22%5d%7d%5d%7d%2c%22type%22%3a%22musicvideos%22%7d</param>
					</include>
					<!-- Music Video artists -->
					<include content="Custom1112SearchInfoContainer">
						<param name="id">8015</param>
						<param name="label">$LOCALIZE[31371]</param>
					</include>
					<include content="Custom1112SquareSearchContainer">
						<param name="id">8015</param>
						<param name="content">videodb://musicvideos/titles/?xsp=%7b%22order%22%3a%7b%22direction%22%3a%22ascending%22%2c%22ignorefolders%22%3a0%2c%22method%22%3a%22sorttitle%22%7d%2c%22rules%22%3a%7b%22and%22%3a%5b%7b%22field%22%3a%22artist%22%2c%22operator%22%3a%22contains%22%2c%22value%22%3a%5b%22$INFO[Skin.String(SearchTerm)]%22%5d%7d%5d%7d%2c%22type%22%3a%22musicvideos%22%7d</param>
					</include>
				</control>
				<control type="scrollbar" id="801160">
					<visible>Container(8000).Hasfocus(1)</visible>
					<top>120</top>
					<right>80</right>
					<bottom>120</bottom>
					<onleft>8011</onleft>
				</control>
			</control>
			<!-- Media Flags -->
			<control type="group">
				<visible>true</visible>
				<include content="AnimationSlideBottomWindow">
					<param name="slide">220</param>
				</include>
				<include>FloorShadowWall</include>
				<control type="group">
					<visible>String.IsEqual(Container.ListItem.DBTYPE,movie) | String.IsEqual(Container.ListItem.DBTYPE,episode) | String.IsEqual(Container.ListItem.DBTYPE,musicvideo)</visible>
					<include content="MediaFlagsVideos8">
						<param name="left">30</param>
						<param name="bottom">20</param>
						<param name="align">left</param>
					</include>
				</control>
				<control type="group">
					<visible>String.IsEqual(Container.ListItem.DBTYPE,tvshow)</visible>
					<include content="MediaFlagsTVShowsLeft">
						<param name="left">30</param>
						<param name="bottom">20</param>
						<param name="align">left</param>
					</include>
				</control>
				<control type="group">
					<visible>String.IsEqual(Container.ListItem.DBTYPE,artist) | String.IsEqual(Container.ListItem.DBTYPE,album) | String.IsEqual(Container.ListItem.DBTYPE,song)</visible>
					<include content="MediaFlagsAudioLeft">
						<param name="left">30</param>
						<param name="bottom">20</param>
						<param name="align">left</param>
					</include>
				</control>
			</control>
			<!-- Topbar -->
			<include content="TopBar">
				<param name="visible">!Skin.HasSetting(SearchHideTopBar)</param>
				<param name="icon">search.png</param>
				<param name="label">$INFO[Skin.String(SearchTerm),$LOCALIZE[31370] ',']</param>
			</include>
			<!-- Media Menu -->
			<include content="MediaMenu">
				<param name="contentvisible">true</param>
				<param name="commontopvisible">false</param>
				<param name="content">MediaMenuSearch</param>
				<param name="navigationid">8000</param>
			</include>
			<!-- Hidden - Album/Song count -->
			<control type="list" id="811111">
				<visible>Control.HasFocus(8011) | Control.HasFocus(8012)</visible>
				<include>HiddenList</include>
				<content>$INFO[ListItem.FolderPath]</content>
			</control>
			<!-- Studio Logo check if image exists -->
			<control type="image" id="811112">
				<include>HiddenObject</include>
				<texture fallback="none">$VAR[StudioIconsVar]</texture>
			</control>
			<control type="image" id="811113">
				<include>HiddenObject</include>
				<texture fallback="none">$VAR[StudioIconNextAiredVar]</texture>
			</control>
		</control>
	</controls>
</window>