<?xml version="1.0" encoding="utf-8"?>
<window>
	<onload>AlarmClock(Focus,SetFocus(9000,0),00:00,silent)</onload>
	<include>AnimationDialogPopupWindow</include>
	<controls>
		<control type="group">
			<include content="DialogAddonInfo">
				<param name="infovisible">!Container(9000).Hasfocus(105)</param>
				<param name="label">$INFO[ListItem.AddonName]</param>
				<param name="label2">$INFO[ListItem.AddonSummary]</param>
				<param name="textbox">$INFO[ListItem.AddonDescription]</param>
				<param name="infocontent">AddonInfoContent</param>
			</include>
			<control type="image">
				<left>1110</left>
				<top>30</top>
				<width>161.5</width>
				<height>86</height>
				<aspectratio>keep</aspectratio>
				<texture>icons/logo.png</texture>
			</control>
			<!-- Preview thumbs -->
			<control type="panel" id="50">
				<visible>Container(9000).Hasfocus(105)</visible>
				<include>AnimationVisibleFade</include>
				<top>147</top>
				<left>40</left>
				<right>40</right>
				<height>266</height>
				<orientation>horizontal</orientation>
				<ondown>9000</ondown>
				<include>ContainerScrollTime</include>
				<itemlayout height="246" width="422">
					<include content="ViewArtwork">
						<param name="texturefadetime"/>
						<param name="art">$INFO[ListItem.Icon]</param>
						<param name="diffuse">diffuse/rounded5-480x270.png</param>
					</include>
				</itemlayout>
				<focusedlayout height="246" width="422">
					<control type="image">
						<texture border="10" colordiffuse="$VAR[PanelHighlightColorVar]">buttons/panel-select-focus.png</texture>
					</control>
					<include content="ViewArtwork">
						<param name="texturefadetime"/>
						<param name="art">$INFO[ListItem.Icon]</param>
						<param name="diffuse">diffuse/rounded5-480x270.png</param>
					</include>
				</focusedlayout>
			</control>
			<!-- Buttons -->
			<control type="list" id="9000">
				<top>393</top>
				<left>40</left>
				<right>40</right>
				<height>80</height>
				<onup condition="Container(9000).Hasfocus(105)">SetFocus(50)</onup>
				<include>InfoDialogButtons</include>
				<content>
					<item id="101">
						<description>Install</description>
						<visible>Control.IsEnabled(6) + String.IsEqual(Control.GetLabel(6),$LOCALIZE[24038])</visible>
						<label></label>
						<label2>$LOCALIZE[24038]</label2>
						<onclick>SendClick(6)</onclick>
					</item>
					<item id="102">
						<description>Open</description>
						<visible>Control.IsEnabled(12)</visible>
						<label></label>
						<label2>$INFO[Control.GetLabel(12)]</label2>
						<onclick>SendClick(12)</onclick>
					</item>
					<item id="103">
						<description>Settings</description>
						<visible>Control.IsEnabled(9)</visible>
						<label></label>
						<label2>$LOCALIZE[1390]</label2>
						<onclick>SendClick(9)</onclick>
					</item>
					<item id="105">
						<description>Screenshots</description>
						<visible>!String.IsEmpty(Container(50).ListItem.Icon)</visible>
						<label></label>
						<label2>$LOCALIZE[20008]</label2>
					</item>
					<item id="106">
						<description>Dependencies</description>
						<visible>Control.IsEnabled(10)</visible>
						<label></label>
						<label2>$LOCALIZE[39024]</label2>
						<onclick>SendClick(10)</onclick>
					</item>
					<item id="107">
						<description>Enable/Disable</description>
						<visible>Control.IsEnabled(7)</visible>
						<label>$VAR[AddonInfoEnableIconVar]</label>
						<label2>$INFO[Control.GetLabel(7)]</label2>
						<onclick>SendClick(7)</onclick>
					</item>
					<item id="108">
						<description>Auto update</description>
						<visible>Control.IsEnabled(13)</visible>
						<label>$VAR[AddonInfoAutoUpdateIconVar]</label>
						<label2>$LOCALIZE[21340]</label2>
						<onclick>SetFocus(13)</onclick>
						<onclick>Action(Select)</onclick>
						<onclick>SetFocus(9000)</onclick>
					</item>
					<item id="109">
						<description>Versions</description>
						<visible>Control.IsVisible(14)</visible>
						<label></label>
						<label2>$LOCALIZE[24069]</label2>
						<onclick>SendClick(14)</onclick>
					</item>
					<item id="104">
						<description>Update</description>
						<visible>Control.IsVisible(8)</visible>
						<label></label>
						<label2>$LOCALIZE[24138]</label2>
						<onclick>SendClick(8)</onclick>
					</item>
					<item id="110">
						<description>Uninstall</description>
						<visible>Control.IsEnabled(6) + String.IsEqual(Control.GetLabel(6),$LOCALIZE[24037])</visible>
						<label></label>
						<label2>$LOCALIZE[24037]</label2>
						<onclick>SendClick(6)</onclick>
					</item>
				</content>
			</control>
		</control>
		<!-- Hidden Controls -->
		<control type="button" id="6">
			<include>HiddenObject</include>
		</control>
		<control type="button" id="7">
			<include>HiddenObject</include>
		</control>
		<control type="button" id="8">
			<include>HiddenObject</include>
		</control>
		<control type="button" id="9">
			<include>HiddenObject</include>
		</control>
		<control type="button" id="10">
			<include>HiddenObject</include>
		</control>
		<control type="button" id="12">
			<include>HiddenObject</include>
		</control>
		<control type="radiobutton" id="13">
			<visible allowhiddenfocus="true">true</visible>
			<include>HiddenObject</include>
		</control>
		<control type="button" id="14">
			<include>HiddenObject</include>
		</control>
	</controls>
</window>