<?xml version="1.0" encoding="UTF-8"?>
<includes>
	<include name="View54InfoList2">
		<!-- Floor -->
		<include content="Floor">
			<param name="visible">Skin.HasSetting(View54HideFloor) + Control.IsVisible(54)</param>
			<param name="highlight">FloorHighlightRight</param>
		</include>
		<!-- Art/Info -->
		<control type="group">
			<visible>Control.IsVisible(54)</visible>
			<include>AnimationSlidePanel</include>
			<include content="PanelSideBlade">
				<param name="left">957</param>
				<param name="width">883</param>
				<param name="lefttexture">957</param>
				<param name="widthtexture">863</param>
				<param name="diffusetexture">diffuse/siderounded20-863X820.png</param>
				<param name="reflect">!Skin.HasSetting(View54HideReflect)</param>
			</include>
			<control type="group">
				<visible>Container.Content(movies) | Container.Content(sets) | Container.Content(tvshows) | Container.Content(seasons) | Container.Content(episodes)</visible>
				<top>184</top>
				<left>972</left>
				<height>344</height>
				<control type="group">
					<visible>!Skin.HasSetting(View54VideoCase)</visible>
					<width>236</width>
					<include content="ViewArtwork">
						<param name="diffuse">diffuse/rounded5-216x324.png</param>
					</include>
				</control>
				<control type="group">
					<visible>Skin.HasSetting(View54VideoCase)</visible>
					<width>236</width>
					<include content="ViewArtworkVideoCase">
						<param name="logoheight">24</param>
						<param name="bordersize">17,34,17,18</param>
					</include>
				</control>
				<control type="group">
					<visible>![Player.HasVideo + Skin.HasSetting(View54VideoPreviewWindow)]</visible>
					<left>236</left>
					<width>597</width>
					<control type="image">
						<bordersize>10</bordersize>
						<fadetime>TextureFadeTime</fadetime>
						<aspectratio align="center" aligny="center" scalediffuse="false">scale</aspectratio>
						<texture background="true" diffuse="diffuse/rounded5-577x324.png">$VAR[ThumbVar]</texture>
					</control>
					<control type="image">
						<visible>!ListItem.IsParentFolder</visible>
						<texture border="20">thumbs/overlay.png</texture>
					</control>
				</control>
				<control type="group">
					<visible>Player.HasVideo + Skin.HasSetting(View54VideoPreviewWindow)</visible>
					<top>10</top>
					<left>246</left>
					<width>577</width>
					<height>324</height>
					<control type="image">
						<texture>colors/black.png</texture>
					</control>
					<control type="videowindow"/>
					<control type="image">
						<bordersize>-10</bordersize>
						<texture border="20">thumbs/overlay2.png</texture>
					</control>
				</control>
				<control type="image">
					<visible>!Skin.HasSetting(View54HideLogo)</visible>
					<top>359</top>
					<right>125</right>
					<width>813</width>
					<height>342</height>
					<aspectratio>keep</aspectratio>
					<texture background="true">$VAR[ClearLogoVar]</texture>
					<animation effect="fade" end="10" time="0" condition="true">Conditional</animation>
				</control>
			</control>
			<control type="group">
				<visible>Container.Content(albums) | Container.Content(songs) | Container.Content(musicvideos)</visible>
				<top>184</top>
				<left>972</left>
				<height>305</height>
				<control type="group">
					<visible>!Skin.HasSetting(View54AlbumCase)</visible>
					<width>305</width>
					<include content="ViewArtwork">
						<param name="diffuse">diffuse/rounded5-285x285.png</param>
					</include>
					<control type="group">
						<visible>![Player.HasVideo + Skin.HasSetting(View54VideoPreviewWindow)]</visible>
						<left>305</left>
						<width>528</width>
						<control type="image">
							<bordersize>10</bordersize>
							<fadetime>TextureFadeTime</fadetime>
							<aspectratio align="center" aligny="center" scalediffuse="false">scale</aspectratio>
							<texture background="true" diffuse="diffuse/rounded5-508x285.png">$VAR[ThumbVar]</texture>
						</control>
						<control type="image">
							<visible>!ListItem.IsParentFolder</visible>
							<texture border="20">thumbs/overlay.png</texture>
						</control>
					</control>
					<control type="group">
						<visible>Player.HasVideo + Skin.HasSetting(View54VideoPreviewWindow)</visible>
						<top>10</top>
						<left>315</left>
						<width>508</width>
						<height>285</height>
						<control type="image">
							<texture>colors/black.png</texture>
						</control>
						<control type="videowindow"/>
						<control type="image">
							<bordersize>-10</bordersize>
							<texture border="20">thumbs/overlay2.png</texture>
						</control>
					</control>
				</control>
				<control type="group">
					<visible>Skin.HasSetting(View54AlbumCase)</visible>
					<width>322</width>
					<include content="ViewArtworkAudioCase">
						<param name="diffuse">diffuse/rounded5-285x285.png</param>
						<param name="bordersize">36,15,15,15</param>
					</include>
					<control type="group">
						<visible>![Player.HasVideo + Skin.HasSetting(View54VideoPreviewWindow)]</visible>
						<left>322</left>
						<width>511</width>
						<control type="image">
							<bordersize>10</bordersize>
							<fadetime>TextureFadeTime</fadetime>
							<aspectratio align="center" aligny="center" scalediffuse="false">scale</aspectratio>
							<texture background="true" diffuse="diffuse/rounded5-508x285.png">$VAR[ThumbVar]</texture>
						</control>
						<control type="image">
							<visible>!ListItem.IsParentFolder</visible>
							<texture border="20">thumbs/overlay.png</texture>
						</control>
					</control>
					<control type="group">
						<visible>Player.HasVideo + Skin.HasSetting(View54VideoPreviewWindow)</visible>
						<top>10</top>
						<left>332</left>
						<width>491</width>
						<height>285</height>
						<control type="image">
							<texture diffuse="diffuse/rounded5-508x285.png">colors/black.png</texture>
						</control>
						<control type="videowindow"/>
						<control type="image">
							<bordersize>-10</bordersize>
							<texture border="20">thumbs/overlay2.png</texture>
						</control>
					</control>
				</control>
				<control type="image">
					<visible>!Skin.HasSetting(View54HideLogo)</visible>
					<top>320</top>
					<right>125</right>
					<width>813</width>
					<height>381</height>
					<aspectratio>keep</aspectratio>
					<texture background="true">$VAR[ClearLogoVar]</texture>
					<animation effect="fade" end="15" time="0" condition="true">Conditional</animation>
				</control>
			</control>
			<control type="group">
				<visible>![Container.Content(movies) | Container.Content(sets) | Container.Content(tvshows) | Container.Content(seasons) | Container.Content(episodes) | Container.Content(albums) | Container.Content(songs) | Container.Content(musicvideos)]</visible>
				<top>184</top>
				<left>972</left>
				<width>305</width>
				<height>305</height>
				<include content="ViewArtwork">
					<param name="diffuse">diffuse/rounded5-285x285.png</param>
				</include>
				<control type="image">
					<visible>![Player.HasVideo + Skin.HasSetting(View54VideoPreviewWindow)]</visible>
					<left>305</left>
					<width>528</width>
					<bordersize>10</bordersize>
					<fadetime>TextureFadeTime</fadetime>
					<aspectratio align="center" aligny="center" scalediffuse="false">scale</aspectratio>
					<texture background="true" diffuse="diffuse/rounded5-508x285.png">$VAR[ThumbVar]</texture>
				</control>
				<control type="group">
					<visible>Player.HasVideo + Skin.HasSetting(View54VideoPreviewWindow)</visible>
					<top>10</top>
					<left>315</left>
					<width>508</width>
					<height>285</height>
					<control type="image">
						<texture diffuse="diffuse/rounded5-508x285.png">colors/black.png</texture>
					</control>
					<control type="videowindow"/>
				</control>
				<control type="image">
					<left>305</left>
					<width>528</width>
					<texture border="20">thumbs/overlay.png</texture>
				</control>
				<control type="image">
					<visible>!Skin.HasSetting(View54HideLogo)</visible>
					<top>320</top>
					<left>10</left>
					<width>813</width>
					<height>381</height>
					<aspectratio>keep</aspectratio>
					<texture background="true">$VAR[ClearLogoVar]</texture>
					<animation effect="fade" end="15" time="0" condition="true">Conditional</animation>
				</control>
			</control>
			<control type="grouplist">
				<animation effect="slide" end="0,-39" condition="![Container.Content(movies) | Container.Content(sets) | Container.Content(tvshows) | Container.Content(seasons) | Container.Content(episodes)]">Conditional</animation>
				<top>536</top>
				<right>125</right>
				<width>813</width>
				<height>400</height>
				<include>ViewListInfo</include>
				<control type="textbox">
					<visible>Container.Content(movies) | Container.Content(sets) | Container.Content(tvshows) | Container.Content(seasons) | Container.Content(episodes)</visible>
					<top>2</top>
					<height>266</height>
					<font>Font28_Reg</font>
					<label>$VAR[ViewPlotVar]</label>
					<pagecontrol>60541</pagecontrol>
					<include>AutoScrollPlot</include>
					<textcolor>$VAR[PanelSubTextColorVar]</textcolor>
				</control>
				<control type="textbox">
					<visible>![Container.Content(movies) | Container.Content(sets) | Container.Content(tvshows) | Container.Content(seasons) | Container.Content(episodes)]</visible>
					<top>2</top>
					<height>305</height>
					<font>Font28_Reg</font>
					<label>$VAR[ViewPlotVar]</label>
					<pagecontrol>60542</pagecontrol>
					<include>AutoScrollPlot</include>
					<textcolor>$VAR[PanelSubTextColorVar]</textcolor>
				</control>
			</control>
			<control type="scrollbar" id="60541">
				<visible>Container.Content(movies) | Container.Content(sets) | Container.Content(tvshows) | Container.Content(seasons) | Container.Content(episodes)</visible>
				<top>619</top>
				<right>80</right>
				<bottom>195</bottom>
				<onleft>6054</onleft>
				<onright condition="Control.IsVisible(61300)">61300</onright>
			</control>
			<control type="scrollbar" id="60542">
				<visible>![Container.Content(movies) | Container.Content(sets) | Container.Content(tvshows) | Container.Content(seasons) | Container.Content(episodes)]</visible>
				<top>580</top>
				<right>80</right>
				<bottom>195</bottom>
				<onleft>6054</onleft>
				<onright condition="Control.IsVisible(61300)">61300</onright>
			</control>
		</control>
		<!-- List -->
		<control type="group">
			<visible>Control.IsVisible(54)</visible>
			<include content="AnimationSlideLeftWindow">
				<param name="slide">882</param>
			</include>
			<include content="AnimationSlideLeftVisible">
				<param name="slide">882</param>
			</include>
			<include content="PanelDefault">
				<param name="right">943</param>
				<param name="righttexture">963</param>
				<param name="diffusetexture">diffuse/rounded20-837x880.png</param>
				<param name="reflect">!Skin.HasSetting(View54HideReflect)</param>
			</include>
			<control type="group">
				<control type="list" id="54">
					<top>141</top>
					<left>100</left>
					<width>857</width>
					<height>800</height>
					<onleft>9050</onleft>
					<onright>6054</onright>
					<pagecontrol>6054</pagecontrol>
					<include>ContainerScrollTime</include>
					<viewtype label="$LOCALIZE[31221]">list</viewtype>
					<include content="ViewContainerList">
						<param name="id">54</param>
						<param name="biglistvisible">Skin.HasSetting(View54BigList)</param>
					</include>
				</control>
				<control type="scrollbar" id="6054">
					<top>140</top>
					<left>937</left>
					<bottom>140</bottom>
					<onleft>54</onleft>
					<onright condition="Container.Content(movies) | Container.Content(sets) | Container.Content(tvshows) | Container.Content(seasons) | Container.Content(episodes)">60541</onright>
					<onright condition="![Container.Content(movies) | Container.Content(sets) | Container.Content(tvshows) | Container.Content(seasons) | Container.Content(episodes)]">60542</onright>
				</control>
			</control>
		</control>
		<!-- Media flags Fix overlapping icons when Movie & TV Show is linked -->
		<control type="group">
			<visible>Control.IsVisible(54)</visible>
			<include content="AnimationSlideBottomWindow">
				<param name="slide">220</param>
			</include>
			<control type="group">
				<visible>Control.IsVisible(54) + String.Contains(ListItem.DBType, "movie")</visible>
				<include condition="Window.IsVisible(MyVideoNav.xml) | Window.IsVisible(videoplaylist)">MediaFlagsVideos6</include>
			</control>
			<control type="group">
				<visible>Control.IsVisible(54) + !String.Contains(ListItem.DBType, "season") &amp; String.Contains(ListItem.DBType, "episode")</visible>
				<include condition="Window.IsVisible(MyVideoNav.xml)">MediaFlagsVideos6</include>
			</control>			
			<control type="group">
				<visible>Control.IsVisible(54) + String.Contains(ListItem.DBType, "season")</visible>
				<include condition="Window.IsVisible(MyVideoNav.xml)">MediaFlagsTVShows</include>
			</control>
			<control type="group">
				<visible>Control.IsVisible(54) + String.Contains(ListItem.DBType, "tvshow") | Container.Content(tvshows) </visible>
				<include condition="Window.IsVisible(MyVideoNav.xml)">MediaFlagsTVShows</include>
			</control>
			<include condition="Window.IsVisible(MyMusicNav.xml) | Window.IsVisible(musicplaylist)">MediaFlagsAudio</include>
		</control>

<!-- 		<control type="group">
			<visible>Control.IsVisible(54)</visible>
			<include content="AnimationSlideBottomWindow">
				<param name="slide">220</param>
			</include>
			<include condition="Window.IsVisible(MyVideoNav.xml)">MediaFlagsTVShows</include>
			<include condition="Window.IsVisible(MyVideoNav.xml) | Window.IsVisible(videoplaylist)">MediaFlagsVideos6</include>
			<include condition="Window.IsVisible(MyMusicNav.xml) | Window.IsVisible(musicplaylist)">MediaFlagsAudio</include>
		</control> -->
	</include>
</includes>