<?xml version="1.0" encoding="utf-8"?>
<window>
	<defaultcontrol always="true">3</defaultcontrol>
	<include>AnimationDialogPopupWindow</include>
	<controls>
		<control type="group">
			<include content="DialogBackground">
				<param name="width" value="1742"/>
				<param name="height" value="760"/>
				<param name="id" value="2"/>
				<param name="diffusetexture">diffuse/rounded10-1701x750.png</param>
			</include>
			<!-- Left -->
			<control type="grouplist" id="3">
				<left>20</left>
				<top>90</top>
				<width>340</width>
				<height>600</height>
				<onright>5</onright>
				<include>ContainerScrollTime</include>
			</control>
			<control type="button" id="10">
				<width>340</width>
				<include>DialogButton</include>
			</control>
			<control type="image">
				<left>360</left>
				<include>DialogVerticalSeparator</include>
			</control>
			<!-- Middle -->
			<control type="grouplist" id="5">
				<left>362</left>
				<top>90</top>
				<width>1038</width>
				<height>600</height>
				<pagecontrol>60</pagecontrol>
				<onleft>3</onleft>
				<onright condition="Control.IsVisible(60)">60</onright>
				<onright condition="!Control.IsVisible(60)">8000</onright>
				<include>ContainerScrollTime</include>
			</control>
			<control type="label" id="14">
				<width>1038</width>
				<include>DialogLabel</include>
			</control>
			<control type="button" id="7">
				<width>1038</width>
				<include>DialogButton</include>
			</control>
			<control type="radiobutton" id="8">
				<width>1038</width>
				<textwidth>870</textwidth>
				<radioposx>930</radioposx>
				<include>DialogRadioButton</include>
			</control>
			<control type="spincontrolex" id="9">
				<width>1038</width>
				<include>DialogSpinControl</include>
			</control>
			<control type="sliderex" id="13">
				<width>1038</width>
				<include>DialogSlider</include>
			</control>
			<control type="edit" id="12">
				<width>1038</width>
				<include>DialogButton</include>
			</control>
			<control type="image">
				<left>1400</left>
				<include>DialogVerticalSeparator</include>
			</control>
			<!-- Buttons -->
			<control type="grouplist" id="8000">
				<right>50</right>
				<top>100</top>
				<width>280</width>
				<onleft condition="Control.IsVisible(60)">60</onleft>
				<onleft condition="!Control.IsVisible(60)">5</onleft>
				<include content="DialogButtonAction">
					<param name="id">28</param>
					<param name="label">$LOCALIZE[186]</param>
				</include>
				<include content="DialogButtonAction">
					<param name="id">29</param>
					<param name="label">$LOCALIZE[222]</param>
				</include>
				<include content="DialogButtonAction">
					<param name="id">30</param>
					<param name="label">$LOCALIZE[409]</param>
				</include>
			</control>
			<include content="DialogImage">
				<param name="texture">$INFO[System.AddonIcon(Window.Property(Addon.ID))]</param>
			</include>
			<control type="image">
				<include>DialogHorizontalSeparator</include>
			</control>
			<control type="label">
				<visible>ControlGroup(5).HasFocus</visible>
				<include>DialogItemCountLabel</include>
				<label>$INFO[Container(5).CurrentItem,$LOCALIZE[31001] ]$INFO[Container(5).NumItems,/]</label>
			</control>
			<control type="label">
				<visible>!ControlGroup(5).HasFocus</visible>
				<include>DialogItemCountLabel</include>
				<label>$INFO[Container(5).NumItems,$LOCALIZE[31001] 1/]</label>
			</control>
			<control type="scrollbar" id="60">
				<left>1380</left>
				<onleft>5</onleft>
				<onright>8000</onright>
				<include>DialogScrollBar</include>
			</control>
		</control>
	</controls>
</window>