<?xml version="1.0" encoding="utf-8"?>
<window>
	<defaultcontrol always="true">9000</defaultcontrol>
	<menucontrol>9050</menucontrol>
	<onload condition="!System.AddonIsEnabled(script.skinshortcuts)">EnableAddon(script.skinshortcuts)</onload>
	<onload condition="!System.HasAddon(script.skinshortcuts)">InstallAddon(script.skinshortcuts)</onload>
	<onload condition="!System.AddonIsEnabled(script.image.resource.select)">EnableAddon(script.image.resource.select)</onload>
	<onload condition="!System.HasAddon(script.image.resource.select)">InstallAddon(script.image.resource.select)</onload>
	<onload condition="!System.AddonIsEnabled(script.embuary.helper)">EnableAddon(script.embuary.helper)</onload>
	<onload condition="!System.HasAddon(script.embuary.helper)">InstallAddon(script.embuary.helper)</onload>
	<onload>RunScript(script.skinshortcuts,type=buildxml&amp;mainmenuID=9000&amp;group=mainmenu|shortcuts)</onload>
	<controls>
		<!-- Backdrop -->
		<include content="BackgroundDefault">
			<param name="imagepath">$VAR[HomeFanartVar]</param>
			<param name="animatedfanart">Skin.HasSetting(HomeAnimatedFanart)</param>
		</include>
		<!-- Playlist fanart -->
		<control type="wraplist" id="7001">
			<visible>String.IsEqual(Container(9000).ListItem.Property(background),playlist) | String.IsEqual(Container(9000).ListItem.Property(coverBackground),fanart)</visible>
			<include>HiddenList</include>
			<content limit="10">$INFO[Container(9000).ListItem.Property(backgroundPlaylist)]</content>
		</control>
		<control type="wraplist" id="7003">
			<visible>String.IsEqual(Container(9001).ListItem.Property(background),playlist) | String.IsEqual(Container(9001).ListItem.Property(coverBackground),fanart)</visible>
			<include>HiddenList</include>
			<content limit="10">$INFO[Container(9001).ListItem.Property(backgroundPlaylist)]</content>
		</control>
		<control type="fadelabel" id="7002">
			<visible>String.IsEqual(Container(9000).ListItem.Property(background),playlist) | String.IsEqual(Container(9000).ListItem.Property(coverBackground),fanart)</visible>
			<top>-2000</top>
			<width>1</width>
			<height>1</height>
			<scroll>false</scroll>
			<randomize>true</randomize>
			<scrollout>false</scrollout>
			<include>FadeLabelTime</include>
			<resetonlabelchange>true</resetonlabelchange>
			<label>$INFO[Container(7001).ListItem(0).Art(fanart)]</label>
			<label>$INFO[Container(7001).ListItem(1).Art(fanart)]</label>
			<label>$INFO[Container(7001).ListItem(2).Art(fanart)]</label>
			<label>$INFO[Container(7001).ListItem(3).Art(fanart)]</label>
			<label>$INFO[Container(7001).ListItem(4).Art(fanart)]</label>
			<label>$INFO[Container(7001).ListItem(5).Art(fanart)]</label>
			<label>$INFO[Container(7001).ListItem(6).Art(fanart)]</label>
			<label>$INFO[Container(7001).ListItem(7).Art(fanart)]</label>
			<label>$INFO[Container(7001).ListItem(8).Art(fanart)]</label>
			<label>$INFO[Container(7001).ListItem(9).Art(fanart)]</label>
			<label>$INFO[Container(7001).ListItem(0).Art(tvshow.fanart)]</label>
			<label>$INFO[Container(7001).ListItem(1).Art(tvshow.fanart)]</label>
			<label>$INFO[Container(7001).ListItem(2).Art(tvshow.fanart)]</label>
			<label>$INFO[Container(7001).ListItem(3).Art(tvshow.fanart)]</label>
			<label>$INFO[Container(7001).ListItem(4).Art(tvshow.fanart)]</label>
			<label>$INFO[Container(7001).ListItem(5).Art(tvshow.fanart)]</label>
			<label>$INFO[Container(7001).ListItem(6).Art(tvshow.fanart)]</label>
			<label>$INFO[Container(7001).ListItem(7).Art(tvshow.fanart)]</label>
			<label>$INFO[Container(7001).ListItem(8).Art(tvshow.fanart)]</label>
			<label>$INFO[Container(7001).ListItem(9).Art(tvshow.fanart)]</label>
			<label>$INFO[Container(7001).ListItem(0).Art(artist.fanart)]</label>
			<label>$INFO[Container(7001).ListItem(1).Art(artist.fanart)]</label>
			<label>$INFO[Container(7001).ListItem(2).Art(artist.fanart)]</label>
			<label>$INFO[Container(7001).ListItem(3).Art(artist.fanart)]</label>
			<label>$INFO[Container(7001).ListItem(4).Art(artist.fanart)]</label>
			<label>$INFO[Container(7001).ListItem(5).Art(artist.fanart)]</label>
			<label>$INFO[Container(7001).ListItem(6).Art(artist.fanart)]</label>
			<label>$INFO[Container(7001).ListItem(7).Art(artist.fanart)]</label>
			<label>$INFO[Container(7001).ListItem(8).Art(artist.fanart)]</label>
			<label>$INFO[Container(7001).ListItem(9).Art(artist.fanart)]</label>
			<label>$INFO[Container(7001).ListItem(0).Art(albumartist.fanart)]</label>
			<label>$INFO[Container(7001).ListItem(1).Art(albumartist.fanart)]</label>
			<label>$INFO[Container(7001).ListItem(2).Art(albumartist.fanart)]</label>
			<label>$INFO[Container(7001).ListItem(3).Art(albumartist.fanart)]</label>
			<label>$INFO[Container(7001).ListItem(4).Art(albumartist.fanart)]</label>
			<label>$INFO[Container(7001).ListItem(5).Art(albumartist.fanart)]</label>
			<label>$INFO[Container(7001).ListItem(6).Art(albumartist.fanart)]</label>
			<label>$INFO[Container(7001).ListItem(7).Art(albumartist.fanart)]</label>
			<label>$INFO[Container(7001).ListItem(8).Art(albumartist.fanart)]</label>
			<label>$INFO[Container(7001).ListItem(9).Art(albumartist.fanart)]</label>
		</control>
		<control type="fadelabel" id="7004">
			<visible>String.IsEqual(Container(9001).ListItem.Property(background),playlist) | String.IsEqual(Container(9001).ListItem.Property(coverBackground),fanart)</visible>
			<top>-2000</top>
			<width>1</width>
			<height>1</height>
			<scroll>false</scroll>
			<randomize>true</randomize>
			<scrollout>false</scrollout>
			<include>FadeLabelTime</include>
			<resetonlabelchange>true</resetonlabelchange>
			<label>$INFO[Container(7003).ListItem(0).Art(fanart)]</label>
			<label>$INFO[Container(7003).ListItem(1).Art(fanart)]</label>
			<label>$INFO[Container(7003).ListItem(2).Art(fanart)]</label>
			<label>$INFO[Container(7003).ListItem(3).Art(fanart)]</label>
			<label>$INFO[Container(7003).ListItem(4).Art(fanart)]</label>
			<label>$INFO[Container(7003).ListItem(5).Art(fanart)]</label>
			<label>$INFO[Container(7003).ListItem(6).Art(fanart)]</label>
			<label>$INFO[Container(7003).ListItem(7).Art(fanart)]</label>
			<label>$INFO[Container(7003).ListItem(8).Art(fanart)]</label>
			<label>$INFO[Container(7003).ListItem(9).Art(fanart)]</label>
			<label>$INFO[Container(7003).ListItem(0).Art(tvshow.fanart)]</label>
			<label>$INFO[Container(7003).ListItem(1).Art(tvshow.fanart)]</label>
			<label>$INFO[Container(7003).ListItem(2).Art(tvshow.fanart)]</label>
			<label>$INFO[Container(7003).ListItem(3).Art(tvshow.fanart)]</label>
			<label>$INFO[Container(7003).ListItem(4).Art(tvshow.fanart)]</label>
			<label>$INFO[Container(7003).ListItem(5).Art(tvshow.fanart)]</label>
			<label>$INFO[Container(7003).ListItem(6).Art(tvshow.fanart)]</label>
			<label>$INFO[Container(7003).ListItem(7).Art(tvshow.fanart)]</label>
			<label>$INFO[Container(7003).ListItem(8).Art(tvshow.fanart)]</label>
			<label>$INFO[Container(7003).ListItem(9).Art(tvshow.fanart)]</label>
			<label>$INFO[Container(7003).ListItem(0).Art(artist.fanart)]</label>
			<label>$INFO[Container(7003).ListItem(1).Art(artist.fanart)]</label>
			<label>$INFO[Container(7003).ListItem(2).Art(artist.fanart)]</label>
			<label>$INFO[Container(7003).ListItem(3).Art(artist.fanart)]</label>
			<label>$INFO[Container(7003).ListItem(4).Art(artist.fanart)]</label>
			<label>$INFO[Container(7003).ListItem(5).Art(artist.fanart)]</label>
			<label>$INFO[Container(7003).ListItem(6).Art(artist.fanart)]</label>
			<label>$INFO[Container(7003).ListItem(7).Art(artist.fanart)]</label>
			<label>$INFO[Container(7003).ListItem(8).Art(artist.fanart)]</label>
			<label>$INFO[Container(7003).ListItem(9).Art(artist.fanart)]</label>
			<label>$INFO[Container(7003).ListItem(0).Art(albumartist.fanart)]</label>
			<label>$INFO[Container(7003).ListItem(1).Art(albumartist.fanart)]</label>
			<label>$INFO[Container(7003).ListItem(2).Art(albumartist.fanart)]</label>
			<label>$INFO[Container(7003).ListItem(3).Art(albumartist.fanart)]</label>
			<label>$INFO[Container(7003).ListItem(4).Art(albumartist.fanart)]</label>
			<label>$INFO[Container(7003).ListItem(5).Art(albumartist.fanart)]</label>
			<label>$INFO[Container(7003).ListItem(6).Art(albumartist.fanart)]</label>
			<label>$INFO[Container(7003).ListItem(7).Art(albumartist.fanart)]</label>
			<label>$INFO[Container(7003).ListItem(8).Art(albumartist.fanart)]</label>
			<label>$INFO[Container(7003).ListItem(9).Art(albumartist.fanart)]</label>
		</control>
		<!-- Home -->
		<control type="group">
			<visible>!Window.IsActive(movieinformation) + !Window.IsActive(musicinformation) + !Window.IsActive(songinformation)</visible>
			<include>AnimationVisibleFade</include>
			<!-- Now playing -->
			<control type="group">
				<visible>Player.HasMedia + ![Skin.HasSetting(NowplayingHomeDisable) | Window.Next(musicplaylist) | Window.Next(visualisation)] + String.IsEmpty(Window(Videos).Property(PlayingBackgroundMedia))</visible>
				<include>AnimationVisibleFade</include>
				<include content="AnimationSlideBottomWindow">
					<param name="slide">540</param>
				</include>
				<include content="AnimationSlideBottomVisible">
					<param name="slide">540</param>
				</include>
				<include>HomeNowPlaying</include>
			</control>
			<!-- Widgets -->
			<control type="group" id="90010">
				<include content="AnimationSlideBottomWindow">
					<param name="slide">540</param>
				</include>
				<animation effect="fade" start="100" end="0" time="480" condition="[!Skin.HasSetting(NowplayingHomeDisable) + Player.HasAudio + !ControlGroup(90010).HasFocus] | [Player.HasVideo + !Skin.HasSetting(NowplayingHomeDisable) + !ControlGroup(90010).HasFocus] | [Skin.HasSetting(WidgetHide) + !ControlGroup(90010).HasFocus]">Conditional</animation>
				<include>skinshortcuts-template-widget1</include>
				<include>skinshortcuts-template-widget2</include>
				<include>skinshortcuts-template-widget3</include>
				<include>skinshortcuts-template-widget4</include>
				<include>skinshortcuts-template-widget5</include>
				<include>skinshortcuts-template-widget6</include>
			</control>
			<!-- System/Time bar and Shortcuts -->
			<include>InfoTimeBar</include>
			<!-- Menu -->
			<include condition="!Skin.HasSetting(MainMenuFixedList)">MainMenu</include>
			<include condition="Skin.HasSetting(MainMenuFixedList)" content="MainMenu">
				<param name="listtype">fixedlist</param>
			</include>
			<!-- RSS -->
			<include>RSSShortcuts</include>
			<!-- PVR widget -->
			<include>PVRWidget</include>
		</control>
		<!-- Media Menu -->
		<include content="MediaMenu">
			<param name="visible">!Skin.HasSetting(KioskDisableHomeSettings)</param>
			<param name="contentvisible">true</param>
			<param name="commontopvisible">false</param>
			<param name="content">MediaMenuHome</param>
			<param name="navigationid">9000</param>
		</include>
	</controls>
</window>