<?xml version="1.0" encoding="UTF-8"?>
<window>
	<defaultcontrol>9000</defaultcontrol>
	<onload>SetFocus(9000,0)</onload>
	<controls>
		<!-- Container for the item details -->
		<control type="list" id="10051">
			<include>HiddenList</include>
		</control>
		<!-- Background -->
		<include content="DialogInfoCommon">
			<param name="blur">Skin.HasSetting(VideoBlurEnabled)</param>
			<param name="art">$INFO[Container(10051).ListItem.Art(thumb)]</param>
		</include>
		<control type="group">
			<include>AnimationInfoDialog</include>
			<!-- Artwork -->
			<control type="group">
				<include>AnimationVisibleFade</include>
				<top>15</top>
				<left>15</left>
				<width>706</width>
				<height>1050</height>
				<include content="ViewArtwork">
					<param name="art">$INFO[Container(10051).ListItem.Art(thumb)]</param>
					<param name="diffuse">diffuse/rounded5-686x1030.png</param>
				</include>
			</control>
			<control type="group">
				<top>16</top>
				<left>736</left>
				<right>25</right>
				<!-- Title -->
				<control type="label">
					<height>50</height>
					<font>Font49_Bold_Caps</font>
					<label>$INFO[Container(10051).ListItem.Label]</label>
					<textcolor>$VAR[PanelTextColorVar]</textcolor>
					<scroll>true</scroll>
				</control>
				<!-- Subtitle -->
				<control type="label">
					<top>52</top>
					<height>40</height>
					<font>Font36_Reg</font>
					<label>$INFO[Container(10051).ListItem.Property(Place_Of_Birth)]</label>
					<textcolor>$VAR[PanelHighlightColorVar]</textcolor>
					<scroll>true</scroll>
				</control>
				<!-- Info line -->
				<control type="group">
					<top>105</top>
					<control type="grouplist">
						<height>30</height>
						<usecontrolcoords>true</usecontrolcoords>
						<orientation>horizontal</orientation>
						<control type="image">
							<visible>!String.IsEmpty(Control.GetLabel(5301))</visible>
							<top>3</top>
							<width>30</width>
							<aspectratio>keep</aspectratio>
							<texture>$VAR[IconPathVar]calendar.png</texture>
						</control>
						<control type="label" id="5301">
							<width>auto</width>
							<font>Font30_Reg</font>
							<textcolor>$VAR[PanelTextColorVar]</textcolor>
							<label>$INFO[Container(10051).ListItem.Property(Birthday), ]$INFO[Container(10051).ListItem.Property(Deathday), - ]</label>
						</control>
					</control>
				</control>
				<control type="image">
					<top>152</top>
					<height>4</height>
					<texture border="0,0,220,0" colordiffuse="$VAR[PanelListSeparatorColorVar]">panels/separator.png</texture>
				</control>
				<!-- Container Info -->
				<control type="grouplist">
					<top>162</top>
					<height>40</height>
					<usecontrolcoords>true</usecontrolcoords>
					<orientation>horizontal</orientation>
					<control type="image">
						<top>3</top>
						<width>30</width>
						<aspectratio>keep</aspectratio>
						<texture>$VAR[EmbuaryInfoPersonContainerIcon]</texture>
					</control>
					<control type="label">
						<width>auto</width>
						<font>Font30_Reg</font>
						<label>$VAR[EmbuaryInfoPersonContainerLabel, ]</label>
						<textcolor>$VAR[PanelSubTextColorVar]</textcolor>
					</control>
				</control>
				<!-- Buttons -->
				<control type="list" id="9000">
					<top>555</top>
					<left>-10</left>
					<right>25</right>
					<height>80</height>
					<onup condition="Container(9000).Hasfocus(101)">SetFocus(10052)</onup>
					<onup condition="Container(9000).Hasfocus(102)">SetFocus(10053)</onup>
					<onup condition="Container(9000).Hasfocus(103)">SetFocus(10054)</onup>
					<include>InfoDialogButtons</include>
					<content>
						<item id="101">
							<description>Movies</description>
							<label></label>
							<label2>$LOCALIZE[342]</label2>
						</item>
						<item id="102">
							<description>TV Shows</description>
							<label></label>
							<label2>$LOCALIZE[20343]</label2>
						</item>
						<item id="103">
							<description>Images</description>
							<label></label>
							<label2>$LOCALIZE[1213]</label2>
						</item>
					</content>
				</control>
				<!-- Containers -->
				<control type="group" id="9001">
					<top>211</top>
					<!-- Movies -->
					<control type="panel" id="10052">
						<include content="DialogExtraInfo">
							<param name="visible">Container(9000).HasFocus(101)</param>
							<param name="overlayiconvisible">true</param>
						</include>
					</control>
					<!-- TV Shows -->
					<control type="panel" id="10053">
						<include content="DialogExtraInfo">
							<param name="visible">Container(9000).HasFocus(102)</param>
							<param name="overlayiconvisible">true</param>
						</include>
					</control>
					<!-- Images -->
					<control type="panel" id="10054">
						<include content="DialogExtraInfo">
							<param name="visible">Container(9000).HasFocus(103)</param>
						</include>
					</control>
				</control>
				<!-- Plot -->
				<control type="textbox">
					<top>644</top>
					<bottom>25</bottom>
					<font>Font30_Reg_105</font>
					<include>AutoScrollPlot</include>
					<label>$INFO[Container(10051).ListItem.Property(Biography)]</label>
				</control>
			</control>
		</control>
	</controls>
</window>