<?xml version="1.0" encoding="utf-8"?>
<includes>
	<include name="View521SquareIcon">
		<!-- Floor -->
		<include content="Floor">
			<param name="visible">Skin.HasSetting(View521HideFloor) + Control.IsVisible(521)</param>
			<param name="highlight">FloorHighlightMiddle</param>
		</include>
		<!-- Panel -->
		<control type="group">
			<visible>Control.IsVisible(521)</visible>
			<include>AnimationZoomWindow</include>
			<include>AnimationZoomVisible</include>
			<include content="PanelDefault">
				<param name="visible">!Skin.HasSetting(View521SmallIcons)</param>
				<param name="top">150</param>
				<param name="height">820</param>
				<param name="toptexture">170</param>
				<param name="heighttexture">780</param>
				<param name="reflecttop">935</param>
				<param name="reflect">!Skin.HasSetting(View521HideReflect)</param>
			</include>
			<include content="PanelDefault">
				<param name="visible">Skin.HasSetting(View521SmallIcons)</param>
				<param name="top">101</param>
				<param name="height">869</param>
				<param name="toptexture">121</param>
				<param name="heighttexture">829</param>
				<param name="reflecttop">935</param>
				<param name="reflect">!Skin.HasSetting(View521HideReflect)</param>
			</include>
			<control type="panel" id="521">
				<left>110</left>
				<width>1700</width>
				<include condition="!Skin.HasSetting(View521SmallIcons)">View521Height1</include>
				<include condition="Skin.HasSetting(View521SmallIcons)">View521Height2</include>
				<onleft>9050</onleft>
				<onright>60512</onright>
				<pagecontrol>60512</pagecontrol>
				<include>ContainerScrollTime</include>
				<viewtype label="$LOCALIZE[31260]">bigicon</viewtype>
				<itemlayout height="340" width="340" condition="!Skin.HasSetting(View521SmallIcons)">
					<include content="ViewArtwork">
						<param name="aspect">keep</param>
						<!-- <param name="aspect">scale</param> -->
						<param name="texturefadetime">0</param>
						<param name="diffuse">diffuse/rounded5-320x320.png</param>
						<param name="labelvisible">Container.Content(artists) + !Skin.HasSetting(View521DisableArtistLabel)</param>
					</include>
				</itemlayout>
				<focusedlayout height="340" width="340" condition="!Skin.HasSetting(View521SmallIcons)">
					<control type="image">
						<texture colordiffuse="$VAR[PanelHighlightColorVar]" border="10">buttons/thumb-select-focus.png</texture>
					</control>
					<control type="group">
						<animation type="Focus" reversible="false">
							<effect type="zoom" start="95" end="100" time="240" center="auto"/>
						</animation>
						<include content="ViewArtwork">
							<param name="aspect">keep</param>
							<!-- <param name="aspect">scale</param> -->
							<param name="texturefadetime">0</param>
							<param name="diffuse">diffuse/rounded5-320x320.png</param>
							<param name="labeltextcolor">$VAR[PanelTextColorVar]</param>
							<param name="labelvisible">Container.Content(artists) + !Skin.HasSetting(View521DisableArtistLabel)</param>
						</include>
					</control>
				</focusedlayout>
				<itemlayout height="243" width="242.85" condition="Skin.HasSetting(View521SmallIcons)">
					<control type="group">
						<include content="ViewArtwork">
							<param name="aspect">scale</param>
							<param name="texturefadetime">0</param>
							<param name="diffuse">diffuse/rounded5-223x207.png</param>
							<param name="labelvisible">Container.Content(artists) + !Skin.HasSetting(View521DisableArtistLabel)</param>
							<param name="labelfont">Font26_Cond_07</param>
						</include>
					</control>
				</itemlayout>
				<focusedlayout height="243" width="242.85" condition="Skin.HasSetting(View521SmallIcons)">
					<control type="group">
						<top>3.2</top>
						<control type="image">
							<texture colordiffuse="$VAR[PanelHighlightColorVar]" border="10">buttons/thumb-select-focus.png</texture>
						</control>
						<control type="group">
							<animation type="Focus" reversible="false">
								<effect type="zoom" start="95" end="100" time="240" center="auto"/>
							</animation>
							<include content="ViewArtwork">
								<param name="aspect">scale</param>
								<param name="texturefadetime">0</param>
								<param name="diffuse">diffuse/rounded5-223x207.png</param>
								<param name="labeltextcolor">$VAR[PanelTextColorVar]</param>
								<param name="labelvisible">Container.Content(artists) + !Skin.HasSetting(View521DisableArtistLabel)</param>
								<param name="labelfont">Font26_Cond_07</param>
							</include>
						</control>
					</control>
				</focusedlayout>
			</control>
			<control type="scrollbar" id="60512">
				<right>80</right>
				<include condition="!Skin.HasSetting(View521SmallIcons)">View521Scroll1</include>
				<include condition="Skin.HasSetting(View521SmallIcons)">View521Scroll2</include>
				<bottom>170</bottom>
				<onleft>521</onleft>
				<onright condition="Control.IsVisible(61300)">61300</onright>
			</control>
		</control>
		<!-- Bottom info/Media flags -->
		<control type="group">
			<visible>Control.IsVisible(521)</visible>
			<include content="AnimationSlideBottomWindow">
				<param name="slide">220</param>
			</include>
			<include content="ViewCoverFlowBottomInfo">
				<param name="logovisible">View521Logo</param>
			</include>
			<include condition="Window.IsVisible(MyMusicNav.xml)">MediaFlagsPanelAudio</include>
			<include condition="Window.IsVisible(MyMusicNav.xml)">MediaFlagsPanelVideos</include>
		</control>
	</include>
	<include name="View521Height1">
		<top>220</top>
		<height>680</height>
	</include>
	<include name="View521Height2">
		<top>171</top>
		<height>729</height>
	</include>
	<include name="View521Scroll1">
		<top>210</top>
	</include>
	<include name="View521Scroll2">
		<top>161</top>
	</include>
</includes>