<?xml version="1.0" encoding="UTF-8" standalone="yes"?>
<addon id="repository.kittmaster" name="KittmasterRepo" version="1.0.01" provider-name="kittmaster">
    <extension point="xbmc.addon.repository" name="Kittmaster Repository">
        <dir>
            <info compressed="false">https://raw.githubusercontent.com/kittmaster/KittmasterRepo/master/repo/zips/addons.xml</info>
            <checksum>https://raw.githubusercontent.com/kittmaster/KittmasterRepo/master/repo/zips/addons.xml.md5</checksum>
            <datadir zip="true">https://raw.githubusercontent.com/kittmaster/KittmasterRepo/master/repo/zips/</datadir>
        </dir>
    </extension>
    <extension point="xbmc.addon.metadata">
        <summary>KittmasterRepo</summary>
        <description>Kittmaster's Repository for Madnox</description>
        <disclaimer></disclaimer>
        <platform>all</platform>
        <assets>
            <icon>icon.png</icon>
            <fanart>fanart.jpg</fanart>
        </assets>
    </extension>
</addon>