<?xml version="1.0" encoding="UTF-8"?>
<includes>
	<include name="View55LowList">
		<!-- Video preview -->
		<control type="group">
			<visible>Control.IsVisible(55) + Player.HasVideo + Skin.HasSetting(View55VideoPreviewWindow)</visible>
			<include content="AnimationSlideRightWindow">
				<param name="slide">800</param>
			</include>
			<include content="AnimationSlideRightVisible">
				<param name="slide">800</param>
			</include>
			<top>100</top>
			<right>60</right>
			<width>730</width>
			<height>410</height>
			<control type="image">
				<texture>colors/black.png</texture>
			</control>
			<control type="videowindow"/>
			<control type="image">
				<bordersize>-10</bordersize>
				<texture border="20">thumbs/overlay2.png</texture>
			</control>
		</control>
		<!-- Panel -->
		<control type="group">
			<visible>Control.IsVisible(55)</visible>
			<include content="AnimationSlideBottomWindow">
				<param name="slide">1000</param>
				<param name="opencondition">Container.Content(movies) | Container.Content(sets) | Container.Content(tvshows) | Container.Content(seasons) | Container.Content(episodes)</param>
				<param name="closecondition">Container.Content(movies) | Container.Content(sets) | Container.Content(tvshows) | Container.Content(seasons) | Container.Content(episodes)</param>
			</include>
			<include content="AnimationSlideBottomVisible">
				<param name="slide">1000</param>
				<param name="opencondition">Container.Content(movies) | Container.Content(sets) | Container.Content(tvshows) | Container.Content(seasons) | Container.Content(episodes)</param>
				<param name="closecondition">Container.Content(movies) | Container.Content(sets) | Container.Content(tvshows) | Container.Content(seasons) | Container.Content(episodes)</param>
			</include>
			<include content="AnimationSlideBottomWindow">
				<param name="slide">765</param>
				<param name="opencondition">![Container.Content(movies) | Container.Content(sets) | Container.Content(tvshows) | Container.Content(seasons) | Container.Content(episodes)]</param>
				<param name="closecondition">![Container.Content(movies) | Container.Content(sets) | Container.Content(tvshows) | Container.Content(seasons) | Container.Content(episodes)]</param>
			</include>
			<include content="AnimationSlideBottomVisible">
				<param name="slide">765</param>
				<param name="opencondition">![Container.Content(movies) | Container.Content(sets) | Container.Content(tvshows) | Container.Content(seasons) | Container.Content(episodes)]</param>
				<param name="closecondition">![Container.Content(movies) | Container.Content(sets) | Container.Content(tvshows) | Container.Content(seasons) | Container.Content(episodes)]</param>
			</include>
			<include content="PanelWide">
				<param name="top">550</param>
				<param name="toptexture">570</param>
				<param name="topshadow">550</param>
				<param name="height">530</param>
				<param name="heighttexture">510</param>
			</include>
			<!-- List -->
			<control type="list" id="55">
				<left>545</left>
				<bottom>10</bottom>
				<width>802</width>
				<height>500</height>
				<onleft>9050</onleft>
				<onright>6055</onright>71.43
				<pagecontrol>6055</pagecontrol>
				<include>ContainerScrollTime</include>
				<viewtype label="$LOCALIZE[31223]">list</viewtype>
				<include content="ViewContainerList">
					<param name="id">55</param>
					<param name="listheight">71.4</param>
					<param name="biglistvisible">Skin.HasSetting(View55BigList)</param>
				</include>
			</control>
			<control type="image">
				<right>570</right>
				<top>570</top>
				<width>4</width>
				<height>510</height>
				<texture colordiffuse="$VAR[PanelListSeparatorColorVar]">panels/line-vertical.png</texture>
			</control>
			<control type="image">
				<bottom>108</bottom>
				<right>0</right>
				<width>572</width>
				<height>4</height>
				<texture colordiffuse="$VAR[PanelListSeparatorColorVar]">panels/line-horizontal.png</texture>
			</control>
			<control type="scrollbar" id="6055">
				<left>1327</left>
				<top>680</top>
				<bottom>10</bottom>
				<onleft>55</onleft>
				<onright>60551</onright>
			</control>
			<!-- Art -->
			<control type="group">
				<visible>Container.Content(movies) | Container.Content(sets) | Container.Content(tvshows) | Container.Content(seasons) | Container.Content(episodes)</visible>
				<bottom>0</bottom>
				<width>555</width>
				<height>822</height>
				<control type="image">
					<visible>!Skin.HasSetting(View55HideDiscArt) + Container.Content(movies)</visible>
					<include>AnimationDiscArtLibrary</include>
					<left>40</left>
					<bottom>555</bottom>
					<width>475</width>
					<height>475</height>
					<fadetime>TextureFadeTime</fadetime>
					<texture diffuse="diffuse/disc.png" background="true">$VAR[LibraryVideoDiscArtVar]</texture>
				</control>
				<control type="group">
					<visible>!Skin.HasSetting(View55VideoCase)</visible>
					<include content="ViewArtwork">
						<param name="diffuse">diffuse/rounded5-535x802.png</param>
					</include>
				</control>
				<control type="group">
					<visible>Skin.HasSetting(View55VideoCase)</visible>
					<include content="ViewArtworkVideoCase">
						<param name="bordersize">19,63,19,23</param>
					</include>
				</control>
			</control>
			<control type="group">
				<visible>Container.Content(albums) | Container.Content(songs) | Container.Content(musicvideos)</visible>
				<bottom>0</bottom>
				<width>555</width>
				<height>555</height>
				<control type="group">
					<visible>!Skin.HasSetting(View55AlbumCase)</visible>
					<control type="image">
						<visible>!Skin.HasSetting(View55HideDiscArt)</visible>
						<include>AnimationDiscArtLibrary</include>
						<left>20</left>
						<bottom>277</bottom>
						<width>515</width>
						<height>515</height>
						<fadetime>TextureFadeTime</fadetime>
						<texture diffuse="diffuse/disc.png" background="true">$VAR[LibraryAudioDiscArtVar]</texture>
					</control>
					<include content="ViewArtwork">
						<param name="diffuse">diffuse/rounded5-535x535.png</param>
					</include>
				</control>
				<control type="group">
					<visible>Skin.HasSetting(View55AlbumCase)</visible>
					<bottom>0</bottom>
					<height>520</height>
					<control type="image">
						<visible>!Skin.HasSetting(View55HideDiscArt)</visible>
						<include>AnimationDiscArtLibrary</include>
						<left>73</left>
						<bottom>277</bottom>
						<width>447</width>
						<height>447</height>
						<fadetime>TextureFadeTime</fadetime>
						<texture diffuse="diffuse/disc.png" background="true">$VAR[LibraryAudioDiscArtVar]</texture>
					</control>
					<include content="ViewArtworkAudioCase">
						<param name="bordersize">52,15,15,15</param>
					</include>
				</control>
			</control>
			<control type="group">
				<visible>![Container.Content(movies) | Container.Content(sets) | Container.Content(tvshows) | Container.Content(seasons) | Container.Content(episodes) | Container.Content(albums) | Container.Content(songs) | Container.Content(musicvideos)]</visible>
				<bottom>0</bottom>
				<width>555</width>
				<height>555</height>
				<include content="ViewArtwork">
					<param name="diffuse">diffuse/rounded5-535x535.png</param>
				</include>
			</control>
			<control type="image">
				<visible>[!Skin.HasSetting(View55HideLogo) + !Skin.HasSetting(View55VideoPreviewWindow)] | [!Skin.HasSetting(View55HideLogo) + Skin.HasSetting(View55VideoPreviewWindow) + !Player.HasVideo]</visible>
				<bottom>520</bottom>
				<right>10</right>
				<width>552</width>
				<height>214</height>
				<aspectratio>keep</aspectratio>
				<fadetime>TextureFadeTime</fadetime>
				<texture background="true">$VAR[ClearLogoVar]</texture>
			</control>
			<!-- Info -->
			<control type="grouplist">
				<top>585</top>
				<right>20</right>
				<width>530</width>
				<height>796</height>
				<include>ViewListInfo</include>
				<control type="textbox">
					<top>-3</top>
					<height>285</height>
					<font>Font28_Reg_106</font>
					<label>$VAR[ViewPlotVar]</label>
					<pagecontrol>60551</pagecontrol>
					<include>AutoScrollPlot</include>
				</control>
			</control>
			<control type="scrollbar" id="60551">
				<animation effect="slide" end="-5" time="200" condition="Control.HasFocus(60551)">Conditional</animation>
				<right>-20</right>
				<top>662</top>
				<bottom>132</bottom>
				<onleft>6055</onleft>
				<onright condition="Control.IsVisible(61300)">61300</onright>
			</control>
		</control>
		<!-- Media flags Fix overlapping icons when Movie & TV Show is linked -->	
		<control type="group">
			<visible>Control.IsVisible(55)</visible>
			<include content="AnimationSlideBottomWindow">
				<param name="slide">220</param>
			</include>
			<control type="group">
				<visible>Control.IsVisible(55) + String.Contains(ListItem.DBType, "movie")</visible>
			<include condition="Window.IsVisible(MyVideoNav.xml)" content="MediaFlagsVideos4">
				<param name="right">20</param>
				<param name="bottom">15</param>
			</include>
			</control>
			<control type="group">
				<visible>Control.IsVisible(55) + !String.Contains(ListItem.DBType, "season") &amp; String.Contains(ListItem.DBType, "episode")</visible>
			<include condition="Window.IsVisible(MyVideoNav.xml)" content="MediaFlagsVideos4">
				<param name="right">20</param>
				<param name="bottom">15</param>
			</include>			
			</control>			
			<control type="group">
				<visible>Control.IsVisible(55) + String.Contains(ListItem.DBType, "season")</visible>
			<include condition="Window.IsVisible(MyVideoNav.xml)" content="MediaFlagsTVShows">
				<param name="right">20</param>
				<param name="bottom">15</param>
			</include>				
			</control>
			<control type="group">
				<visible>Control.IsVisible(55) + String.Contains(ListItem.DBType, "tvshow") | Container.Content(tvshows) </visible>
			<include condition="Window.IsVisible(MyVideoNav.xml)" content="MediaFlagsTVShows">
				<param name="right">20</param>
				<param name="bottom">15</param>
			</include>				
			</control>			
			<include condition="Window.IsVisible(MyMusicNav.xml)" content="MediaFlagsAudio">
				<param name="right">20</param>
				<param name="bottom">15</param>
			</include>
		</control>		
		
<!-- 	<control type="group">
			<visible>Control.IsVisible(55)</visible>
			<include content="AnimationSlideBottomWindow">
				<param name="slide">220</param>
			</include>
			<include condition="Window.IsVisible(MyVideoNav.xml)" content="MediaFlagsTVShows">
				<param name="right">20</param>
				<param name="bottom">15</param>
			</include>
			<include condition="Window.IsVisible(MyVideoNav.xml)" content="MediaFlagsVideos4">
				<param name="right">20</param>
				<param name="bottom">15</param>
			</include>
			<include condition="Window.IsVisible(MyMusicNav.xml)" content="MediaFlagsAudio">
				<param name="right">20</param>
				<param name="bottom">15</param>
			</include>
		</control> -->
	</include>
</includes>