<?xml version="1.0" encoding="utf-8"?>
<includes>
	<include name="BackgroundDefault">
		<param name="imagepath"/>
		<param name="animatedfanart"/>
		<definition>
			<!-- Now Playing -->
			<control type="videowindow">
				<visible>Player.HasVideo + Skin.HasSetting(NowplayingVideoBackground)</visible>
				<include>FullScreenDimensions</include>
			</control>
			<control type="visualisation">
				<visible>Player.HasAudio + Visualisation.Enabled + Skin.HasSetting(NowplayingVizBackground)</visible>
				<include>FullScreenDimensions</include>
			</control>
			<control type="group">
				<visible>Player.HasAudio + !String.IsEmpty(Skin.String(NowPlayingMusicBackground))</visible>
				<include>AnimationWindowFade</include>
				<!-- Extra fanart -->
				<control type="fadelabel" id="71111">
					<visible>Skin.String(NowPlayingMusicBackground,extra)</visible>
					<top>-1000</top>
					<width>1</width>
					<height>1</height>
					<scroll>false</scroll>
					<randomize>true</randomize>
					<scrollout>false</scrollout>
					<include>FadeLabelTime</include>
					<resetonlabelchange>true</resetonlabelchange>
					<label>$INFO[Player.Art(fanart)]</label>
					<label>$INFO[Player.Art(artist.fanart1)]</label>
					<label>$INFO[Player.Art(artist.fanart2)]</label>
					<label>$INFO[Player.Art(artist.fanart3)]</label>
					<label>$INFO[Player.Art(artist.fanart4)]</label>
					<label>$INFO[Player.Art(artist.fanart5)]</label>
					<label>$INFO[Player.Art(artist.fanart6)]</label>
					<label>$INFO[Player.Art(artist.fanart7)]</label>
					<label>$INFO[Player.Art(artist.fanart8)]</label>
					<label>$INFO[Player.Art(artist.fanart9)]</label>
					<label>$INFO[Player.Art(artist.fanart10)]</label>
					<label>$INFO[Player.Art(albumartist.fanart1)]</label>
					<label>$INFO[Player.Art(albumartist.fanart2)]</label>
					<label>$INFO[Player.Art(albumartist.fanart3)]</label>
					<label>$INFO[Player.Art(albumartist.fanart4)]</label>
					<label>$INFO[Player.Art(albumartist.fanart5)]</label>
					<label>$INFO[Player.Art(albumartist.fanart6)]</label>
					<label>$INFO[Player.Art(albumartist.fanart7)]</label>
					<label>$INFO[Player.Art(albumartist.fanart8)]</label>
					<label>$INFO[Player.Art(albumartist.fanart9)]</label>
					<label>$INFO[Player.Art(albumartist.fanart10)]</label>
				</control>
				<control type="multiimage">
					<visible>!Visualisation.Enabled | !Skin.HasSetting(NowplayingVizBackground)</visible>
					<include content="BackgroundFanartImage">
						<param name="animatedfanart">$PARAM[animatedfanart]</param>
					</include>
					<imagepath background="true">$VAR[NowPlayingMusicBackgroundVar]</imagepath>
				</control>
				<control type="multiimage">
					<visible>Visualisation.Enabled + Skin.HasSetting(NowplayingVizBackground)</visible>
					<include content="BackgroundFanartImage">
						<param name="animatedfanart">$PARAM[animatedfanart]</param>
					</include>
					<imagepath background="true" colordiffuse="AAFFFFFF">$VAR[NowPlayingMusicBackgroundVar]</imagepath>
				</control>
			</control>
			<!-- Skin background -->
			<control type="group">
				<visible>!Player.HasMedia | [Player.HasVideo + !Skin.HasSetting(NowplayingVideoBackground)] | [Player.HasAudio + String.IsEmpty(Skin.String(NowPlayingMusicBackground))]</visible>
				<include>AnimationWindowFade</include>
				<control type="multiimage">
					<visible>!Player.HasAudio | [Player.HasAudio + [!Visualisation.Enabled | !Skin.HasSetting(NowplayingVizBackground)]]</visible>
					<include content="BackgroundFanartImage">
						<param name="animatedfanart">$PARAM[animatedfanart]</param>
					</include>
					<imagepath background="true">$PARAM[imagepath]</imagepath>
				</control>
				<control type="multiimage">
					<visible>Player.HasAudio + Visualisation.Enabled + Skin.HasSetting(NowplayingVizBackground)</visible>
					<include content="BackgroundFanartImage">
						<param name="animatedfanart">$PARAM[animatedfanart]</param>
					</include>
					<imagepath background="true" colordiffuse="AAFFFFFF">$PARAM[imagepath]</imagepath>
				</control>
				<!-- Cover backgrounds -->
				<include condition="Window.IsActive(Home)">skinshortcuts-template-coverBackground</include>
				<include condition="Window.IsActive(Home)">skinshortcuts-template-coverBackgroundSubmenu</include>
				<include condition="Window.IsActive(videos)">CoverBackgroundVideos</include>
				<include condition="Window.IsActive(music)">CoverBackgroundMusic</include>
			</control>
			<!-- Background theme textures -->
			<control type="image">
				<include>FullScreenDimensions</include>
				<texture colordiffuse="$VAR[BackgroundTextureColorVar]">$INFO[Skin.String(BackgroundTexture.texture)]</texture>
				<visible>!String.IsEmpty(Skin.String(BackgroundTexture.texture))</visible>
			</control>
			<control type="image">
				<include>FullScreenDimensions</include>
				<texture colordiffuse="$VAR[BackgroundShadowColorVar]">panels/patterns/shadow.png</texture>
				<visible>Skin.HasSetting(BackgroundShadow)</visible>
			</control>
			<!-- Background effects -->
			<control type="group">
				<visible>!String.IsEmpty(Skin.String(BackgroundEffect.texture))</visible>
				<include content="EffectBackgroundXY">
					<param name="visible">Skin.String(BackgroundEffect.texture,snow)</param>
					<param name="effect">snow</param>
				</include>
				<include content="EffectBackgroundXY">
					<param name="visible">Skin.String(BackgroundEffect.texture,leaves)</param>
					<param name="effect">leaves</param>
				</include>
				<include content="EffectBackgroundXY">
					<param name="visible">Skin.String(BackgroundEffect.texture,valentine)</param>
					<param name="effect">valentine</param>
				</include>
				<include content="EffectBackgroundXY">
					<param name="visible">Skin.String(BackgroundEffect.texture,confetti)</param>
					<param name="effect">confetti</param>
				</include>
				<include content="EffectBackgroundX">
					<param name="visible">Skin.String(BackgroundEffect.texture,easter)</param>
					<param name="effect">easter</param>
				</include>
			</control>
		</definition>
	</include>
	<include name="CoverBackgroundPoster">
		<visible>!String.IsEmpty(Container($PARAM[id]).ListItemAbsolute($PARAM[item]).Art(poster)) | !String.IsEmpty(Container($PARAM[id]).ListItemAbsolute($PARAM[item]).Art(tvshow.poster)) | !String.IsEmpty(Container($PARAM[id]).ListItemAbsolute($PARAM[item]).Art(season.poster))</visible>
		<width>340</width>
		<height>500</height>
		<control type="image">
			<visible>!String.IsEmpty(Container($PARAM[id]).ListItemAbsolute($PARAM[item]).Art(poster))</visible>
			<bordersize>10</bordersize>
			<fadetime>TextureFadeTime</fadetime>
			<aspectratio scalediffuse="false">scale</aspectratio>
			<texture background="true" diffuse="$PARAM[diffuse]">$INFO[Container($PARAM[id]).ListItemAbsolute($PARAM[item]).Art(poster)]</texture>
		</control>
		<control type="image">
			<visible>String.IsEmpty(Container($PARAM[id]).ListItemAbsolute($PARAM[item]).Art(poster)) + !String.IsEmpty(Container($PARAM[id]).ListItemAbsolute($PARAM[item]).Art(season.poster))</visible>
			<bordersize>10</bordersize>
			<fadetime>TextureFadeTime</fadetime>
			<aspectratio scalediffuse="false">scale</aspectratio>
			<texture background="true" diffuse="$PARAM[diffuse]">$INFO[Container($PARAM[id]).ListItemAbsolute($PARAM[item]).Art(season.poster)]</texture>
		</control>
		<control type="image">
			<visible>String.IsEmpty(Container($PARAM[id]).ListItemAbsolute($PARAM[item]).Art(poster)) + String.IsEmpty(Container($PARAM[id]).ListItemAbsolute($PARAM[item]).Art(season.poster))</visible>
			<bordersize>10</bordersize>
			<fadetime>TextureFadeTime</fadetime>
			<aspectratio scalediffuse="false">scale</aspectratio>
			<texture background="true" diffuse="$PARAM[diffuse]">$INFO[Container($PARAM[id]).ListItemAbsolute($PARAM[item]).Art(tvshow.poster)]</texture>
		</control>
		<control type="image">
			<visible>!$PARAM[casevisible]</visible>
			<texture border="20">thumbs/overlay.png</texture>
		</control>
		<control type="image">
			<visible>$PARAM[casevisible] + ![String.IsEqual(Container($PARAM[id]).ListItem.DBTYPE,tvshow) | String.IsEqual(Container($PARAM[id]).ListItem.DBTYPE,season)]</visible>
			<bordersize>-5,-36,-5,-10</bordersize>
			<texture background="true" border="15">thumbs\case\portrait\$INFO[Container($PARAM[id]).ListItemAbsolute($PARAM[item]).VideoResolution]p.png</texture>
		</control>
		<control type="image">
			<visible>$PARAM[casevisible] + [String.IsEqual(Container($PARAM[id]).ListItem.DBTYPE,tvshow) | String.IsEqual(Container($PARAM[id]).ListItem.DBTYPE,season)]</visible>
			<bordersize>-5,-36,-5,-10</bordersize>
			<texture background="true" border="15">thumbs\case\portrait\tvshow.png</texture>
		</control>
		<control type="image">
			<visible>$PARAM[casevisible] + !Skin.HasSetting(MediaFlagsColored) + [String.IsEqual(Container($PARAM[id]).ListItem.DBTYPE,tvshow) | String.IsEqual(Container($PARAM[id]).ListItem.DBTYPE,season)]</visible>
			<top>-25</top>
			<height>36</height>
			<align>center</align>
			<aspectratio>keep</aspectratio>
			<fadetime>TextureFadeTime</fadetime>
			<texture background="true">$INFO[Container($PARAM[id]).ListItem($PARAM[item]).Studio,resource://resource.images.studios.white/,.png]</texture>
		</control>
		<control type="image">
			<visible>$PARAM[casevisible] + Skin.HasSetting(MediaFlagsColored) + [String.IsEqual(Container($PARAM[id]).ListItem.DBTYPE,tvshow) | String.IsEqual(Container($PARAM[id]).ListItem.DBTYPE,season)]</visible>
			<top>-25</top>
			<height>36</height>
			<align>center</align>
			<aspectratio>keep</aspectratio>
			<fadetime>TextureFadeTime</fadetime>
			<texture background="true">$INFO[Container($PARAM[id]).ListItem($PARAM[item]).Studio,resource://resource.images.studios.coloured/,.png]</texture>
		</control>
	</include>
	<include name="CoverBackgroundSquare">
		<visible>!String.IsEmpty(Container($PARAM[id]).ListItemAbsolute($PARAM[item]).Art(thumb))</visible>
		<width>390</width>
		<height>390</height>
		<control type="image">
			<bordersize>10</bordersize>
			<fadetime>TextureFadeTime</fadetime>
			<aspectratio scalediffuse="false">scale</aspectratio>
			<texture background="true" diffuse="$PARAM[diffuse]">$INFO[Container($PARAM[id]).ListItemAbsolute($PARAM[item]).Art(thumb)]</texture>
		</control>
		<control type="image">
			<visible>!$PARAM[casevisible]</visible>
			<texture border="20">thumbs/overlay.png</texture>
		</control>
		<control type="image">
			<visible>$PARAM[casevisible]</visible>
			<bordersize>-34,-4,-4,-4</bordersize>
			<texture background="true" border="15">thumbs\case\cd.png</texture>
		</control>
	</include>
	<include name="CoverBackground">
		<param name="id"/>
		<param name="diffuse">false</param>
		<param name="casevisible">false</param>
		<param name="portraitvisible">false</param>
		<param name="squarevisible">false</param>
		<definition>
			<control type="group">
				<visible>$PARAM[portraitvisible]</visible>
				<include>AnimationWindowFade</include>
				<include>AnimationVisibleFade</include>
				<top>-50</top>
				<left>30</left>
				<control type="group">
					<description>Case 10</description>
					<animation effect="rotate" center="auto" start="-25" end="-25" time="0" condition="true">Conditional</animation>
					<top>490</top>
					<left>1590</left>
					<include content="CoverBackgroundPoster">
						<param name="id">$PARAM[id]</param>
						<param name="item">9</param>
						<param name="diffuse">$PARAM[diffuseportrait]</param>
						<param name="casevisible">$PARAM[casevisible]</param>
					</include>
				</control>
				<control type="group">
					<description>Case 9</description>
					<animation effect="rotate" center="auto" start="20" end="20" time="0" condition="true">Conditional</animation>
					<top>720</top>
					<left>1230</left>
					<include content="CoverBackgroundPoster">
						<param name="id">$PARAM[id]</param>
						<param name="item">8</param>
						<param name="diffuse">$PARAM[diffuseportrait]</param>
						<param name="casevisible">$PARAM[casevisible]</param>
					</include>
				</control>
				<control type="group">
					<description>Case 8</description>
					<animation effect="rotate" center="auto" start="-20" end="-20" time="0" condition="true">Conditional</animation>
					<top>610</top>
					<left>760</left>
					<include content="CoverBackgroundPoster">
						<param name="id">$PARAM[id]</param>
						<param name="item">7</param>
						<param name="diffuse">$PARAM[diffuseportrait]</param>
						<param name="casevisible">$PARAM[casevisible]</param>
					</include>
				</control>
				<control type="group">
					<description>Case 7</description>
					<animation effect="rotate" center="auto" start="10" end="10" time="0" condition="true">Conditional</animation>
					<top>630</top>
					<left>400</left>
					<include content="CoverBackgroundPoster">
						<param name="id">$PARAM[id]</param>
						<param name="item">6</param>
						<param name="diffuse">$PARAM[diffuseportrait]</param>
						<param name="casevisible">$PARAM[casevisible]</param>
					</include>
				</control>
				<control type="group">
					<description>Case 6</description>
					<animation effect="rotate" center="auto" start="-10" end="-10" time="0" condition="true">Conditional</animation>
					<top>550</top>
					<left>30</left>
					<include content="CoverBackgroundPoster">
						<param name="id">$PARAM[id]</param>
						<param name="item">5</param>
						<param name="diffuse">$PARAM[diffuseportrait]</param>
						<param name="casevisible">$PARAM[casevisible]</param>
					</include>
				</control>
				<control type="group">
					<description>Case 5</description>
					<animation effect="rotate" center="auto" start="25" end="25" time="0" condition="true">Conditional</animation>
					<top>20</top>
					<left>1400</left>
					<include content="CoverBackgroundPoster">
						<param name="id">$PARAM[id]</param>
						<param name="item">4</param>
						<param name="diffuse">$PARAM[diffuseportrait]</param>
						<param name="casevisible">$PARAM[casevisible]</param>
					</include>
				</control>
				<control type="group">
					<description>Case 4</description>
					<animation effect="rotate" center="auto" start="10" end="10" time="0" condition="true">Conditional</animation>
					<top>240</top>
					<left>1150</left>
					<include content="CoverBackgroundPoster">
						<param name="id">$PARAM[id]</param>
						<param name="item">3</param>
						<param name="diffuse">$PARAM[diffuseportrait]</param>
						<param name="casevisible">$PARAM[casevisible]</param>
					</include>
				</control>
				<control type="group">
					<description>Case 3</description>
					<animation effect="rotate" center="auto" start="-10" end="-10" time="0" condition="true">Conditional</animation>
					<top>120</top>
					<left>800</left>
					<include content="CoverBackgroundPoster">
						<param name="id">$PARAM[id]</param>
						<param name="item">2</param>
						<param name="diffuse">$PARAM[diffuseportrait]</param>
						<param name="casevisible">$PARAM[casevisible]</param>
					</include>
				</control>
				<control type="group">
					<description>Case 2</description>
					<animation effect="rotate" center="auto" start="3" end="3" time="0" condition="true">Conditional</animation>
					<top>120</top>
					<left>400</left>
					<include content="CoverBackgroundPoster">
						<param name="id">$PARAM[id]</param>
						<param name="item">1</param>
						<param name="diffuse">$PARAM[diffuseportrait]</param>
						<param name="casevisible">$PARAM[casevisible]</param>
					</include>
				</control>
				<control type="group">
					<description>Case 1</description>
					<animation effect="rotate" center="auto" start="15" end="15" time="0" condition="true">Conditional</animation>
					<top>40</top>
					<left>90</left>
					<include content="CoverBackgroundPoster">
						<param name="id">$PARAM[id]</param>
						<param name="item">0</param>
						<param name="diffuse">$PARAM[diffuseportrait]</param>
						<param name="casevisible">$PARAM[casevisible]</param>
					</include>
				</control>
			</control>
			<control type="group">
				<visible>$PARAM[squarevisible]</visible>
				<include>AnimationWindowFade</include>
				<include>AnimationVisibleFade</include>
				<top>0</top>
				<left>0</left>
				<control type="group">
					<description>Case 10</description>
					<animation effect="rotate" center="auto" start="-25" end="-25" time="0" condition="true">Conditional</animation>
					<top>490</top>
					<left>1590</left>
					<include content="CoverBackgroundSquare">
						<param name="id">$PARAM[id]</param>
						<param name="item">9</param>
						<param name="diffuse">$PARAM[diffusesquare]</param>
						<param name="casevisible">$PARAM[casevisible]</param>
					</include>
				</control>
				<control type="group">
					<description>Case 9</description>
					<animation effect="rotate" center="auto" start="20" end="20" time="0" condition="true">Conditional</animation>
					<top>720</top>
					<left>1230</left>
					<include content="CoverBackgroundSquare">
						<param name="id">$PARAM[id]</param>
						<param name="item">8</param>
						<param name="diffuse">$PARAM[diffusesquare]</param>
						<param name="casevisible">$PARAM[casevisible]</param>
					</include>
				</control>
				<control type="group">
					<description>Case 8</description>
					<animation effect="rotate" center="auto" start="-20" end="-20" time="0" condition="true">Conditional</animation>
					<top>610</top>
					<left>760</left>
					<include content="CoverBackgroundSquare">
						<param name="id">$PARAM[id]</param>
						<param name="item">7</param>
						<param name="diffuse">$PARAM[diffusesquare]</param>
						<param name="casevisible">$PARAM[casevisible]</param>
					</include>
				</control>
				<control type="group">
					<description>Case 7</description>
					<animation effect="rotate" center="auto" start="10" end="10" time="0" condition="true">Conditional</animation>
					<top>630</top>
					<left>400</left>
					<include content="CoverBackgroundSquare">
						<param name="id">$PARAM[id]</param>
						<param name="item">6</param>
						<param name="diffuse">$PARAM[diffusesquare]</param>
						<param name="casevisible">$PARAM[casevisible]</param>
					</include>
				</control>
				<control type="group">
					<description>Case 6</description>
					<animation effect="rotate" center="auto" start="-10" end="-10" time="0" condition="true">Conditional</animation>
					<top>550</top>
					<left>30</left>
					<include content="CoverBackgroundSquare">
						<param name="id">$PARAM[id]</param>
						<param name="item">5</param>
						<param name="diffuse">$PARAM[diffusesquare]</param>
						<param name="casevisible">$PARAM[casevisible]</param>
					</include>
				</control>
				<control type="group">
					<description>Case 5</description>
					<animation effect="rotate" center="auto" start="25" end="25" time="0" condition="true">Conditional</animation>
					<top>20</top>
					<left>1400</left>
					<include content="CoverBackgroundSquare">
						<param name="id">$PARAM[id]</param>
						<param name="item">4</param>
						<param name="diffuse">$PARAM[diffusesquare]</param>
						<param name="casevisible">$PARAM[casevisible]</param>
					</include>
				</control>
				<control type="group">
					<description>Case 4</description>
					<animation effect="rotate" center="auto" start="10" end="10" time="0" condition="true">Conditional</animation>
					<top>240</top>
					<left>1150</left>
					<include content="CoverBackgroundSquare">
						<param name="id">$PARAM[id]</param>
						<param name="item">3</param>
						<param name="diffuse">$PARAM[diffusesquare]</param>
						<param name="casevisible">$PARAM[casevisible]</param>
					</include>
				</control>
				<control type="group">
					<description>Case 3</description>
					<animation effect="rotate" center="auto" start="-10" end="-10" time="0" condition="true">Conditional</animation>
					<top>120</top>
					<left>800</left>
					<include content="CoverBackgroundSquare">
						<param name="id">$PARAM[id]</param>
						<param name="item">2</param>
						<param name="diffuse">$PARAM[diffusesquare]</param>
						<param name="casevisible">$PARAM[casevisible]</param>
					</include>
				</control>
				<control type="group">
					<description>Case 2</description>
					<animation effect="rotate" center="auto" start="3" end="3" time="0" condition="true">Conditional</animation>
					<top>120</top>
					<left>400</left>
					<include content="CoverBackgroundSquare">
						<param name="id">$PARAM[id]</param>
						<param name="item">1</param>
						<param name="diffuse">$PARAM[diffusesquare]</param>
						<param name="casevisible">$PARAM[casevisible]</param>
					</include>
				</control>
				<control type="group">
					<description>Case 1</description>
					<animation effect="rotate" center="auto" start="15" end="15" time="0" condition="true">Conditional</animation>
					<top>40</top>
					<left>90</left>
					<include content="CoverBackgroundSquare">
						<param name="id">$PARAM[id]</param>
						<param name="item">0</param>
						<param name="diffuse">$PARAM[diffusesquare]</param>
						<param name="casevisible">$PARAM[casevisible]</param>
					</include>
				</control>
			</control>
		</definition>
	</include>
	<include name="CoverBackgroundVideos">
		<include content="CoverBackground">
			<param name="id">7001</param>
			<param name="diffuse">diffuse/rounded5-330x495.png</param>
			<param name="casevisible">Skin.HasSetting(VideoSetCoverCase)</param>
			<param name="portraitvisible">Skin.HasSetting(VideoSetCover) + String.IsEqual(ListItem.DBTYPE,set)</param>
		</include>
		<include content="CoverBackground">
			<param name="id">7001</param>
			<param name="diffuse">diffuse/rounded5-330x495.png</param>
			<param name="casevisible">Skin.HasSetting(VideoSeasonCoverCase)</param>
			<param name="portraitvisible">Skin.HasSetting(VideoSeasonCover) + String.IsEqual(ListItem.DBTYPE,tvshow)</param>
		</include>
		<include content="CoverBackground">
			<param name="id">7002</param>
			<param name="diffuse">diffuse/rounded5-330x495.png</param>
			<param name="casevisible">Skin.HasSetting(VideoGenreCoverCase)</param>
			<param name="portraitvisible">!String.Contains(ListItem(1).FolderPath,music) + Skin.HasSetting(VideoGenreCover) + String.IsEqual(ListItem.DBTYPE,genre)</param>
		</include>
	</include>
	<include name="CoverBackgroundMusic">
		<include content="CoverBackground">
			<param name="id">7001</param>
			<param name="diffuse">diffuse/rounded5-330x495.png</param>
			<param name="casevisible">Skin.HasSetting(MusicAlbumCoverCase)</param>
			<param name="squarevisible">Skin.HasSetting(MusicAlbumCover) + String.IsEqual(ListItem.DBTYPE,artist)</param>
		</include>
		<include content="CoverBackground">
			<param name="id">7002</param>
			<param name="diffuse">diffuse/rounded5-330x495.png</param>
			<param name="squarevisible">!String.Contains(ListItem(1).FolderPath,musicvideos) + Skin.HasSetting(MusicGenreCover) + String.IsEqual(ListItem.DBTYPE,genre)</param>
		</include>
	</include>
	<include name="EffectBackgroundXY">
		<param name="visible">false</param>
		<param name="effect"/>
		<definition>
			<control type="group">
				<visible>$PARAM[visible]</visible>
				<control type="group">
					<left>100</left>
					<control type="image">
						<left>60</left>
						<width>35</width>
						<height>35</height>
						<texture>effects/$PARAM[effect]/3.png</texture>
						<aspectratio scalediffuse="false">keep</aspectratio>
						<animation effect="slide" start="0,-50" end="0,1180" time="19000" delay="0" reversible="false" loop="true" condition="true">Conditional</animation>
						<animation effect="rotate" end="-360" time="12000" loop="true" center="auto" condition="true">Conditional</animation>
						<animation effect="rotatey" end="-360" time="8000" loop="true" center="auto" condition="true">Conditional</animation>
					</control>
					<control type="image">
						<left>260</left>
						<width>35</width>
						<height>35</height>
						<texture>effects/$PARAM[effect]/5.png</texture>
						<aspectratio scalediffuse="false">keep</aspectratio>
						<animation effect="slide" start="0,-600" end="0,1180" time="28000" delay="0" reversible="false" loop="true" condition="true">Conditional</animation>
						<animation effect="rotate" end="-360" time="12000" loop="true" center="auto" condition="true">Conditional</animation>
						<animation effect="rotatey" end="-360" time="14000" loop="true" center="auto" condition="true">Conditional</animation>
					</control>
					<control type="image">
						<left>380</left>
						<width>35</width>
						<height>35</height>
						<texture>effects/$PARAM[effect]/2.png</texture>
						<aspectratio scalediffuse="false">keep</aspectratio>
						<animation effect="slide" start="0,-960" end="0,1180" time="34000" delay="0" reversible="false" loop="true" condition="true">Conditional</animation>
						<animation effect="rotate" end="-360" time="10000" loop="true" center="auto" condition="true">Conditional</animation>
						<animation effect="rotatey" end="-360" time="17000" loop="true" center="auto" condition="true">Conditional</animation>
					</control>
					<control type="image">
						<left>622</left>
						<width>35</width>
						<height>35</height>
						<texture>effects/$PARAM[effect]/4.png</texture>
						<aspectratio scalediffuse="false">keep</aspectratio>
						<animation effect="slide" start="0,-100" end="0,1180" time="20000" delay="0" reversible="false" loop="true" condition="true">Conditional</animation>
						<animation effect="rotate" end="-360" time="8000" loop="true" center="auto" condition="true">Conditional</animation>
						<animation effect="rotatey" end="-360" time="10000" loop="true" center="auto" condition="true">Conditional</animation>
					</control>
					<control type="image">
						<left>960</left>
						<width>35</width>
						<height>35</height>
						<texture>effects/$PARAM[effect]/2.png</texture>
						<aspectratio scalediffuse="false">keep</aspectratio>
						<animation effect="slide" start="0,-500" end="0,1180" time="24000" delay="0" reversible="false" loop="true" condition="true">Conditional</animation>
						<animation effect="rotate" end="-360" time="12000" loop="true" center="auto" condition="true">Conditional</animation>
						<animation effect="rotatey" end="-360" time="12000" loop="true" center="auto" condition="true">Conditional</animation>
					</control>
					<control type="image">
						<left>1200</left>
						<width>35</width>
						<height>35</height>
						<texture>effects/$PARAM[effect]/3.png</texture>
						<aspectratio scalediffuse="false">keep</aspectratio>
						<animation effect="slide" start="0,-260" end="0,1180" time="18000" delay="0" reversible="false" loop="true" condition="true">Conditional</animation>
						<animation effect="rotate" end="-360" time="12000" loop="true" center="auto" condition="true">Conditional</animation>
						<animation effect="rotatey" end="-360" time="9000" loop="true" center="auto" condition="true">Conditional</animation>
					</control>
					<control type="image">
						<left>1426</left>
						<width>35</width>
						<height>35</height>
						<texture>effects/$PARAM[effect]/5.png</texture>
						<aspectratio scalediffuse="false">keep</aspectratio>
						<animation effect="slide" start="0,-850" end="0,1180" time="24000" delay="0" reversible="false" loop="true" condition="true">Conditional</animation>
						<animation effect="rotate" end="-360" time="12000" loop="true" center="auto" condition="true">Conditional</animation>
						<animation effect="rotatey" end="-360" time="12000" loop="true" center="auto" condition="true">Conditional</animation>
					</control>
					<control type="image">
						<left>1587</left>
						<width>35</width>
						<height>35</height>
						<texture>effects/$PARAM[effect]/4.png</texture>
						<aspectratio scalediffuse="false">keep</aspectratio>
						<animation effect="slide" start="0,-1080" end="0,1180" time="35000" delay="0" reversible="false" loop="true" condition="true">Conditional</animation>
						<animation effect="rotate" end="-360" time="12000" loop="true" center="auto" condition="true">Conditional</animation>
						<animation effect="rotatey" end="-360" time="17500" loop="true" center="auto" condition="true">Conditional</animation>
					</control>
				</control>
				<control type="group">
					<control type="image">
						<left>60</left>
						<width>35</width>
						<height>35</height>
						<texture>effects/$PARAM[effect]/1.png</texture>
						<aspectratio scalediffuse="false">keep</aspectratio>
						<animation effect="slide" start="0,-450" end="0,1180" time="24000" delay="0" reversible="false" loop="true" condition="true">Conditional</animation>
						<animation effect="rotate" end="-360" time="12000" loop="true" center="auto" condition="true">Conditional</animation>
						<animation effect="rotatey" end="-360" time="12000" loop="true" center="auto" condition="true">Conditional</animation>
					</control>
					<control type="image">
						<left>260</left>
						<width>35</width>
						<height>35</height>
						<texture>effects/$PARAM[effect]/1.png</texture>
						<aspectratio scalediffuse="false">keep</aspectratio>
						<animation effect="slide" start="0,-200" end="0,1180" time="18000" delay="0" reversible="false" loop="true" condition="true">Conditional</animation>
						<animation effect="rotate" end="-360" time="12000" loop="true" center="auto" condition="true">Conditional</animation>
						<animation effect="rotatey" end="-360" time="9000" loop="true" center="auto" condition="true">Conditional</animation>
					</control>
					<control type="image">
						<left>380</left>
						<width>35</width>
						<height>35</height>
						<texture>effects/$PARAM[effect]/1.png</texture>
						<aspectratio scalediffuse="false">keep</aspectratio>
						<animation effect="slide" start="0,-500" end="0,1180" time="25000" delay="0" reversible="false" loop="true" condition="true">Conditional</animation>
						<animation effect="rotate" end="-360" time="10000" loop="true" center="auto" condition="true">Conditional</animation>
						<animation effect="rotatey" end="-360" time="13500" loop="true" center="auto" condition="true">Conditional</animation>
					</control>
					<control type="image">
						<left>622</left>
						<width>35</width>
						<height>35</height>
						<texture>effects/$PARAM[effect]/1.png</texture>
						<aspectratio scalediffuse="false">keep</aspectratio>
						<animation effect="slide" start="0,-800" end="0,1180" time="32000" delay="0" reversible="false" loop="true" condition="true">Conditional</animation>
						<animation effect="rotate" end="-360" time="8000" loop="true" center="auto" condition="true">Conditional</animation>
						<animation effect="rotatey" end="-360" time="16000" loop="true" center="auto" condition="true">Conditional</animation>
					</control>
					<control type="image">
						<left>960</left>
						<width>35</width>
						<height>35</height>
						<texture>effects/$PARAM[effect]/1.png</texture>
						<aspectratio scalediffuse="false">keep</aspectratio>
						<animation effect="slide" start="0,-50" end="0,1180" time="18000" delay="0" reversible="false" loop="true" condition="true">Conditional</animation>
						<animation effect="rotate" end="-360" time="12000" loop="true" center="auto" condition="true">Conditional</animation>
						<animation effect="rotatey" end="-360" time="9000" loop="true" center="auto" condition="true">Conditional</animation>
					</control>
					<control type="image">
						<left>1200</left>
						<width>35</width>
						<height>35</height>
						<texture>effects/$PARAM[effect]/1.png</texture>
						<aspectratio scalediffuse="false">keep</aspectratio>
						<animation effect="slide" start="0,-960" end="0,1180" time="30000" delay="0" reversible="false" loop="true" condition="true">Conditional</animation>
						<animation effect="rotate" end="-360" time="12000" loop="true" center="auto" condition="true">Conditional</animation>
						<animation effect="rotatey" end="-360" time="15000" loop="true" center="auto" condition="true">Conditional</animation>
					</control>
					<control type="image">
						<left>1426</left>
						<width>35</width>
						<height>35</height>
						<texture>effects/$PARAM[effect]/1.png</texture>
						<aspectratio scalediffuse="false">keep</aspectratio>
						<animation effect="slide" start="0,-160" end="0,1180" time="20000" delay="0" reversible="false" loop="true" condition="true">Conditional</animation>
						<animation effect="rotate" end="-360" time="12000" loop="true" center="auto" condition="true">Conditional</animation>
						<animation effect="rotatey" end="-360" time="10000" loop="true" center="auto" condition="true">Conditional</animation>
					</control>
					<control type="image">
						<left>1587</left>
						<width>35</width>
						<height>35</height>
						<texture>effects/$PARAM[effect]/1.png</texture>
						<aspectratio scalediffuse="false">keep</aspectratio>
						<animation effect="slide" start="0,-300" end="0,1180" time="20000" delay="0" reversible="false" loop="true" condition="true">Conditional</animation>
						<animation effect="rotate" end="-360" time="12000" loop="true" center="auto" condition="true">Conditional</animation>
						<animation effect="rotatey" end="-360" time="10000" loop="true" center="auto" condition="true">Conditional</animation>
					</control>
				</control>
				<control type="group">
					<control type="image">
						<left>520</left>
						<width>55</width>
						<height>55</height>
						<texture>effects/$PARAM[effect]/3.png</texture>
						<aspectratio scalediffuse="false">keep</aspectratio>
						<animation effect="slide" start="0,-200" end="0,1180" time="22000" delay="0" reversible="false" loop="true" condition="true">Conditional</animation>
						<animation effect="rotate" end="-360" time="12000" loop="true" center="auto" condition="true">Conditional</animation>
						<animation effect="rotatey" end="-360" time="11000" loop="true" center="auto" condition="true">Conditional</animation>
					</control>
					<control type="image">
						<left>730</left>
						<width>55</width>
						<height>55</height>
						<texture>effects/$PARAM[effect]/5.png</texture>
						<aspectratio scalediffuse="false">keep</aspectratio>
						<animation effect="slide" start="0,-300" end="0,1180" time="25000" delay="0" reversible="false" loop="true" condition="true">Conditional</animation>
						<animation effect="rotate" end="-360" time="12000" loop="true" center="auto" condition="true">Conditional</animation>
						<animation effect="rotatey" end="-360" time="12500" loop="true" center="auto" condition="true">Conditional</animation>
					</control>
					<control type="image">
						<left>980</left>
						<width>55</width>
						<height>55</height>
						<texture>effects/$PARAM[effect]/2.png</texture>
						<aspectratio scalediffuse="false">keep</aspectratio>
						<animation effect="slide" start="0,-560" end="0,1180" time="30000" delay="0" reversible="false" loop="true" condition="true">Conditional</animation>
						<animation effect="rotate" end="-360" time="10000" loop="true" center="auto" condition="true">Conditional</animation>
						<animation effect="rotatey" end="-360" time="15000" loop="true" center="auto" condition="true">Conditional</animation>
					</control>
					<control type="image">
						<left>1100</left>
						<width>55</width>
						<height>55</height>
						<texture>effects/$PARAM[effect]/4.png</texture>
						<aspectratio scalediffuse="false">keep</aspectratio>
						<animation effect="slide" start="0,-700" end="0,1180" time="24000" delay="0" reversible="false" loop="true" condition="true">Conditional</animation>
						<animation effect="rotate" end="-360" time="8000" loop="true" center="auto" condition="true">Conditional</animation>
						<animation effect="rotatey" end="-360" time="12000" loop="true" center="auto" condition="true">Conditional</animation>
					</control>
					<control type="image">
						<left>1375</left>
						<width>55</width>
						<height>55</height>
						<texture>effects/$PARAM[effect]/2.png</texture>
						<aspectratio scalediffuse="false">keep</aspectratio>
						<animation effect="slide" start="0,-1000" end="0,1180" time="35000" delay="0" reversible="false" loop="true" condition="true">Conditional</animation>
						<animation effect="rotate" end="-360" time="12000" loop="true" center="auto" condition="true">Conditional</animation>
						<animation effect="rotatey" end="-360" time="17500" loop="true" center="auto" condition="true">Conditional</animation>
					</control>
					<control type="image">
						<left>1615</left>
						<width>55</width>
						<height>55</height>
						<texture>effects/$PARAM[effect]/3.png</texture>
						<aspectratio scalediffuse="false">keep</aspectratio>
						<animation effect="slide" start="0,-460" end="0,1180" time="23000" delay="0" reversible="false" loop="true" condition="true">Conditional</animation>
						<animation effect="rotate" end="-360" time="12000" loop="true" center="auto" condition="true">Conditional</animation>
						<animation effect="rotatey" end="-360" time="11500" loop="true" center="auto" condition="true">Conditional</animation>
					</control>
					<control type="image">
						<left>1826</left>
						<width>55</width>
						<height>55</height>
						<texture>effects/$PARAM[effect]/5.png</texture>
						<aspectratio scalediffuse="false">keep</aspectratio>
						<animation effect="slide" start="0,-450" end="0,1180" time="24000" delay="0" reversible="false" loop="true" condition="true">Conditional</animation>
						<animation effect="rotate" end="-360" time="12000" loop="true" center="auto" condition="true">Conditional</animation>
						<animation effect="rotatey" end="-360" time="12000" loop="true" center="auto" condition="true">Conditional</animation>
					</control>
				</control>
			</control>
		</definition>
	</include>
	<include name="EffectBackgroundX">
		<param name="visible">false</param>
		<param name="effect"/>
		<definition>
			<control type="group">
				<visible>$PARAM[visible]</visible>
				<control type="group">
					<left>100</left>
					<control type="image">
						<left>60</left>
						<width>35</width>
						<height>35</height>
						<texture>effects/$PARAM[effect]/3.png</texture>
						<aspectratio scalediffuse="false">keep</aspectratio>
						<animation effect="slide" start="0,-50" end="0,1180" time="19000" delay="0" reversible="false" loop="true" condition="true">Conditional</animation>
						<animation effect="rotate" end="-360" time="12000" loop="true" center="auto" condition="true">Conditional</animation>
					</control>
					<control type="image">
						<left>260</left>
						<width>35</width>
						<height>35</height>
						<texture>effects/$PARAM[effect]/5.png</texture>
						<aspectratio scalediffuse="false">keep</aspectratio>
						<animation effect="slide" start="0,-600" end="0,1180" time="28000" delay="0" reversible="false" loop="true" condition="true">Conditional</animation>
						<animation effect="rotate" end="-360" time="12000" loop="true" center="auto" condition="true">Conditional</animation>
					</control>
					<control type="image">
						<left>380</left>
						<width>35</width>
						<height>35</height>
						<texture>effects/$PARAM[effect]/2.png</texture>
						<aspectratio scalediffuse="false">keep</aspectratio>
						<animation effect="slide" start="0,-960" end="0,1180" time="34000" delay="0" reversible="false" loop="true" condition="true">Conditional</animation>
						<animation effect="rotate" end="-360" time="10000" loop="true" center="auto" condition="true">Conditional</animation>
					</control>
					<control type="image">
						<left>622</left>
						<width>35</width>
						<height>35</height>
						<texture>effects/$PARAM[effect]/4.png</texture>
						<aspectratio scalediffuse="false">keep</aspectratio>
						<animation effect="slide" start="0,-100" end="0,1180" time="20000" delay="0" reversible="false" loop="true" condition="true">Conditional</animation>
						<animation effect="rotate" end="-360" time="8000" loop="true" center="auto" condition="true">Conditional</animation>
					</control>
					<control type="image">
						<left>960</left>
						<width>35</width>
						<height>35</height>
						<texture>effects/$PARAM[effect]/2.png</texture>
						<aspectratio scalediffuse="false">keep</aspectratio>
						<animation effect="slide" start="0,-500" end="0,1180" time="24000" delay="0" reversible="false" loop="true" condition="true">Conditional</animation>
						<animation effect="rotate" end="-360" time="12000" loop="true" center="auto" condition="true">Conditional</animation>
					</control>
					<control type="image">
						<left>1200</left>
						<width>35</width>
						<height>35</height>
						<texture>effects/$PARAM[effect]/3.png</texture>
						<aspectratio scalediffuse="false">keep</aspectratio>
						<animation effect="slide" start="0,-260" end="0,1180" time="18000" delay="0" reversible="false" loop="true" condition="true">Conditional</animation>
						<animation effect="rotate" end="-360" time="12000" loop="true" center="auto" condition="true">Conditional</animation>
					</control>
					<control type="image">
						<left>1426</left>
						<width>35</width>
						<height>35</height>
						<texture>effects/$PARAM[effect]/5.png</texture>
						<aspectratio scalediffuse="false">keep</aspectratio>
						<animation effect="slide" start="0,-850" end="0,1180" time="24000" delay="0" reversible="false" loop="true" condition="true">Conditional</animation>
						<animation effect="rotate" end="-360" time="12000" loop="true" center="auto" condition="true">Conditional</animation>
					</control>
					<control type="image">
						<left>1587</left>
						<width>35</width>
						<height>35</height>
						<texture>effects/$PARAM[effect]/4.png</texture>
						<aspectratio scalediffuse="false">keep</aspectratio>
						<animation effect="slide" start="0,-1080" end="0,1180" time="35000" delay="0" reversible="false" loop="true" condition="true">Conditional</animation>
						<animation effect="rotate" end="-360" time="12000" loop="true" center="auto" condition="true">Conditional</animation>
					</control>
				</control>
				<control type="group">
					<control type="image">
						<left>60</left>
						<width>35</width>
						<height>35</height>
						<texture>effects/$PARAM[effect]/1.png</texture>
						<aspectratio scalediffuse="false">keep</aspectratio>
						<animation effect="slide" start="0,-450" end="0,1180" time="24000" delay="0" reversible="false" loop="true" condition="true">Conditional</animation>
						<animation effect="rotate" end="-360" time="12000" loop="true" center="auto" condition="true">Conditional</animation>
					</control>
					<control type="image">
						<left>260</left>
						<width>35</width>
						<height>35</height>
						<texture>effects/$PARAM[effect]/1.png</texture>
						<aspectratio scalediffuse="false">keep</aspectratio>
						<animation effect="slide" start="0,-200" end="0,1180" time="18000" delay="0" reversible="false" loop="true" condition="true">Conditional</animation>
						<animation effect="rotate" end="-360" time="12000" loop="true" center="auto" condition="true">Conditional</animation>
					</control>
					<control type="image">
						<left>380</left>
						<width>35</width>
						<height>35</height>
						<texture>effects/$PARAM[effect]/1.png</texture>
						<aspectratio scalediffuse="false">keep</aspectratio>
						<animation effect="slide" start="0,-500" end="0,1180" time="25000" delay="0" reversible="false" loop="true" condition="true">Conditional</animation>
						<animation effect="rotate" end="-360" time="10000" loop="true" center="auto" condition="true">Conditional</animation>
					</control>
					<control type="image">
						<left>622</left>
						<width>35</width>
						<height>35</height>
						<texture>effects/$PARAM[effect]/1.png</texture>
						<aspectratio scalediffuse="false">keep</aspectratio>
						<animation effect="slide" start="0,-800" end="0,1180" time="32000" delay="0" reversible="false" loop="true" condition="true">Conditional</animation>
						<animation effect="rotate" end="-360" time="8000" loop="true" center="auto" condition="true">Conditional</animation>
					</control>
					<control type="image">
						<left>960</left>
						<width>35</width>
						<height>35</height>
						<texture>effects/$PARAM[effect]/1.png</texture>
						<aspectratio scalediffuse="false">keep</aspectratio>
						<animation effect="slide" start="0,-50" end="0,1180" time="18000" delay="0" reversible="false" loop="true" condition="true">Conditional</animation>
						<animation effect="rotate" end="-360" time="12000" loop="true" center="auto" condition="true">Conditional</animation>
					</control>
					<control type="image">
						<left>1200</left>
						<width>35</width>
						<height>35</height>
						<texture>effects/$PARAM[effect]/1.png</texture>
						<aspectratio scalediffuse="false">keep</aspectratio>
						<animation effect="slide" start="0,-960" end="0,1180" time="30000" delay="0" reversible="false" loop="true" condition="true">Conditional</animation>
						<animation effect="rotate" end="-360" time="12000" loop="true" center="auto" condition="true">Conditional</animation>
					</control>
					<control type="image">
						<left>1426</left>
						<width>35</width>
						<height>35</height>
						<texture>effects/$PARAM[effect]/1.png</texture>
						<aspectratio scalediffuse="false">keep</aspectratio>
						<animation effect="slide" start="0,-160" end="0,1180" time="20000" delay="0" reversible="false" loop="true" condition="true">Conditional</animation>
						<animation effect="rotate" end="-360" time="12000" loop="true" center="auto" condition="true">Conditional</animation>
					</control>
					<control type="image">
						<left>1587</left>
						<width>35</width>
						<height>35</height>
						<texture>effects/$PARAM[effect]/1.png</texture>
						<aspectratio scalediffuse="false">keep</aspectratio>
						<animation effect="slide" start="0,-300" end="0,1180" time="20000" delay="0" reversible="false" loop="true" condition="true">Conditional</animation>
						<animation effect="rotate" end="-360" time="12000" loop="true" center="auto" condition="true">Conditional</animation>
					</control>
				</control>
				<control type="group">
					<control type="image">
						<left>520</left>
						<width>55</width>
						<height>55</height>
						<texture>effects/$PARAM[effect]/3.png</texture>
						<aspectratio scalediffuse="false">keep</aspectratio>
						<animation effect="slide" start="0,-200" end="0,1180" time="22000" delay="0" reversible="false" loop="true" condition="true">Conditional</animation>
						<animation effect="rotate" end="-360" time="12000" loop="true" center="auto" condition="true">Conditional</animation>
					</control>
					<control type="image">
						<left>730</left>
						<width>55</width>
						<height>55</height>
						<texture>effects/$PARAM[effect]/5.png</texture>
						<aspectratio scalediffuse="false">keep</aspectratio>
						<animation effect="slide" start="0,-300" end="0,1180" time="25000" delay="0" reversible="false" loop="true" condition="true">Conditional</animation>
						<animation effect="rotate" end="-360" time="12000" loop="true" center="auto" condition="true">Conditional</animation>
					</control>
					<control type="image">
						<left>980</left>
						<width>55</width>
						<height>55</height>
						<texture>effects/$PARAM[effect]/2.png</texture>
						<aspectratio scalediffuse="false">keep</aspectratio>
						<animation effect="slide" start="0,-560" end="0,1180" time="30000" delay="0" reversible="false" loop="true" condition="true">Conditional</animation>
						<animation effect="rotate" end="-360" time="10000" loop="true" center="auto" condition="true">Conditional</animation>
					</control>
					<control type="image">
						<left>1100</left>
						<width>55</width>
						<height>55</height>
						<texture>effects/$PARAM[effect]/4.png</texture>
						<aspectratio scalediffuse="false">keep</aspectratio>
						<animation effect="slide" start="0,-700" end="0,1180" time="24000" delay="0" reversible="false" loop="true" condition="true">Conditional</animation>
						<animation effect="rotate" end="-360" time="8000" loop="true" center="auto" condition="true">Conditional</animation>
					</control>
					<control type="image">
						<left>1375</left>
						<width>55</width>
						<height>55</height>
						<texture>effects/$PARAM[effect]/2.png</texture>
						<aspectratio scalediffuse="false">keep</aspectratio>
						<animation effect="slide" start="0,-1000" end="0,1180" time="35000" delay="0" reversible="false" loop="true" condition="true">Conditional</animation>
						<animation effect="rotate" end="-360" time="12000" loop="true" center="auto" condition="true">Conditional</animation>
					</control>
					<control type="image">
						<left>1615</left>
						<width>55</width>
						<height>55</height>
						<texture>effects/$PARAM[effect]/3.png</texture>
						<aspectratio scalediffuse="false">keep</aspectratio>
						<animation effect="slide" start="0,-460" end="0,1180" time="23000" delay="0" reversible="false" loop="true" condition="true">Conditional</animation>
						<animation effect="rotate" end="-360" time="12000" loop="true" center="auto" condition="true">Conditional</animation>
					</control>
					<control type="image">
						<left>1826</left>
						<width>55</width>
						<height>55</height>
						<texture>effects/$PARAM[effect]/5.png</texture>
						<aspectratio scalediffuse="false">keep</aspectratio>
						<animation effect="slide" start="0,-450" end="0,1180" time="24000" delay="0" reversible="false" loop="true" condition="true">Conditional</animation>
						<animation effect="rotate" end="-360" time="12000" loop="true" center="auto" condition="true">Conditional</animation>
					</control>
				</control>
			</control>
		</definition>
	</include>
	<include name="BackgroundFanartImage">
		<animation type="Conditional" pulse="true" condition="$PARAM[animatedfanart]">
			<effect type="zoom" start="110" end="120" center="auto" time="12000" tween="sine" easing="inout"/>
			<effect type="slide" start="-20,-20" end="20,20" time="6000" tween="sine" easing="inout"/>
		</animation>
		<include>FullScreenDimensions</include>
		<randomize>true</randomize>
		<aspectratio>scale</aspectratio>
		<fadetime>TextureFadeTime</fadetime>
	</include>
	<include name="MultiImageTime">
		<include condition="Skin.String(FanartTimePerImage,5)">FanartTimePerImage5</include>
		<include condition="Skin.String(FanartTimePerImage,6)">FanartTimePerImage6</include>
		<include condition="String.IsEmpty(Skin.String(FanartTimePerImage))">FanartTimePerImage7</include>
		<include condition="Skin.String(FanartTimePerImage,8)">FanartTimePerImage8</include>
		<include condition="Skin.String(FanartTimePerImage,9)">FanartTimePerImage9</include>
		<include condition="Skin.String(FanartTimePerImage,10)">FanartTimePerImage10</include>
		<include condition="Skin.String(FanartTimePerImage,15)">FanartTimePerImage15</include>
		<include condition="Skin.String(FanartTimePerImage,20)">FanartTimePerImage20</include>
		<include condition="Skin.String(FanartTimePerImage,30)">FanartTimePerImage30</include>
		<include condition="Skin.String(FanartTimePerImage,60)">FanartTimePerImage60</include>
		<include condition="Skin.String(FanartTimePerImage,90)">FanartTimePerImage90</include>
	</include>
	<include name="FadeLabelTime">
		<include condition="Skin.String(FanartTimePerImage,5)">FadelabelPauseAtEnd5</include>
		<include condition="Skin.String(FanartTimePerImage,6)">FadelabelPauseAtEnd6</include>
		<include condition="String.IsEmpty(Skin.String(FanartTimePerImage))">FadelabelPauseAtEnd7</include>
		<include condition="Skin.String(FanartTimePerImage,8)">FadelabelPauseAtEnd8</include>
		<include condition="Skin.String(FanartTimePerImage,9)">FadelabelPauseAtEnd9</include>
		<include condition="Skin.String(FanartTimePerImage,10)">FadelabelPauseAtEnd10</include>
		<include condition="Skin.String(FanartTimePerImage,15)">FadelabelPauseAtEnd15</include>
		<include condition="Skin.String(FanartTimePerImage,20)">FadelabelPauseAtEnd20</include>
		<include condition="Skin.String(FanartTimePerImage,30)">FadelabelPauseAtEnd30</include>
		<include condition="Skin.String(FanartTimePerImage,60)">FadelabelPauseAtEnd60</include>
		<include condition="Skin.String(FanartTimePerImage,90)">FadelabelPauseAtEnd90</include>
	</include>
	<!-- Fanart Time Per Image -->
	<include name="FanartTimePerImage5">
		<timeperimage>5000</timeperimage>
	</include>
	<include name="FanartTimePerImage6">
		<timeperimage>6000</timeperimage>
	</include>
	<include name="FanartTimePerImage7">
		<timeperimage>7000</timeperimage>
	</include>
	<include name="FanartTimePerImage8">
		<timeperimage>8000</timeperimage>
	</include>
	<include name="FanartTimePerImage9">
		<timeperimage>9000</timeperimage>
	</include>
	<include name="FanartTimePerImage10">
		<timeperimage>10000</timeperimage>
	</include>
	<include name="FanartTimePerImage15">
		<timeperimage>15000</timeperimage>
	</include>
	<include name="FanartTimePerImage20">
		<timeperimage>20000</timeperimage>
	</include>
	<include name="FanartTimePerImage30">
		<timeperimage>30000</timeperimage>
	</include>
	<include name="FanartTimePerImage60">
		<timeperimage>60000</timeperimage>
	</include>
	<include name="FanartTimePerImage90">
		<timeperimage>90000</timeperimage>
	</include>
	<!-- Extrafanart Fadelabel Pause -->
	<include name="FadelabelPauseAtEnd5">
		<pauseatend>5000</pauseatend>
	</include>
	<include name="FadelabelPauseAtEnd6">
		<pauseatend>6000</pauseatend>
	</include>
	<include name="FadelabelPauseAtEnd7">
		<pauseatend>7000</pauseatend>
	</include>
	<include name="FadelabelPauseAtEnd8">
		<pauseatend>8000</pauseatend>
	</include>
	<include name="FadelabelPauseAtEnd9">
		<pauseatend>9000</pauseatend>
	</include>
	<include name="FadelabelPauseAtEnd10">
		<pauseatend>10000</pauseatend>
	</include>
	<include name="FadelabelPauseAtEnd15">
		<pauseatend>15000</pauseatend>
	</include>
	<include name="FadelabelPauseAtEnd20">
		<pauseatend>20000</pauseatend>
	</include>
	<include name="FadelabelPauseAtEnd30">
		<pauseatend>30000</pauseatend>
	</include>
	<include name="FadelabelPauseAtEnd60">
		<pauseatend>60000</pauseatend>
	</include>
	<include name="FadelabelPauseAtEnd90">
		<pauseatend>90000</pauseatend>
	</include>
	<!-- Variables -->
	<variable name="NowPlayingMusicBackgroundVar">
		<value condition="Skin.String(NowPlayingMusicBackground,artistsslideshow) + !String.IsEmpty(Window(Visualisation).Property(ArtistSlideshow.Image))">$INFO[Window(Visualisation).Property(ArtistSlideshow.Image)]</value>
		<value condition="Skin.String(NowPlayingMusicBackground,extra) + !String.IsEmpty(Control.GetLabel(71111))">$INFO[Control.GetLabel(71111)]</value>
		<value condition="!String.IsEmpty(Skin.String(NowPlayingMusicBackground)) + !Skin.String(NowPlayingMusicBackground,extra) + !Skin.String(NowPlayingMusicBackground,artistsslideshow) + !Skin.String(NowPlayingMusicBackground,fanart)">$INFO[Skin.String(NowPlayingMusicBackground)]</value>
		<value condition="!String.IsEmpty(Player.Art(fanart))">$INFO[Player.Art(fanart)]</value>
		<value>special://skin/extras/backgrounds/music.jpg</value>
	</variable>
	<variable name="HomeFanartVar">
		<value condition="!Skin.HasSetting(DisableWidgetFanart) + ControlGroup(90010).HasFocus + !String.IsEmpty(ListItem.Art(fanart))">$INFO[ListItem.Art(fanart)]</value>
		<value condition="Control.HasFocus(9001) + [String.IsEqual(Container(9001).ListItem.Property(background),playlist) | String.IsEqual(Container(9001).ListItem.Property(coverBackground),fanart)]">$INFO[Control.GetLabel(7004)]</value>
		<value condition="Control.HasFocus(9001) + String.IsEqual(Container(9001).ListItem.Property(background),cover) + !String.IsEmpty(Container(9001).ListItem.Property(coverBackground))">$INFO[Container(9001).ListItem.Property(coverBackground)]</value>
		<value condition="Control.HasFocus(9001) + String.IsEqual(Container(9001).ListItem.Property(background),cover)">thumbs/coverbackground.jpg</value>
		<value condition="Control.HasFocus(9001) + !String.IsEmpty(Container(9001).ListItem.Property(background))">$INFO[Container(9001).ListItem.Property(background)]</value>
		<value condition="String.IsEqual(Container(9000).ListItem.Property(background),playlist) | String.IsEqual(Container(9000).ListItem.Property(coverBackground),fanart)">$INFO[Control.GetLabel(7002)]</value>
		<value condition="String.IsEqual(Container(9000).ListItem.Property(background),cover) + !String.IsEmpty(Container(9000).ListItem.Property(coverBackground))">$INFO[Container(9000).ListItem.Property(coverBackground)]</value>
		<value condition="String.IsEqual(Container(9000).ListItem.Property(background),cover)">thumbs/coverbackground.jpg</value>
		<value condition="!String.IsEmpty(Container(9000).ListItem.Property(background))">$INFO[Container(9000).ListItem.Property(background)]</value>
	</variable>
	<variable name="VideoBackgroundVar">
		<value condition="!Skin.HasSetting(VideoSetCoverFanart) + Skin.HasSetting(VideoSetCover) + String.IsEqual(ListItem.DBTYPE,set)">thumbs/coverbackground.jpg</value>
		<value condition="!Skin.HasSetting(VideoSeasonCoverFanart) + Skin.HasSetting(VideoSeasonCover) + String.IsEqual(ListItem.DBTYPE,tvshow)">thumbs/coverbackground.jpg</value>
		<value condition="!String.Contains(ListItem(1).FolderPath,music) + !Skin.HasSetting(VideoGenreCoverFanart) + Skin.HasSetting(VideoGenreCover) + String.IsEqual(ListItem.DBTYPE,genre)">thumbs/coverbackground.jpg</value>
		<value condition="Skin.HasSetting(VideoDisableFanart) + !String.IsEmpty(Skin.String(VideoFallbackBackground))">$INFO[Skin.String(VideoFallbackBackground)]</value>
		<value condition="Skin.HasSetting(VideoDisableFanart)">special://skin/extras/backgrounds/videos.jpg</value>
		<value condition="!Skin.HasSetting(DisableVideoExtraFanart) + !String.IsEmpty(Control.GetLabel(7004))">$INFO[Control.GetLabel(7004)]</value>
		<value condition="!String.IsEmpty(ListItem.Art(fanart))">$INFO[ListItem.Art(fanart)]</value>
		<value condition="!ListItem.IsParentFolder + !String.IsEmpty(Container.Content) + !String.IsEmpty(Control.GetLabel(7003))">$INFO[Control.GetLabel(7003)]</value>
		<value condition="!String.IsEmpty(Skin.String(VideoFallbackBackground))">$INFO[Skin.String(VideoFallbackBackground)]</value>
		<value>special://skin/extras/backgrounds/videos.jpg</value>
	</variable>
	<variable name="MusicBackgroundVar">
		<value condition="!Skin.HasSetting(MusicAlbumCoverFanart) + Skin.HasSetting(MusicAlbumCover) + String.IsEqual(ListItem.DBTYPE,artist)">thumbs/coverbackground.jpg</value>
		<value condition="String.Contains(ListItem(1).FolderPath,music) + !Skin.HasSetting(MusicGenreCoverFanart) + Skin.HasSetting(MusicGenreCover) + String.IsEqual(ListItem.DBTYPE,genre)">thumbs/coverbackground.jpg</value>
		<value condition="Skin.HasSetting(MusicDisableFanart) + !String.IsEmpty(Skin.String(MusicFallbackBackground))">$INFO[Skin.String(MusicFallbackBackground)]</value>
		<value condition="Skin.HasSetting(MusicDisableFanart)">special://skin/extras/backgrounds/music.jpg</value>
		<value condition="!Skin.HasSetting(DisableMusicExtraFanart) + !String.IsEmpty(Control.GetLabel(7004))">$INFO[Control.GetLabel(7004)]</value>
		<value condition="!String.IsEmpty(ListItem.Art(fanart))">$INFO[ListItem.Art(fanart)]</value>
		<value condition="!ListItem.IsParentFolder + !String.IsEmpty(Container.Content) + !String.IsEmpty(Control.GetLabel(7003))">$INFO[Control.GetLabel(7003)]</value>
		<value condition="!String.IsEmpty(Skin.String(MusicFallbackBackground))">$INFO[Skin.String(MusicFallbackBackground)]</value>
		<value>special://skin/extras/backgrounds/music.jpg</value>
	</variable>
	<variable name="AddonBackgroundVar">
		<value condition="Skin.HasSetting(AddonDisableFanart) + !String.IsEmpty(Skin.String(AddonBackground))">$INFO[Skin.String(AddonBackground)]</value>
		<value condition="Skin.HasSetting(AddonDisableFanart)">special://skin/extras/backgrounds/addons.jpg</value>
		<value condition="!String.IsEmpty(ListItem.Art(fanart))">$INFO[ListItem.Art(fanart)]</value>
		<value condition="!String.IsEmpty(Skin.String(AddonBackground))">$INFO[Skin.String(AddonBackground)]</value>
		<value>special://skin/extras/backgrounds/addons.jpg</value>
	</variable>
	<variable name="FavouritesBackgroundVar">
		<!-- <value condition="Skin.HasSetting(FavouritesDisableFanart) + !String.IsEmpty(Skin.String(FavouritesBackground))">$INFO[Skin.String(FavouritesBackground)]</value>
		<value condition="Skin.HasSetting(FavouritesDisableFanart)">special://skin/extras/backgrounds/favourites.jpg</value> -->
		<value condition="!String.IsEmpty(ListItem.Art(fanart))">$INFO[ListItem.Art(fanart)]</value>
		<value condition="!String.IsEmpty(Skin.String(FavouritesBackground))">$INFO[Skin.String(FavouritesBackground)]</value>
		<value>special://skin/extras/backgrounds/favourites.jpg</value>
	</variable>
	<variable name="PVRBackgroundVar">
		<value condition="!String.IsEmpty(ListItem.Art(fanart))">$INFO[ListItem.Art(fanart)]</value>
		<value condition="!String.IsEmpty(Skin.String(PVRBackground))">$INFO[Skin.String(PVRBackground)]</value>
		<value>special://skin/extras/backgrounds/tv.jpg</value>
	</variable>
	<variable name="GamesBackgroundVar">
		<value condition="!String.IsEmpty(ListItem.Art(fanart))">$INFO[ListItem.Art(fanart)]</value>
		<value condition="!String.IsEmpty(Skin.String(GamesBackground))">$INFO[Skin.String(GamesBackground)]</value>
		<value>special://skin/extras/backgrounds/games.jpg</value>
	</variable>
	<variable name="PicturesBackgroundVar">
		<value condition="!String.IsEmpty(ListItem.Art(fanart))">$INFO[ListItem.Art(fanart)]</value>
		<value condition="!String.IsEmpty(Skin.String(PicturesBackground))">$INFO[Skin.String(PicturesBackground)]</value>
		<value>special://skin/extras/backgrounds/pictures.jpg</value>
	</variable>
	<variable name="WeatherBackgroundVar">
		<value condition="Skin.String(WeatherBackground,resource) + !String.IsEmpty(Skin.String(WeatherFanart.path))">$INFO[Skin.String(WeatherFanart.path)]$INFO[Weather.fanartcode]$INFO[Skin.String(WeatherFanart.ext)]</value>
		<value condition="!Skin.String(WeatherBackground,resource) + !String.IsEmpty(Skin.String(WeatherBackground))">$INFO[Skin.String(WeatherBackground)]</value>
		<value>special://skin/extras/backgrounds/weather.jpg</value>
	</variable>
	<variable name="SystemBackgroundVar">
		<value condition="!String.IsEmpty(Skin.String(SystemBackground))">$INFO[Skin.String(SystemBackground)]</value>
		<value condition="Window.IsVisible(filemanager)">special://skin/extras/backgrounds/filemanager.jpg</value>
		<value>special://skin/extras/backgrounds/system.jpg</value>
	</variable>
	<variable name="SearchBackgroundVar">
		<value condition="!String.IsEmpty(Container.ListItem.Art(fanart))">$INFO[Container.ListItem.Art(fanart)]</value>
		<value condition="!String.IsEmpty(Skin.String(SearchBackground))">$INFO[Skin.String(SearchBackground)]</value>
		<value>special://skin/extras/backgrounds/search.jpg</value>
	</variable>
	<variable name="LogonBackgroundVar">
		<value condition="!String.IsEmpty(Window(home).Property(EmbuaryBackground))">$INFO[Window(home).Property(EmbuaryBackground)]</value>
		<value>special://skin/extras/backgrounds/videos.jpg</value>
	</variable>
</includes>