<?xml version="1.0" encoding="utf-8"?>
<window>
	<defaultcontrol always="true">7000</defaultcontrol>
	<menucontrol>9050</menucontrol>
	<onunload>RunScript(script.skinshortcuts,type=buildxml&amp;mainmenuID=9000&amp;group=mainmenu|shortcuts)</onunload>
	<controls>
		<!-- Background -->
		<include content="BackgroundDefault">
			<param name="imagepath">$VAR[SystemBackgroundVar]</param>
			<param name="animatedfanart">Skin.HasSetting(SystemAnimatedFanart)</param>
		</include>
		<!-- Floor -->
		<include content="Floor">
			<param name="visible">Skin.HasSetting(SettingsHideFloor)</param>
			<param name="animationopen">$EXP[SystemAnimationOpenCondition]</param>
			<param name="animationclose">$EXP[SystemAnimationCloseCondition]</param>
		</include>
		<!-- Panel -->
		<control type="group">
			<include>AnimationZoomWindow</include>
			<include content="PanelSide">
				<param name="reflect">!Skin.HasSetting(SettingsHideReflect)</param>
			</include>
		</control>
		<!-- Content -->
		<control type="group">
			<include>AnimationZoomWindow</include>
			<!-- Left menu -->
			<control type="label">
				<visible>!Window.IsActive(script-skinshortcuts.xml)</visible>
				<label>$LOCALIZE[20077]</label>
				<include>SettingsLeftLabel</include>
				<textcolor>$VAR[PanelTextColorVar]</textcolor>
			</control>
			<control type="list" id="7000">
				<visible>!Window.IsActive(script-skinshortcuts.xml)</visible>
				<top>200</top>
				<left>100</left>
				<width>324</width>
				<height>612</height>
				<onleft>9050</onleft>
				<onright>7010</onright>
				<itemlayout height="67">
					<control type="label">
						<font>Font36_Reg</font>
						<textoffsetx>25</textoffsetx>
						<label>$INFO[ListItem.Label]</label>
						<textcolor>$VAR[PanelSubTextColorVar]</textcolor>
					</control>
				</itemlayout>
				<focusedlayout height="67">
					<control type="image">
						<texture border="10" colordiffuse="$VAR[PanelHighlightColorVar]">buttons/list-select-focus.png</texture>
						<animation effect="fade" start="100" end="40" time="40" condition="!Control.HasFocus(7000)">Conditional</animation>
					</control>
					<control type="label">
						<font>Font36_Reg</font>
						<textoffsetx>25</textoffsetx>
						<label>$INFO[ListItem.Label]</label>
						<textcolor>$VAR[PanelFocusTextColorVar]</textcolor>
					</control>
				</focusedlayout>
				<content>
					<item id="1">
						<description>General</description>
						<label>$LOCALIZE[128]</label>
					</item>
					<item id="2">
						<description>Themes</description>
						<label>$LOCALIZE[21895]</label>
					</item>
					<item id="3">
						<description>Colors</description>
						<label>$LOCALIZE[14078]</label>
					</item>
					<item id="4">
						<description>Backgrounds</description>
						<label>$LOCALIZE[33069]</label>
					</item>
					<item id="5">
						<description>Furniture</description>
						<label>$LOCALIZE[31078]</label>
					</item>
					<item id="6">
						<description>Artwork</description>
						<label>$LOCALIZE[31044]</label>
					</item>
					<item id="7">
						<description>Addons</description>
						<label>$LOCALIZE[24001]</label>
					</item>
				</content>
			</control>
			<control type="textbox">
				<visible>![ControlGroup(7001).HasFocus | ControlGroup(7004).HasFocus | ControlGroup(7005).HasFocus | ControlGroup(7006).HasFocus | ControlGroup(7007).HasFocus]</visible>
				<left>460</left>
				<bottom>115</bottom>
				<width>1325</width>
				<height>80</height>
				<font>Font28_Reg</font>
				<label>$VAR[SettingsDescriptionVar]</label>
				<textcolor>$VAR[PanelTextColorVar]</textcolor>
			</control>
			<!-- Right menu -->
			<control type="group">
				<visible>!Window.IsActive(script-skinshortcuts.xml)</visible>
				<control type="label">
					<visible>!Container(7000).Position(7)</visible>
					<label>$LOCALIZE[33063]</label>
					<include>SettingsRightLabel</include>
				</control>
				<control type="group" id="7010">
					<!-- General -->
					<control type="grouplist" id="7001">
						<visible>Container(7000).Hasfocus(1)</visible>
						<top>200</top>
						<left>425</left>
						<width>1395</width>
						<height>670</height>
						<onleft>7000</onleft>
						<onright>607001</onright>
						<pagecontrol>607001</pagecontrol>
						<include>ContainerScrollTime</include>
						<control type="label" id="101">
							<label>$LOCALIZE[31041]</label>
							<include>SettingsLabel</include>
						</control>
						<control type="button" id="102">
							<label>$LOCALIZE[21435]</label>
							<onclick>RunScript(script.skinshortcuts,type=manage&amp;group=mainmenu)</onclick>
							<include>SettingsButton</include>
						</control>
						<control type="button" id="103">
							<label>$LOCALIZE[13007]</label>
							<onclick>RunScript(script.skinshortcuts,type=resetall)</onclick>
							<include>SettingsButton</include>
						</control>
						<control type="button" id="104">
							<label>$LOCALIZE[31292]</label>
							<onclick>SetProperty(CustomSelect,$LOCALIZE[31292],home)</onclick>
							<onclick>ActivateWindow(1110)</onclick>
							<include>SettingsButton</include>
						</control>
						<control type="button" id="105">
							<label>$LOCALIZE[31294]</label>
							<onclick>SetProperty(CustomSelect,$LOCALIZE[31294],home)</onclick>
							<onclick>ActivateWindow(1110)</onclick>
							<include>SettingsButton</include>
						</control>
						<control type="label" id="106">
							<label>$LOCALIZE[31285]</label>
							<include>SettingsLabel</include>
						</control>
						<control type="button" id="107">
							<label>$LOCALIZE[13007]</label>
							<include>ThemeDefault</include>
							<include>SettingsButton</include>
						</control>
						<control type="button" id="108">
							<label>$LOCALIZE[31298]</label>
							<onclick>SetProperty(CustomSelect,$LOCALIZE[15111],home)</onclick>
							<onclick>ActivateWindow(1110)</onclick>
							<include>SettingsButton</include>
						</control>
						<control type="label" id="109">
							<label>$LOCALIZE[16000]</label>
							<include>SettingsLabel</include>
						</control>
						<control type="button" id="110">
							<label>$LOCALIZE[31098]</label>
							<onclick>SetProperty(CustomSelectGroup,$LOCALIZE[31098],home)</onclick>
							<onclick>ActivateWindow(1111)</onclick>
							<include>SettingsButton</include>
						</control>
					</control>
					<!-- General description -->
					<control type="textbox">
						<visible>Container(7000).Hasfocus(1)</visible>
						<left>460</left>
						<bottom>115</bottom>
						<width>1325</width>
						<height>80</height>
						<font>Font28_Reg</font>
						<label>$VAR[GeneralDescriptionVar]</label>
						<textcolor>$VAR[PanelTextColorVar]</textcolor>
					</control>
					<!-- Themes -->
					<control type="grouplist" id="7002">
						<visible>Container(7000).Hasfocus(2)</visible>
						<top>200</top>
						<left>425</left>
						<width>1395</width>
						<height>670</height>
						<onleft>7000</onleft>
						<onright>607002</onright>
						<pagecontrol>607002</pagecontrol>
						<include>ContainerScrollTime</include>
						<!-- Panels -->
						<control type="label" id="201">
							<label>$LOCALIZE[31281]</label>
							<include>SettingsLabel</include>
						</control>
						<control type="button" id="202">
							<label>$LOCALIZE[736]</label>
							<label2>$VAR[PanelStyleLabelVar]</label2>
							<onclick condition="String.IsEmpty(Panel.texture)">Skin.SetString(Panel.texture,nox4)</onclick>
							<onclick condition="Skin.String(Panel.texture,nox4)">Skin.SetString(Panel.texture,auriga)</onclick>
							<onclick condition="Skin.String(Panel.texture,auriga)">Skin.Reset(Panel.texture)</onclick>
							<include>SettingsButton</include>
						</control>
						<control type="button" id="203">
							<label>$LOCALIZE[31051]</label>
							<label2>$VAR[PanelTextureLabelVar]</label2>
							<onclick>SetProperty(CustomSelect,$LOCALIZE[31357],home)</onclick>
							<onclick>ActivateWindow(1110)</onclick>
							<include>SettingsButton</include>
						</control>
						<control type="radiobutton" id="204">
							<label>$LOCALIZE[31130]</label>
							<onclick>Skin.ToggleSetting(PanelSquare.texture)</onclick>
							<selected>Skin.HasSetting(PanelSquare.texture)</selected>
							<include>SettingsRadioButton</include>
						</control>
						<control type="radiobutton" id="205">
							<label>$LOCALIZE[31131]</label>
							<onclick>Skin.ToggleSetting(PanelEmboss.texture)</onclick>
							<selected>Skin.HasSetting(PanelEmboss.texture)</selected>
							<include>SettingsRadioButton</include>
						</control>
						<!-- Top bar -->
						<control type="label" id="210">
							<label>$LOCALIZE[31042]</label>
							<include>SettingsLabel</include>
						</control>
						<control type="button" id="211">
							<label>$LOCALIZE[31051]</label>
							<label2>$VAR[TopbarTextureLabelVar]</label2>
							<onclick condition="String.IsEmpty(TopbarTexture.texture)">Skin.SetString(TopbarTexture.texture,shadow)</onclick>
							<onclick condition="Skin.String(TopbarTexture.texture,shadow)">Skin.Reset(TopbarTexture.texture)</onclick>
							<include>SettingsButton</include>
						</control>
						<!-- Background -->
						<control type="label" id="220">
							<label>$LOCALIZE[33069]</label>
							<include>SettingsLabel</include>
						</control>
						<control type="button" id="221">
							<label>$LOCALIZE[31051]</label>
							<label2>$VAR[BackgroundTextureLabelVar]</label2>
							<onclick>SetProperty(CustomSelect,$LOCALIZE[31358],home)</onclick>
							<onclick>ActivateWindow(1110)</onclick>
							<include>SettingsButton</include>
						</control>
						<control type="radiobutton" id="223">
							<label>$LOCALIZE[31048]</label>
							<onclick>Skin.ToggleSetting(BackgroundShadow)</onclick>
							<selected>Skin.HasSetting(BackgroundShadow)</selected>
							<include>SettingsRadioButton</include>
						</control>
						<!-- Main menu -->
						<control type="label" id="230">
							<label>$LOCALIZE[31041]</label>
							<include>SettingsLabel</include>
						</control>
						<control type="button" id="231">
							<label>$LOCALIZE[736]</label>
							<label2>$VAR[MainMenuStyleLabelVar]</label2>
							<onclick condition="String.IsEmpty(MainMenuStyle.texture)">Skin.SetString(MainMenuStyle.texture,panels/mainmenu/nox4.png)</onclick>
							<onclick condition="Skin.String(MainMenuStyle.texture,panels/mainmenu/nox4.png)">Skin.SetString(MainMenuStyle.texture,panels/mainmenu/auriga.png)</onclick>
							<onclick condition="Skin.String(MainMenuStyle.texture,panels/mainmenu/auriga.png)">Skin.Reset(MainMenuStyle.texture)</onclick>
							<include>SettingsButton</include>
						</control>
						<control type="button" id="232">
							<label>$LOCALIZE[31051]</label>
							<label2>$VAR[MainMenuTextureLabelVar]</label2>
							<onclick>SetProperty(CustomSelect,$LOCALIZE[31359],home)</onclick>
							<onclick>ActivateWindow(1110)</onclick>
							<include>SettingsButton</include>
						</control>
						<control type="button" id="233">
							<label>$LOCALIZE[31141]</label>
							<label2>$VAR[MainMenuSystemBarLabelVar]</label2>
							<onclick condition="String.IsEmpty(MainMenuSystemBar.texture)">Skin.SetString(MainMenuSystemBar.texture,wide)</onclick>
							<onclick condition="Skin.String(MainMenuSystemBar.texture,wide)">Skin.SetString(MainMenuSystemBar.texture,shadow)</onclick>
							<onclick condition="Skin.String(MainMenuSystemBar.texture,shadow)">Skin.Reset(MainMenuSystemBar.texture)</onclick>
							<include>SettingsButton</include>
						</control>
						<control type="button" id="234">
							<label>$LOCALIZE[31142]</label>
							<label2>$VAR[MainMenuSubmenuBarLabelVar]</label2>
							<onclick condition="String.IsEmpty(MainMenuSubmenuBar.texture)">Skin.SetString(MainMenuSubmenuBar.texture,wide)</onclick>
							<onclick condition="Skin.String(MainMenuSubmenuBar.texture,wide)">Skin.SetString(MainMenuSubmenuBar.texture,shadow)</onclick>
							<onclick condition="Skin.String(MainMenuSubmenuBar.texture,shadow)">Skin.Reset(MainMenuSubmenuBar.texture)</onclick>
							<include>SettingsButton</include>
						</control>
						<control type="button" id="235">
							<label>$LOCALIZE[31143]</label>
							<label2>$VAR[MainMenuRSSBarLabelVar]</label2>
							<onclick condition="String.IsEmpty(MainMenuRSSBar.texture)">Skin.SetString(MainMenuRSSBar.texture,wide)</onclick>
							<onclick condition="Skin.String(MainMenuRSSBar.texture,wide)">Skin.Reset(MainMenuRSSBar.texture)</onclick>
							<include>SettingsButton</include>
						</control>
					</control>
					<!--  Colors -->
					<control type="grouplist" id="7003">
						<visible>Container(7000).Hasfocus(3)</visible>
						<top>200</top>
						<left>425</left>
						<width>1395</width>
						<height>670</height>
						<onleft>7000</onleft>
						<onright>607003</onright>
						<pagecontrol>607003</pagecontrol>
						<include>ContainerScrollTime</include>
						<!-- Panels -->
						<control type="label" id="301">
							<label>$LOCALIZE[31281]</label>
							<include>SettingsLabel</include>
						</control>
						<control type="radiobutton" id="302">							
							<label>$LOCALIZE[736]</label>
							<label2>[COLOR $VAR[PanelStyleColorVar]]$VAR[PanelStyleColorLabelVar][/COLOR]      </label2>
							<onclick>RunScript(script.skin.helper.colorpicker,skinstring=PanelStyle.color,header=$LOCALIZE[736])</onclick>
							<onclick>SetProperty(Reset.Color,FFFFFFFF)</onclick>
							<include content="CustomColorRadioButton">
								<param name="ColorStringVar">$VAR[PanelStyleColorVar]</param>
							</include>
							<include>SettingsButton</include>
							<texturenofocus border="0" colordiffuse="3AFFFFFF">panels/floor/floor.png</texturenofocus>
						</control>
						<control type="radiobutton" id="303">
							<label>$LOCALIZE[31051]</label>
							<label2>[COLOR $VAR[PanelTextureColorVar]]$VAR[PanelTextureColorLabelVar][/COLOR]      </label2>
							<onclick>RunScript(script.skin.helper.colorpicker,skinstring=PanelTexture.color,header=$LOCALIZE[31051])</onclick>
							<onclick>SetProperty(Reset.Color,FFFFFFFF)</onclick>
							<include content="CustomColorRadioButton">
								<param name="ColorStringVar">$VAR[PanelTextureColorVar]</param>
							</include>
							<include>SettingsButton</include>
							<texturenofocus border="0" colordiffuse="3AFFFFFF">panels/floor/floor.png</texturenofocus>
						</control>
						<control type="radiobutton" id="304">
							<label>$LOCALIZE[31131]</label>
							<label2>[COLOR $VAR[PanelEmbossColorVar]]$VAR[PanelEmbossColorLabelVar][/COLOR]      </label2>
							<onclick>RunScript(script.skin.helper.colorpicker,skinstring=PanelEmboss.color,header=$LOCALIZE[31131])</onclick>
							<onclick>SetProperty(Reset.Color,FFFFFFFF)</onclick>
							<include content="CustomColorRadioButton">
								<param name="ColorStringVar">$VAR[PanelEmbossColorVar]</param>
							</include>
							<include>SettingsButton</include>
							<texturenofocus border="0" colordiffuse="3AFFFFFF">panels/floor/floor.png</texturenofocus>
						</control>
						<control type="radiobutton" id="305">
							<label>$LOCALIZE[31048]</label>
							<label2>[COLOR $VAR[PanelShadowColorVar]]$VAR[PanelShadowColorLabelVar][/COLOR]      </label2>
							<onclick>RunScript(script.skin.helper.colorpicker,skinstring=PanelShadow.color,header=$LOCALIZE[31048])</onclick>
							<onclick>SetProperty(Reset.Color,FFFFFFFF)</onclick>
							<include content="CustomColorRadioButton">
								<param name="ColorStringVar">$VAR[PanelShadowColorVar]</param>
							</include>
							<include>SettingsButton</include>
							<texturenofocus border="0" colordiffuse="3AFFFFFF">panels/floor/floor.png</texturenofocus>
						</control>
						<control type="radiobutton" id="306">
							<label>$LOCALIZE[31049]</label>
							<label2>[COLOR $VAR[PanelHighlightColorVar]]$VAR[PanelHighlightColorLabelVar][/COLOR]      </label2>
							<onclick>RunScript(script.skin.helper.colorpicker,skinstring=PanelHighlight.color,header=$LOCALIZE[31049])</onclick>
							<onclick>SetProperty(Reset.Color,FFFFFFFF)</onclick>
							<include content="CustomColorRadioButton">
								<param name="ColorStringVar">$VAR[PanelHighlightColorVar]</param>
							</include>
							<include>SettingsButton</include>
							<texturenofocus border="0" colordiffuse="3AFFFFFF">panels/floor/floor.png</texturenofocus>
						</control>
						<control type="radiobutton" id="307">
							<label>$LOCALIZE[31136]</label>
							<label2>[COLOR $VAR[PanelTextColorVar]]$VAR[PanelTextColorLabelVar][/COLOR]      </label2>
							<onclick>RunScript(script.skin.helper.colorpicker,skinstring=PanelText.color,header=$LOCALIZE[31136])</onclick>
							<onclick>SetProperty(Reset.Color,FFFFFFFF)</onclick>
							<include content="CustomColorRadioButton">
								<param name="ColorStringVar">$VAR[PanelTextColorVar]</param>
							</include>
							<include>SettingsButton</include>
							<texturenofocus border="0" colordiffuse="3AFFFFFF">panels/floor/floor.png</texturenofocus>
						</control>
						<control type="radiobutton" id="308">
							<label>$LOCALIZE[31137]</label>
							<label2>[COLOR $VAR[PanelSubTextColorVar]]$VAR[PanelSubTextColorLabelVar][/COLOR]      </label2>
							<onclick>RunScript(script.skin.helper.colorpicker,skinstring=PanelSubText.color,header=$LOCALIZE[31137])</onclick>
							<onclick>SetProperty(Reset.Color,FFFFFFFF)</onclick>
							<include content="CustomColorRadioButton">
								<param name="ColorStringVar">$VAR[PanelSubTextColorVar]</param>
							</include>
							<include>SettingsButton</include>
							<texturenofocus border="0" colordiffuse="3AFFFFFF">panels/floor/floor.png</texturenofocus>
						</control>
						<control type="radiobutton" id="309">
							<label>$LOCALIZE[31138]</label>
							<label2>[COLOR $VAR[PanelFocusTextColorVar]]$VAR[PanelFocusTextColorLabelVar][/COLOR]      </label2>
							<onclick>RunScript(script.skin.helper.colorpicker,skinstring=PanelFocusText.color,header=$LOCALIZE[31138])</onclick>
							<onclick>SetProperty(Reset.Color,FFFFFFFF)</onclick>
							<include content="CustomColorRadioButton">
								<param name="ColorStringVar">$VAR[PanelFocusTextColorVar]</param>
							</include>
							<include>SettingsButton</include>
							<texturenofocus border="0" colordiffuse="3AFFFFFF">panels/floor/floor.png</texturenofocus>
						</control>
						<control type="radiobutton" id="310">
							<label>$LOCALIZE[31174]</label>
							<label2>[COLOR $VAR[PanelDisabledTextColorVar]]$VAR[PanelDisabledTextColorLabelVar][/COLOR]      </label2>
							<onclick>RunScript(script.skin.helper.colorpicker,skinstring=PanelDisabledText.color,header=$LOCALIZE[31174])</onclick>
							<onclick>SetProperty(Reset.Color,FFFFFFFF)</onclick>
							<include content="CustomColorRadioButton">
								<param name="ColorStringVar">$VAR[PanelDisabledTextColorVar]</param>
							</include>
							<include>SettingsButton</include>
							<texturenofocus border="0" colordiffuse="3AFFFFFF">panels/floor/floor.png</texturenofocus>
						</control>
						<control type="radiobutton" id="311">
							<label>$LOCALIZE[31139]</label>
							<label2>[COLOR $VAR[PanelListSeparatorColorVar]]$VAR[PanelListSeparatorColorLabelVar][/COLOR]      </label2>
							<onclick>RunScript(script.skin.helper.colorpicker,skinstring=PanelListSeparator.color,header=$LOCALIZE[31139])</onclick>
							<onclick>SetProperty(Reset.Color,FFFFFFFF)</onclick>
							<include content="CustomColorRadioButton">
								<param name="ColorStringVar">$VAR[PanelListSeparatorColorVar]</param>
							</include>
							<include>SettingsButton</include>
							<texturenofocus border="0" colordiffuse="3AFFFFFF">panels/floor/floor.png</texturenofocus>
						</control>
						<!-- Main menu -->
						<control type="label" id="321">
							<label>$LOCALIZE[31041]</label>
							<include>SettingsLabel</include>
						</control>
						<control type="radiobutton" id="322">
							<label>$LOCALIZE[736]</label>
							<label2>[COLOR $VAR[MainMenuStyleColorVar]]$VAR[MainMenuStyleColorLabelVar][/COLOR]      </label2>
							<onclick>RunScript(script.skin.helper.colorpicker,skinstring=MainMenuStyle.color,header=$LOCALIZE[736])</onclick>
							<onclick>SetProperty(Reset.Color,FFFFFFFF)</onclick>
							<include content="CustomColorRadioButton">
								<param name="ColorStringVar">$VAR[MainMenuStyleColorVar]</param>
							</include>
							<include>SettingsButton</include>
							<texturenofocus border="0" colordiffuse="3AFFFFFF">panels/floor/floor.png</texturenofocus>
						</control>
						<control type="radiobutton" id="323">
							<label>$LOCALIZE[31051]</label>
							<label2>[COLOR $VAR[MainMenuTextureColorVar]]$VAR[MainMenuTextureColorLabelVar][/COLOR]      </label2>
							<onclick>RunScript(script.skin.helper.colorpicker,skinstring=MainMenuTexture.color,header=$LOCALIZE[31051])</onclick>
							<onclick>SetProperty(Reset.Color,FFFFFFFF)</onclick>
							<include content="CustomColorRadioButton">
								<param name="ColorStringVar">$VAR[MainMenuTextureColorVar]</param>
							</include>
							<include>SettingsButton</include>
							<texturenofocus border="0" colordiffuse="3AFFFFFF">panels/floor/floor.png</texturenofocus>
						</control>
						<control type="radiobutton" id="324">
							<label>$LOCALIZE[31134]</label>
							<label2>[COLOR $VAR[MainMenuGradientColorVar]]$VAR[MainMenuGradientColorLabelVar][/COLOR]      </label2>
							<onclick>RunScript(script.skin.helper.colorpicker,skinstring=MainMenuGradient.color,header=$LOCALIZE[31134])</onclick>
							<onclick>SetProperty(Reset.Color,FFFFFFFF)</onclick>
							<include content="CustomColorRadioButton">
								<param name="ColorStringVar">$VAR[MainMenuGradientColorVar]</param>
							</include>
							<include>SettingsButton</include>
							<texturenofocus border="0" colordiffuse="3AFFFFFF">panels/floor/floor.png</texturenofocus>
						</control>
						<control type="radiobutton" id="326">
							<label>$LOCALIZE[31039]</label>
							<label2>[COLOR $VAR[MainMenuWidgetColorVar]]$VAR[MainMenuWidgetColorLabelVar][/COLOR]      </label2>
							<onclick>RunScript(script.skin.helper.colorpicker,skinstring=MainMenuWidget.color,header=$LOCALIZE[31039])</onclick>
							<onclick>SetProperty(Reset.Color,FFFFFFFF)</onclick>
							<include content="CustomColorRadioButton">
								<param name="ColorStringVar">$VAR[MainMenuWidgetColorVar]</param>
							</include>
							<include>SettingsButton</include>
							<texturenofocus border="0" colordiffuse="3AFFFFFF">panels/floor/floor.png</texturenofocus>
						</control>
						<!-- Background -->
						<control type="label" id="331">
							<label>$LOCALIZE[33068]</label>
							<include>SettingsLabel</include>
						</control>
						<control type="radiobutton" id="332">
							<label>$LOCALIZE[31051]</label>
							<label2>[COLOR $VAR[BackgroundTextureColorVar]]$VAR[BackgroundTextureColorLabelVar][/COLOR]      </label2>
							<onclick>RunScript(script.skin.helper.colorpicker,skinstring=BackgroundTexture.color,header=$LOCALIZE[31051])</onclick>
							<onclick>SetProperty(Reset.Color,FFFFFFFF)</onclick>
							<include content="CustomColorRadioButton">
								<param name="ColorStringVar">$VAR[BackgroundTextureColorVar]</param>
							</include>
							<include>SettingsButton</include>
							<texturenofocus border="0" colordiffuse="3AFFFFFF">panels/floor/floor.png</texturenofocus>
						</control>
						<control type="radiobutton" id="333">
							<label>$LOCALIZE[31048]</label>
							<label2>[COLOR $VAR[BackgroundShadowColorVar]]$VAR[BackgroundShadowColorLabelVar][/COLOR]      </label2>
							<onclick>RunScript(script.skin.helper.colorpicker,skinstring=BackgroundShadow.color,header=$LOCALIZE[31048])</onclick>
							<onclick>SetProperty(Reset.Color,FFFFFFFF)</onclick>
							<include content="CustomColorRadioButton">
								<param name="ColorStringVar">$VAR[BackgroundShadowColorVar]</param>
							</include>
							<include>SettingsButton</include>
							<texturenofocus border="0" colordiffuse="3AFFFFFF">panels/floor/floor.png</texturenofocus>
						</control>
						<!-- Top bar/Main menu info bars -->
						<control type="label" id="341">
							<label>$LOCALIZE[31160]</label>
							<include>SettingsLabel</include>
						</control>
						<control type="radiobutton" id="342">
							<label>$LOCALIZE[31175]</label>
							<label2>[COLOR $VAR[TopbarTextureColorVar]]$VAR[TopbarTextureColorLabelVar][/COLOR]      </label2>
							<onclick>RunScript(script.skin.helper.colorpicker,skinstring=TopbarTexture.color,header=$LOCALIZE[31051])</onclick>
							<onclick>SetProperty(Reset.Color,FFFFFFFF)</onclick>
							<include content="CustomColorRadioButton">
								<param name="ColorStringVar">$VAR[TopbarTextureColorVar]</param>
							</include>
							<include>SettingsButton</include>
							<texturenofocus border="0" colordiffuse="3AFFFFFF">panels/floor/floor.png</texturenofocus>
						</control>
						<control type="radiobutton" id="343">
							<label>$LOCALIZE[31284]</label>
							<label2>[COLOR $VAR[TopbarShadowTextureColorVar]]$VAR[TopbarShadowTextureColorLabelVar][/COLOR]      </label2>
							<onclick>RunScript(script.skin.helper.colorpicker,skinstring=TopbarShadowTexture.color,header=$LOCALIZE[31051])</onclick>
							<onclick>SetProperty(Reset.Color,FFFFFFFF)</onclick>
							<include content="CustomColorRadioButton">
								<param name="ColorStringVar">$VAR[TopbarShadowTextureColorVar]</param>
							</include>
							<include>SettingsButton</include>
							<texturenofocus border="0" colordiffuse="3AFFFFFF">panels/floor/floor.png</texturenofocus>
						</control>
						<!-- Floor -->
						<control type="label" id="351">
							<label>$LOCALIZE[31047]</label>
							<include>SettingsLabel</include>
							<texturenofocus border="0" colordiffuse="3AFFFFFF">panels/floor/floor.png</texturenofocus>
						</control>
						<control type="radiobutton" id="352">
							<label>$LOCALIZE[736]</label>
							<label2>[COLOR $VAR[FloorStyleColorVar]]$VAR[FloorStyleColorLabelVar][/COLOR]      </label2>
							<onclick>RunScript(script.skin.helper.colorpicker,skinstring=FloorStyle.color,header=$LOCALIZE[736])</onclick>
							<onclick>SetProperty(Reset.Color,FFFFFFFF)</onclick>
							<include content="CustomColorRadioButton">
								<param name="ColorStringVar">$VAR[FloorStyleColorVar]</param>
							</include>
							<include>SettingsButton</include>
							<texturenofocus border="0" colordiffuse="3AFFFFFF">panels/floor/floor.png</texturenofocus>
						</control>
						<control type="radiobutton" id="353">
							<label>$LOCALIZE[31049]</label>
							<label2>[COLOR $VAR[FloorHighlightColorVar]]$VAR[FloorHighlightColorLabelVar][/COLOR]      </label2>
							<onclick>RunScript(script.skin.helper.colorpicker,skinstring=FloorHighlight.color,header=$LOCALIZE[31049])</onclick>
							<onclick>SetProperty(Reset.Color,FFFFFFFF)</onclick>
							<include content="CustomColorRadioButton">
								<param name="ColorStringVar">$VAR[FloorHighlightColorVar]</param>
							</include>
							<include>SettingsButton</include>
							<texturenofocus border="0" colordiffuse="3AFFFFFF">panels/floor/floor.png</texturenofocus>
						</control>
					</control>
					<!-- Backgrounds -->
					<control type="grouplist" id="7004">
						<visible>Container(7000).Hasfocus(4)</visible>
						<top>200</top>
						<left>425</left>
						<width>1395</width>
						<height>670</height>
						<onleft>7000</onleft>
						<onright>607004</onright>
						<pagecontrol>607004</pagecontrol>
						<include>ContainerScrollTime</include>
						<control type="label" id="401">
							<label>$LOCALIZE[128]</label>
							<font>Font28_Bold</font>
							<textcolor>$VAR[PanelHighlightColorVar]</textcolor>
							<include>SettingsButton</include>
						</control>
						<control type="button" id="402">
							<label>$LOCALIZE[31310]</label>
							<label2>$VAR[FanartTimePerImageLabelVar]</label2>
							<onclick>SetProperty(CustomSelect,$LOCALIZE[31310],home)</onclick>
							<onclick>ActivateWindow(1110)</onclick>
							<include>SettingsButton</include>
						</control>
						<control type="button" id="403">
							<label>$LOCALIZE[31145]</label>
							<label2>$VAR[BackgroundEffectLabelVar]</label2>
							<onclick>SetProperty(CustomSelect,$LOCALIZE[31145],home)</onclick>
							<onclick>ActivateWindow(1110)</onclick>
							<include>SettingsButton</include>
						</control>
						<control type="label" id="410">
							<label>$LOCALIZE[31002]</label>
							<include>SettingsLabel</include>
						</control>
						<control type="button" id="411">
							<label>$LOCALIZE[31315]</label>
							<label2>$VAR[NowPlayingMusicBackgroundLabelVar]</label2>
							<onclick>SetProperty(CustomSelect,$LOCALIZE[31030],home)</onclick>
							<onclick>ActivateWindow(1110)</onclick>
							<include>SettingsButton</include>
						</control>
						<control type="button" id="413">
							<visible>Skin.String(NowPlayingMusicBackground,artistsslideshow)</visible>
							<label>$LOCALIZE[31354]</label>
							<onclick>Addon.OpenSettings(script.artistslideshow)</onclick>
							<include>SettingsButton</include>
						</control>
						<control type="radiobutton" id="414">
							<label>$LOCALIZE[250]</label>
							<onclick>Skin.ToggleSetting(NowplayingVizBackground)</onclick>
							<selected>Skin.HasSetting(NowplayingVizBackground)</selected>
							<include>SettingsRadioButton</include>
						</control>
						<control type="radiobutton" id="415">
							<label>$LOCALIZE[31181]</label>
							<onclick>Skin.ToggleSetting(NowplayingVideoBackground)</onclick>
							<selected>Skin.HasSetting(NowplayingVideoBackground)</selected>
							<include>SettingsRadioButton</include>
						</control>
						<control type="label" id="420">
							<label>$LOCALIZE[31036] / $LOCALIZE[33071]</label>
							<font>Font28_Bold</font>
							<textcolor>$VAR[PanelHighlightColorVar]</textcolor>
							<include>SettingsButton</include>
						</control>
						<control type="button" id="421">
							<description>Videos</description>
							<label>$LOCALIZE[3]</label>
							<onclick>SetProperty(CustomSelectGroup,$LOCALIZE[3] $LOCALIZE[31107],home)</onclick>
							<onclick>ActivateWindow(1111)</onclick>
							<include>SettingsButton</include>
						</control>
						<control type="button" id="422">
							<description>Music</description>
							<label>$LOCALIZE[14216]</label>
							<onclick>SetProperty(CustomSelectGroup,$LOCALIZE[2] $LOCALIZE[31107],home)</onclick>
							<onclick>ActivateWindow(1111)</onclick>
							<include>SettingsButton</include>
						</control>
						<control type="button" id="423">
							<description>PVR</description>
							<label>$LOCALIZE[14204]</label>
							<onclick>SetProperty(CustomSelectGroup,$LOCALIZE[14204] $LOCALIZE[31107],home)</onclick>
							<onclick>ActivateWindow(1111)</onclick>
							<include>SettingsButton</include>
						</control>
						<control type="button" id="424">
							<description>Games</description>
							<label>$LOCALIZE[15016]</label>
							<onclick>SetProperty(CustomSelectGroup,$LOCALIZE[15016] $LOCALIZE[31107],home)</onclick>
							<onclick>ActivateWindow(1111)</onclick>
							<include>SettingsButton</include>
						</control>
						<control type="button" id="425">
							<description>Pictures</description>
							<label>$LOCALIZE[14217]</label>
							<onclick>SetProperty(CustomSelectGroup,$LOCALIZE[1] $LOCALIZE[31107],home)</onclick>
							<onclick>ActivateWindow(1111)</onclick>
							<include>SettingsButton</include>
						</control>
						<control type="button" id="426">
							<description>Addons</description>
							<label>$LOCALIZE[24001]</label>
							<onclick>SetProperty(CustomSelectGroup,$LOCALIZE[24001] $LOCALIZE[31107],home)</onclick>
							<onclick>ActivateWindow(1111)</onclick>
							<include>SettingsButton</include>
						</control>
						<control type="button" id="429">
							<description>Favourites</description>
							<label>$LOCALIZE[1036]</label>
							<onclick>SetProperty(CustomSelectGroup,$LOCALIZE[1036] $LOCALIZE[31107],home)</onclick>
							<onclick>ActivateWindow(1111)</onclick>
							<include>SettingsButton</include>
						</control>
						<control type="button" id="427">
							<description>Weather</description>
							<label>$LOCALIZE[400]</label>
							<onclick>SetProperty(CustomSelectGroup,$LOCALIZE[400] $LOCALIZE[31107],home)</onclick>
							<onclick>ActivateWindow(1111)</onclick>
							<include>SettingsButton</include>
						</control>
						<control type="button" id="428">
							<description>System</description>
							<label>$LOCALIZE[24992]</label>
							<onclick>SetProperty(CustomSelectGroup,$LOCALIZE[24992] $LOCALIZE[31107],home)</onclick>
							<onclick>ActivateWindow(1111)</onclick>
							<include>SettingsButton</include>
						</control>
					</control>
					<!-- Background description -->
					<control type="textbox">
						<visible>Container(7000).Hasfocus(4)</visible>
						<left>460</left>
						<bottom>115</bottom>
						<width>1325</width>
						<height>80</height>
						<font>Font28_Reg</font>
						<label>$VAR[BackgroundDescriptionVar]</label>
						<textcolor>$VAR[PanelTextColorVar]</textcolor>
					</control>
					<!-- Furniture -->
					<control type="grouplist" id="7005">
						<visible>Container(7000).Hasfocus(5)</visible>
						<top>200</top>
						<left>425</left>
						<width>1395</width>
						<height>670</height>
						<onleft>7000</onleft>
						<onright>607005</onright>
						<pagecontrol>607005</pagecontrol>
						<include>ContainerScrollTime</include>
						<control type="label" id="501">
							<label>$LOCALIZE[14022]</label>
							<include>SettingsLabel</include>
						</control>
						<control type="button" id="502">
							<label>$LOCALIZE[31270]</label>
							<onclick>SetProperty(CustomSelectGroup,$LOCALIZE[31270],home)</onclick>
							<onclick>ActivateWindow(1111)</onclick>
							<include>SettingsButton</include>
						</control>
						<control type="button" id="507">
							<label>$LOCALIZE[31363]</label>
							<onclick>SetProperty(CustomSelectGroup,$LOCALIZE[31363],home)</onclick>
							<onclick>ActivateWindow(1111)</onclick>
							<include>SettingsButton</include>
						</control>
						<control type="radiobutton" id="503">
							<label>$LOCALIZE[31019]</label>
							<onclick>Skin.ToggleSetting(DisableScrollLetter)</onclick>
							<selected>!Skin.HasSetting(DisableScrollLetter)</selected>
							<include>SettingsRadioButton</include>
						</control>
						<control type="radiobutton" id="504">
							<label>$LOCALIZE[31313]</label>
							<onclick>Skin.ToggleSetting(DisableJumptoLetter)</onclick>
							<selected>!Skin.HasSetting(DisableJumptoLetter)</selected>
							<include>SettingsRadioButton</include>
						</control>
						<control type="radiobutton" id="505">
							<label>$LOCALIZE[203]</label>
							<onclick>Skin.ToggleSetting(DisablePlotOutline)</onclick>
							<selected>!Skin.HasSetting(DisablePlotOutline)</selected>
							<include>SettingsRadioButton</include>
						</control>
						<control type="radiobutton" id="506">
							<label>$LOCALIZE[20189]</label>
							<onclick>Skin.ToggleSetting(DisableAutoScroll)</onclick>
							<selected>!Skin.HasSetting(DisableAutoScroll)</selected>
							<include>SettingsRadioButton</include>
						</control>
						<control type="label" id="510">
							<label>$LOCALIZE[31287]</label>
							<include>SettingsLabel</include>
						</control>
						<control type="radiobutton" id="511">
							<label>$LOCALIZE[24022]</label>
							<onclick>Skin.ToggleSetting(DisableShortcuts)</onclick>
							<selected>!Skin.HasSetting(DisableShortcuts)</selected>
							<include>SettingsRadioButton</include>
						</control>
						<control type="button" id="512">
							<label>$LOCALIZE[21435]</label>
							<visible>!Skin.HasSetting(DisableShortcuts)</visible>
							<onclick>RunScript(script.skinshortcuts,type=manage&amp;group=shortcuts)</onclick>
							<include>SettingsButton</include>
						</control>
						<control type="label" id="530">
							<label>$LOCALIZE[31081]</label>
							<include>SettingsLabel</include>
						</control>
						<control type="radiobutton" id="531">
							<label>$LOCALIZE[31086]</label>
							<onclick>Skin.ToggleSetting(DisableVideoPlaylistButton)</onclick>
							<selected>!Skin.HasSetting(DisableVideoPlaylistButton)</selected>
							<include>SettingsRadioButton</include>
						</control>
						<control type="radiobutton" id="532">
							<label>$LOCALIZE[10500]</label>
							<onclick>Skin.ToggleSetting(DisableMusicPlaylistButton)</onclick>
							<selected>!Skin.HasSetting(DisableMusicPlaylistButton)</selected>
							<include>SettingsRadioButton</include>
						</control>
						<control type="radiobutton" id="533">
							<label>$LOCALIZE[35232]</label>
							<onclick>Skin.ToggleSetting(EnableFullscreenButton)</onclick>
							<selected>Skin.HasSetting(EnableFullscreenButton)</selected>
							<include>SettingsRadioButton</include>
						</control>
						<control type="radiobutton" id="534">
							<label>$LOCALIZE[13398]</label>
							<onclick>Skin.ToggleSetting(DisableShortcutsButton)</onclick>
							<selected>!Skin.HasSetting(DisableShortcutsButton)</selected>
							<include>SettingsRadioButton</include>
						</control>
						<control type="radiobutton" id="535">
							<label>$LOCALIZE[10114]</label>
							<onclick>Skin.ToggleSetting(DisablePlayerControlButton)</onclick>
							<selected>!Skin.HasSetting(DisablePlayerControlButton)</selected>
							<include>SettingsRadioButton</include>
						</control>
						<control type="label" id="520">
							<label>$LOCALIZE[128]</label>
							<include>SettingsLabel</include>
						</control>
						<control type="button" id="521">
							<label>$LOCALIZE[31042]</label>
							<onclick>SetProperty(CustomSelectGroup,$LOCALIZE[31042],home)</onclick>
							<onclick>ActivateWindow(1111)</onclick>
							<include>SettingsButton</include>
						</control>
						<control type="button" id="522">
							<label>$LOCALIZE[12003]</label>
							<onclick>SetProperty(CustomSelectGroup,$LOCALIZE[31330],home)</onclick>
							<onclick>ActivateWindow(1111)</onclick>
							<include>SettingsButton</include>
						</control>
						<control type="button" id="523">
							<label>$LOCALIZE[12001]</label>
							<onclick>SetProperty(CustomSelectGroup,$LOCALIZE[31350],home)</onclick>
							<onclick>ActivateWindow(1111)</onclick>
							<include>SettingsButton</include>
						</control>
						<control type="button" id="524">
							<label>$LOCALIZE[12005]</label>
							<onclick>SetProperty(CustomSelectGroup,$LOCALIZE[31338],home)</onclick>
							<onclick>ActivateWindow(1111)</onclick>
							<include>SettingsButton</include>
						</control>
						<control type="button" id="525">
							<label>$LOCALIZE[31312]</label>
							<onclick>SetProperty(CustomSelectGroup,$LOCALIZE[31337],home)</onclick>
							<onclick>ActivateWindow(1111)</onclick>
							<include>SettingsButton</include>
						</control>
						<control type="radiobutton" id="526">
							<label>$LOCALIZE[31016]</label>
							<onclick>Notification($LOCALIZE[25000],$LOCALIZE[31016])</onclick>
							<onclick>Skin.ToggleSetting(SmallerNotifications)</onclick>
							<selected>Skin.HasSetting(SmallerNotifications)</selected>
							<include>SettingsRadioButton</include>
						</control>
						<control type="radiobutton" id="527">
							<label>$LOCALIZE[31020]</label>
							<include>SettingsRadioButton</include>
							<onclick>Skin.ToggleSetting(DisableDialogBackground)</onclick>
							<selected>!Skin.HasSetting(DisableDialogBackground)</selected>
						</control>
						<control type="radiobutton" id="528">
							<visible>System.AddonIsEnabled(script.embuary.helper)</visible>
							<label>$LOCALIZE[12381]</label>
							<include>SettingsRadioButton</include>
							<onclick>RunScript(script.embuary.helper,action=togglekodisetting,setting=musicfiles.selectaction)</onclick>
							<selected>system.getbool(musicfiles.selectaction)</selected>
						</control>
					</control>
					<!-- Furniture description -->
					<control type="textbox">
						<visible>Container(7000).Hasfocus(5)</visible>
						<left>460</left>
						<bottom>115</bottom>
						<width>1325</width>
						<height>80</height>
						<font>Font28_Reg</font>
						<label>$VAR[FurnitureDescriptionVar]</label>
						<textcolor>$VAR[PanelTextColorVar]</textcolor>
					</control>
					<!-- Artwork -->
					<control type="grouplist" id="7006">
						<visible>Container(7000).Hasfocus(6)</visible>
						<top>200</top>
						<left>425</left>
						<width>1395</width>
						<height>670</height>
						<onleft>7000</onleft>
						<onright>607006</onright>
						<pagecontrol>607006</pagecontrol>
						<include>ContainerScrollTime</include>
						<control type="label" id="601">
							<label>$LOCALIZE[128]</label>
							<include>SettingsLabel</include>
						</control>
						<control type="radiobutton" id="602">
							<!-- <label>$LOCALIZE[31062]</label> -->
							<label>$LOCALIZE[737] icons</label>
							<onclick>Skin.ToggleSetting(IconsColored)</onclick>
							<selected>Skin.HasSetting(IconsColored)</selected>
							<include>SettingsRadioButton</include>
						</control>
						<control type="button" id="603">
							<label>$LOCALIZE[31234]</label>
							<onclick>SetProperty(CustomSelectGroup,$LOCALIZE[31234],home)</onclick>
							<onclick>ActivateWindow(1111)</onclick>
							<include>SettingsButton</include>
						</control>
						<control type="button" id="605">
							<label>$LOCALIZE[31009]</label>
							<label2>$VAR[LibraryAudioDiscArtLabelVar]</label2>
							<onclick>SetProperty(CustomSelect,$LOCALIZE[31009],home)</onclick>
							<onclick>ActivateWindow(1110)</onclick>
							<include>SettingsButton</include>
						</control>
						<control type="button" id="606">
							<label>$LOCALIZE[31299]</label>
							<label2>$VAR[LibraryVideoDiscArtLabelVar]</label2>
							<onclick>SetProperty(CustomSelect,$LOCALIZE[31299],home)</onclick>
							<onclick>ActivateWindow(1110)</onclick>
							<include>SettingsButton</include>
						</control>
						<control type="label" id="620">
							<label>$LOCALIZE[24035]</label>
							<include>SettingsLabel</include>
						</control>
						<control type="button" id="621">
							<label>$LOCALIZE[31034]</label>
							<label2>$VAR[AddonWeatherIconsVar]</label2>
							<onclick>RunScript(script.image.resource.select,property=WeatherIcons&amp;type=resource.images.weathericons)</onclick>
							<include>SettingsButton</include>
						</control>
						<control type="button" id="622">
							<label>$LOCALIZE[31004]</label>
							<label2>$VAR[AddonWeatherFanartVar]</label2>
							<onclick>RunScript(script.image.resource.select,property=WeatherFanart&amp;type=resource.images.weatherfanart)</onclick>
							<include>SettingsRadioButton</include>
						</control>
						<control type="button" id="623">
							<label>White studio icons</label>
							<label2>$VAR[AddonWhiteStudiosVar]</label2>
							<onclick condition="!System.HasAddon(resource.images.studios.white)">InstallAddon(resource.images.studios.white)</onclick>
							<include>SettingsRadioButton</include>
						</control>
						<control type="button" id="624">
							<!-- <label>Coloured studio icons</label> -->
							<label>$LOCALIZE[737] studio icons</label>
							<label2>$VAR[AddonColouredStudiosVar]</label2>
							<onclick condition="!System.HasAddon(resource.images.studios.coloured)">InstallAddon(resource.images.studios.coloured)</onclick>
							<include>SettingsRadioButton</include>
						</control>
						<control type="button" id="625">
							<label>White record label icons</label>
							<label2>$VAR[AddonRecordLabelsVar]</label2>
							<onclick condition="!System.HasAddon(resource.images.recordlabels.white)">InstallAddon(resource.images.recordlabels.white)</onclick>
							<include>SettingsRadioButton</include>
						</control>
						<control type="button" id="626">
							<label>Language flags</label>
							<label2>$VAR[AddonLanguageFlagsVar]</label2>
							<onclick condition="!System.HasAddon(resource.images.languageflags.rounded)">InstallAddon(resource.images.languageflags.rounded)</onclick>
							<include>SettingsRadioButton</include>
						</control>
						<control type="button" id="627">
							<label>Music genre icons</label>
							<label2>$VAR[AdoonMusicGenreIconsVar]</label2>
							<onclick condition="!System.HasAddon(resource.images.musicgenreicons.text)">InstallAddon(resource.images.musicgenreicons.text)</onclick>
							<include>SettingsRadioButton</include>
						</control>
						<control type="button" id="628">
							<label>$LOCALIZE[737] movie genre icons</label>
							<label2>$VAR[AdoonMovieGenreIconsVar]</label2>
							<onclick condition="!System.HasAddon(resource.images.moviegenreicons.filmstrip-hd.colour)">InstallAddon(resource.images.moviegenreicons.filmstrip-hd.colour)</onclick>
							<include>SettingsRadioButton</include>
						</control>
						<control type="button" id="629">
							<label>BW movie genre icons</label>
							<label2>$VAR[AdoonMovieGenreIconsBWVar]</label2>
							<onclick condition="!System.HasAddon(resource.images.moviegenreicons.filmstrip-hd.bw)">InstallAddon(resource.images.moviegenreicons.filmstrip-hd.bw)</onclick>
							<include>SettingsRadioButton</include>
						</control>
						<control type="button" id="630">
							<label>Movie country icons</label>
							<label2>$VAR[AddonCountryIconsVar]</label2>
							<onclick condition="!System.HasAddon(resource.images.moviecountryicons.flags)">InstallAddon(resource.images.moviecountryicons.flags)</onclick>
							<include>SettingsRadioButton</include>
						</control>
					</control>
					<!-- Artwork description -->
					<control type="textbox">
						<visible>Container(7000).Hasfocus(6)</visible>
						<left>460</left>
						<bottom>115</bottom>
						<width>1325</width>
						<height>80</height>
						<font>Font28_Reg</font>
						<label>$VAR[ArtworkDescriptionVar]</label>
						<textcolor>$VAR[PanelTextColorVar]</textcolor>
					</control>
					<!-- Addons -->
					<control type="grouplist" id="7007">
						<visible>Container(7000).Hasfocus(7)</visible>
						<top>200</top>
						<left>425</left>
						<width>1395</width>
						<height>670</height>
						<onleft>7000</onleft>
						<onright>607007</onright>
						<pagecontrol>607007</pagecontrol>
						<include>ContainerScrollTime</include>
						<control type="label" id="701">
							<label>$LOCALIZE[31124]</label>
							<include>SettingsLabel</include>
						</control>
						<control type="button" id="702">
							<label>Skin shortcuts</label>
							<label2>$VAR[AddonSkinShortcutsVar]</label2>
							<onclick condition="!System.HasAddon(script.skinshortcuts)">InstallAddon(script.skinshortcuts)</onclick>
							<onclick condition="!System.AddonIsEnabled(script.skinshortcuts)">EnableAddon(script.skinshortcuts)</onclick>
							<onclick condition="System.HasAddon(script.skinshortcuts)">Addon.OpenSettings(script.skinshortcuts)</onclick>
							<include>SettingsRadioButton</include>
						</control>
						<control type="button" id="703">
							<label>Embuary helper</label>
							<label2>$VAR[AddonEmbuaryHelperVar]</label2>
							<onclick condition="!System.HasAddon(script.embuary.helper)">InstallAddon(script.embuary.helper)</onclick>
							<onclick condition="!System.AddonIsEnabled(script.embuary.helper)">EnableAddon(script.embuary.helper)</onclick>
							<onclick condition="System.HasAddon(script.embuary.helper)">Addon.OpenSettings(script.embuary.helper)</onclick>
							<include>SettingsRadioButton</include>
						</control>
						<control type="button" id="704">
							<label>Skin helper colorpicker</label>
							<label2>$VAR[AddonColorPickerVar]</label2>
							<onclick condition="!System.HasAddon(script.skin.helper.colorpicker)">InstallAddon(script.skin.helper.colorpicker)</onclick>
							<onclick condition="!System.AddonIsEnabled(script.skin.helper.colorpicker)">EnableAddon(script.skin.helper.colorpicker)</onclick>
							<onclick condition="System.HasAddon(script.skin.helper.colorpicker)">Addon.OpenSettings(script.skin.helper.colorpicker)</onclick>
							<include>SettingsRadioButton</include>
						</control>
						<control type="button" id="705">
							<label>Image resource select addon</label>
							<label2>$VAR[AddonResourceSelectVar]</label2>
							<onclick condition="!System.HasAddon(script.image.resource.select)">InstallAddon(script.image.resource.select)</onclick>
							<onclick condition="!System.AddonIsEnabled(script.image.resource.select)">EnableAddon(script.image.resource.select)</onclick>
							<onclick condition="System.HasAddon(script.image.resource.select)">Addon.OpenSettings(script.image.resource.select)</onclick>
							<include>SettingsRadioButton</include>
						</control>
						<control type="label" id="710">
							<label>$LOCALIZE[31125]</label>
							<include>SettingsLabel</include>
						</control>
						<control type="button" id="711">
							<label>Artwork dump</label>
							<label2>$VAR[AddonArtworkDumpVar]</label2>
							<onclick condition="!System.HasAddon(repository.rector.stuff)">Notification(Replaces Artwork Beef - Matrix +. Install repo:,github.com/rmrector/repository.rector.stuff)</onclick>
							<onclick condition="System.HasAddon(repository.rector.stuff) + !System.HasAddon(script.artwork.dump)">InstallAddon(script.artwork.dump)</onclick>
							<onclick condition="System.HasAddon(repository.rector.stuff) + System.HasAddon(script.artwork.dump)">Addon.OpenSettings(script.artwork.dump)</onclick>
							<include>SettingsRadioButton</include>
						</control>
						<control type="button" id="722">
							<label>Embuary info</label>
							<label2>$VAR[AddonEmbuaryInfoVar]</label2>
							<onclick condition="!System.HasAddon(script.embuary.info)">InstallAddon(script.embuary.info)</onclick>
							<onclick condition="!System.AddonIsEnabled(script.embuary.info)">EnableAddon(script.embuary.info)</onclick>
							<onclick condition="System.HasAddon(script.embuary.info)">Addon.OpenSettings(script.embuary.info)</onclick>
							<include>SettingsRadioButton</include>
						</control>
						<control type="button" id="713">
							<label>CU LRC lyrics</label>
							<label2>$VAR[AddonLyricsVar]</label2>
							<onclick condition="!System.HasAddon(script.cu.lrclyrics)">InstallAddon(script.cu.lrclyrics)</onclick>
							<onclick condition="!System.AddonIsEnabled(script.cu.lrclyrics)">EnableAddon(script.cu.lrclyrics)</onclick>
							<onclick condition="System.HasAddon(script.cu.lrclyrics)">Addon.OpenSettings(script.cu.lrclyrics)</onclick>
							<include>SettingsRadioButton</include>
						</control>
						<control type="label" id="720">
							<label>$LOCALIZE[31126]</label>
							<include>SettingsLabel</include>
						</control>
						<control type="button" id="721">
							<label>Trakt.TV</label>
							<label2>$VAR[AddonTraktVar]</label2>
							<onclick condition="!System.HasAddon(script.trakt)">InstallAddon(script.trakt)</onclick>
							<onclick condition="!System.AddonIsEnabled(script.trakt)">EnableAddon(script.trakt)</onclick>
							<onclick condition="System.HasAddon(script.trakt)">Addon.OpenSettings(script.trakt)</onclick>
							<include>SettingsRadioButton</include>
						</control>
						<control type="button" id="712">
							<label>TheMovieDb Helper</label>
							<label2>$VAR[AddonTMDbHelperVar]</label2>
							<onclick condition="!System.HasAddon(plugin.video.themoviedb.helper)">InstallAddon(plugin.video.themoviedb.helper)</onclick>
							<onclick condition="!System.AddonIsEnabled(plugin.video.themoviedb.helper)">EnableAddon(plugin.video.themoviedb.helper)</onclick>
							<onclick condition="System.HasAddon(plugin.video.themoviedb.helper)">Addon.OpenSettings(plugin.video.themoviedb.helper)</onclick>
							<include>SettingsRadioButton</include>
						</control>
						<control type="button" id="725">
							<label>Up next</label>
							<label2>$VAR[AddonUpNextVar]</label2>
							<onclick condition="!System.HasAddon(service.upnext)">InstallAddon(service.upnext)</onclick>
							<onclick condition="!System.AddonIsEnabled(service.upnext)">EnableAddon(service.upnext)</onclick>
							<onclick condition="System.HasAddon(service.upnext)">Addon.OpenSettings(service.upnext)</onclick>
							<include>SettingsRadioButton</include>
						</control>
						<control type="button" id="723">
							<!-- <label>Favourites script</label> -->
							<label>$LOCALIZE[1036] script</label>
							<label2>$VAR[AddonFavouritesVar]</label2>
							<onclick condition="!System.HasAddon(script.favourites)">InstallAddon(script.favourites)</onclick>
							<onclick condition="!System.AddonIsEnabled(script.favourites)">EnableAddon(script.favourites)</onclick>
							<onclick condition="System.HasAddon(script.favourites)">Addon.OpenSettings(script.favourites)</onclick>
							<include>SettingsRadioButton</include>
						</control>
						<control type="button" id="724">
							<label>Artist slideshow</label>
							<label2>$VAR[AddonArtistSlideshowVar]</label2>
							<onclick condition="!System.HasAddon(script.artistslideshow)">InstallAddon(script.artistslideshow)</onclick>
							<onclick condition="!System.AddonIsEnabled(script.artistslideshow)">EnableAddon(script.artistslideshow)</onclick>
							<onclick condition="System.HasAddon(script.artistslideshow)">Addon.OpenSettings(script.artistslideshow)</onclick>
							<include>SettingsRadioButton</include>
						</control>
						<control type="button" id="726">
							<label>TV tunes</label>
							<label2>$VAR[AddonTVtunesVar]</label2>
							<onclick condition="!System.HasAddon(service.tvtunes)">InstallAddon(service.tvtunes)</onclick>
							<onclick condition="!System.AddonIsEnabled(service.tvtunes)">EnableAddon(service.tvtunes)</onclick>
							<onclick condition="System.HasAddon(service.tvtunes)">Addon.OpenSettings(service.tvtunes)</onclick>
							<include>SettingsRadioButton</include>
						</control>
						<control type="button" id="727">
							<label>RSS editor</label>
							<label2>$VAR[AddonRSSVar]</label2>
							<onclick condition="!System.HasAddon(script.rss.editor)">InstallAddon(script.rss.editor)</onclick>
							<onclick condition="!System.AddonIsEnabled(script.rss.editor)">EnableAddon(script.rss.editor)</onclick>
							<onclick condition="System.HasAddon(script.rss.editor)">RunScript(script.rss.editor)</onclick>
							<include>SettingsRadioButton</include>
						</control>
						<control type="button" id="728">
							<label>Library node editor</label>
							<label2>$VAR[AddonNodeVar]</label2>
							<onclick condition="!System.HasAddon(plugin.library.node.editor)">InstallAddon(plugin.library.node.editor)</onclick>
							<onclick condition="!System.AddonIsEnabled(plugin.library.node.editor)">EnableAddon(plugin.library.node.editor)</onclick>
							<onclick condition="System.HasAddon(plugin.library.node.editor)">ActivateWindow(programs,plugin://plugin.library.node.editor/?ltype=video,return)</onclick>
							<include>SettingsRadioButton</include>
						</control>
					</control>
					<!-- Addon description -->
					<control type="textbox">
						<visible>Container(7000).Hasfocus(7)</visible>
						<left>460</left>
						<bottom>115</bottom>
						<width>1325</width>
						<height>80</height>
						<font>Font28_Reg</font>
						<label>$VAR[AddonDescriptionVar]</label>
						<textcolor>$VAR[PanelTextColorVar]</textcolor>
					</control>
				</control>
			</control>
			<control type="scrollbar" id="607001">
				<visible>Container(7000).Hasfocus(1)</visible>
				<top>120</top>
				<right>80</right>
				<bottom>120</bottom>
				<onleft>7001</onleft>
			</control>
			<control type="scrollbar" id="607002">
				<visible>Container(7000).Hasfocus(2)</visible>
				<top>120</top>
				<right>80</right>
				<bottom>120</bottom>
				<onleft>7002</onleft>
			</control>
			<control type="scrollbar" id="607003">
				<visible>Container(7000).Hasfocus(3)</visible>
				<top>120</top>
				<right>80</right>
				<bottom>120</bottom>
				<onleft>7003</onleft>
			</control>
			<control type="scrollbar" id="607004">
				<visible>Container(7000).Hasfocus(4)</visible>
				<top>120</top>
				<right>80</right>
				<bottom>120</bottom>
				<onleft>7004</onleft>
			</control>
			<control type="scrollbar" id="607005">
				<visible>Container(7000).Hasfocus(5)</visible>
				<top>120</top>
				<right>80</right>
				<bottom>120</bottom>
				<onleft>7005</onleft>
			</control>
			<control type="scrollbar" id="607006">
				<visible>Container(7000).Hasfocus(6)</visible>
				<top>120</top>
				<right>80</right>
				<bottom>120</bottom>
				<onleft>7006</onleft>
			</control>
			<control type="scrollbar" id="607007">
				<visible>Container(7000).Hasfocus(7)</visible>
				<top>120</top>
				<right>80</right>
				<bottom>120</bottom>
				<onleft>7007</onleft>
			</control>
		</control>
		<!-- Topbar -->
		<include content="TopBar">
			<param name="visible">!Skin.HasSetting(SettingsHideTopBar)</param>
			<param name="icon">settings.png</param>
			<param name="label">$LOCALIZE[13000] / $LOCALIZE[20077]</param>
			<param name="animationopen">$EXP[SystemAnimationOpenCondition]</param>
			<param name="animationclose">$EXP[SystemAnimationCloseCondition]</param>
		</include>
		<!-- Media Menu -->
		<include content="MediaMenu">
			<param name="contentvisible">true</param>
			<param name="commontopvisible">false</param>
			<param name="content">MediaMenuSystem</param>
			<param name="navigationid">7000</param>
		</include>
	</controls>
</window>