<?xml version="1.0" encoding="utf-8"?>
<includes>
	<include name="View50CoverList">
		<!-- Floor -->
		<include content="Floor">
			<param name="visible">Skin.HasSetting(View50HideFloor) + Control.IsVisible(50)</param>
			<param name="highlight">FloorHighlightRight</param>
		</include>
		<!-- List -->
		<control type="group">
			<visible>Control.IsVisible(50)</visible>
			<include content="AnimationSlideLeftWindow">
				<param name="slide">1338</param>
			</include>
			<include content="AnimationSlideLeftVisible">
				<param name="slide">1338</param>
			</include>
			<include content="PanelDefault">
				<param name="right">662</param>
				<param name="righttexture">682</param>
				<param name="diffusetexture">diffuse/rounded20-1138x880.png</param>
				<param name="reflect">!Skin.HasSetting(View50HideReflect)</param>
			</include>
			<control type="list" id="50">
				<top>141</top>
				<left>100</left>
				<width>1138</width>
				<height>800</height>
				<onleft>9050</onleft>
				<onright>6050</onright>
				<pagecontrol>6050</pagecontrol>
				<include>ContainerScrollTime</include>
				<viewtype label="$LOCALIZE[31238]">list</viewtype>
				<include condition="!Window.IsVisible(MyPlaylist.xml)" content="ViewContainerList2">
					<param name="id">50</param>
					<param name="biglistvisible">Skin.HasSetting(View50BigList)</param>
				</include>
				<include condition="Window.IsVisible(MyPlaylist.xml)" content="ViewContainerPlaylist">
					<param name="id">50</param>
					<param name="biglistvisible">Skin.HasSetting(View50BigList)</param>
				</include>
			</control>
			<control type="scrollbar" id="6050">
				<top>140</top>
				<left>1218</left>
				<bottom>140</bottom>
				<onleft>50</onleft>
				<onright condition="Control.IsVisible(61300)">61300</onright>
			</control>
		</control>
		<!-- Art -->
		<control type="group">
			<visible>Control.IsVisible(50)</visible>
			<include content="AnimationSlideRightWindow">
				<param name="slide">652</param>
			</include>
			<include content="AnimationSlideRightVisible">
				<param name="slide">652</param>
			</include>
			<control type="group">
				<visible>Container.Content(movies) | Container.Content(episodes) | String.IsEqual(ListItem.DBTYPE,movie) | String.IsEqual(ListItem.DBTYPE,episode) | Container.Content(sets) | Container.Content(tvshows) | Container.Content(seasons)</visible>
				<top>130</top>
				<left>1278</left>
				<width>552</width>
				<height>820</height>
				<control type="group">
					<visible>!Skin.HasSetting(View50VideoCase)</visible>
					<control type="group">
						<visible>!Skin.HasSetting(View50HideReflect)</visible>
						<top>805</top>
						<height>820</height>
						<include>ViewArtworkReflect</include>
					</control>
					<include>ViewArtwork</include>
				</control>
				<control type="group">
					<visible>Skin.HasSetting(View50VideoCase)</visible>
					<control type="group">
						<visible>!Skin.HasSetting(View50HideReflect)</visible>
						<top>805</top>
						<height>820</height>
						<include>ViewArtworkVideoCaseReflect</include>
					</control>
					<include>ViewArtworkVideoCase</include>
				</control>
			</control>
			<control type="group">
				<visible>Container.Content(actors) | Container.Content(directors)</visible>
				<top>130</top>
				<left>1278</left>
				<width>552</width>
				<height>820</height>
				<control type="group">
					<visible>!Skin.HasSetting(View50HideReflect)</visible>
					<top>805</top>
					<height>820</height>
					<include>ViewArtworkReflect</include>
				</control>
				<include>ViewArtwork</include>
			</control>
			<control type="group">
				<visible>Container.Content(countries)</visible>
				<top>535</top>
				<left>1278</left>
				<width>552</width>
				<height>415</height>
				<control type="group">
					<visible>!Skin.HasSetting(View50HideReflect)</visible>
					<top>400</top>
					<height>415</height>
					<include content="ViewArtworkReflect">
						<param name="art">$VAR[CountryIconVar]</param>
						<param name="fallback">DefaultFolderBack.png</param>
					</include>
				</control>
				<include content="ViewArtwork">
					<param name="art">$VAR[CountryIconVar]</param>
					<param name="fallback">DefaultFolderBack.png</param>
					<param name="diffuse">diffuse/rounded5-532x395.png</param>
				</include>
			</control>
			<control type="group">
				<visible>Container.Content(studios)</visible>
				<top>535</top>
				<left>1278</left>
				<width>552</width>
				<height>415</height>
				<control type="group">
					<visible>!Skin.HasSetting(View50HideReflect)</visible>
					<top>400</top>
					<height>415</height>
					<include content="ViewArtworkReflect">
						<param name="art">$VAR[StudioIconVar]</param>
						<param name="fallback">DefaultStudios.png</param>
					</include>
				</control>
				<include content="ViewArtwork">
					<param name="art">$VAR[StudioIconVar]</param>
					<param name="fallback">DefaultStudios.png</param>
					<param name="diffuse">diffuse/rounded5-532x395</param>
				</include>
			</control>
			<control type="group">
				<visible>Container.Content(genres) + String.Contains(ListItemAbsolute(1).FolderPath,musicdb)</visible>
				<include>AnimationVisibleFade</include>
				<top>398</top>
				<left>1278</left>
				<width>552</width>
				<height>552</height>
				<control type="group">
					<visible>!Skin.HasSetting(View50HideReflect)</visible>
					<top>537</top>
					<height>552</height>
					<include content="ViewArtworkReflect">
						<param name="art">$INFO[ListItem.Label,resource://resource.images.musicgenreicons.text/,.jpg]</param>
						<param name="fallback">DefaultGenre.png</param>
					</include>
				</control>
				<include content="ViewArtwork">
					<param name="art">$INFO[ListItem.Label,resource://resource.images.musicgenreicons.text/,.jpg]</param>
					<param name="fallback">DefaultGenre.png</param>
					<param name="diffuse">diffuse/rounded5-532x532.png</param>
				</include>
			</control>
			<control type="group">
				<visible>Container.Content(genres) + !String.Contains(ListItemAbsolute(1).FolderPath,musicdb)</visible>
				<include>AnimationVisibleFade</include>
				<top>130</top>
				<left>1278</left>
				<width>552</width>
				<height>820</height>
				<control type="group">
					<visible>!Skin.HasSetting(View50HideReflect)</visible>
					<top>805</top>
					<height>820</height>
					<include content="ViewArtworkReflect">
						<param name="art">$VAR[GenreIconVar]</param>
						<param name="fallback">DefaultGenre.png</param>
					</include>
				</control>
				<include content="ViewArtwork">
					<param name="art">$VAR[GenreIconVar]</param>
					<param name="fallback">DefaultGenre.png</param>
				</include>
			</control>
			<control type="group">
				<visible>Container.Content(albums) | Container.Content(songs) | Container.Content(musicvideos) | String.IsEqual(ListItem.DBTYPE,song) | String.IsEqual(ListItem.DBTYPE,musicvideo)</visible>
				<top>398</top>
				<left>1278</left>
				<width>552</width>
				<height>552</height>
				<control type="group">
					<visible>!Skin.HasSetting(View50AlbumCase)</visible>
					<control type="image">
						<visible>!Skin.HasSetting(View50HideDiscArt)</visible>
						<include>AnimationDiscArtLibrary</include>
						<top>-241</top>
						<left>25</left>
						<width>502</width>
						<height>502</height>
						<fadetime>TextureFadeTime</fadetime>
						<aspectratio>keep</aspectratio>
						<texture diffuse="diffuse/disc.png" background="true">$VAR[LibraryAudioDiscArtVar]</texture>
					</control>
					<control type="group">
						<visible>!Skin.HasSetting(View50HideReflect)</visible>
						<top>537</top>
						<height>552</height>
						<include>ViewArtworkReflect</include>
					</control>
					<include content="ViewArtwork">
						<param name="diffuse">diffuse/rounded5-532x532.png</param>
					</include>
				</control>
				<control type="group">
					<visible>Skin.HasSetting(View50AlbumCase)</visible>
					<top>40</top>
					<width>552</width>
					<height>512</height>
					<control type="image">
						<visible>!Skin.HasSetting(View50HideDiscArt)</visible>
						<include>AnimationDiscArtLibrary</include>
						<top>-211</top>
						<left>65</left>
						<width>462</width>
						<height>462</height>
						<fadetime>TextureFadeTime</fadetime>
						<aspectratio>keep</aspectratio>
						<texture diffuse="diffuse/disc.png" background="true">$VAR[LibraryAudioDiscArtVar]</texture>
					</control>
					<control type="group">
						<visible>!Skin.HasSetting(View50HideReflect)</visible>
						<top>497</top>
						<height>552</height>
						<include>ViewArtworkAudioCaseReflect</include>
					</control>
					<include>ViewArtworkAudioCase</include>
				</control>
			</control>
			<control type="group">
				<visible>![Container.Content(movies) | Container.Content(episodes) | String.IsEqual(ListItem.DBTYPE,movie) | String.IsEqual(ListItem.DBTYPE,episode) | Container.Content(sets) | Container.Content(tvshows) | Container.Content(seasons) | Container.Content(actors) | Container.Content(directors) | Container.Content(countries) | Container.Content(studios) | Container.Content(genres) | Container.Content(albums) | Container.Content(songs) | Container.Content(musicvideos) | String.IsEqual(ListItem.DBTYPE,song) | String.IsEqual(ListItem.DBTYPE,musicvideo)]</visible>
				<top>398</top>
				<left>1278</left>
				<width>552</width>
				<height>552</height>
				<control type="image">
					<visible>Container.Content(artists) + !Skin.HasSetting(View50HideLogo)</visible>
					<top>-258</top>
					<left>10</left>
					<width>532</width>
					<height>268</height>
					<fadetime>TextureFadeTime</fadetime>
					<aspectratio>keep</aspectratio>
					<texture background="true">$VAR[ClearLogoVar]</texture>
				</control>
				<control type="group">
					<visible>!Skin.HasSetting(View50HideReflect)</visible>
					<top>537</top>
					<height>552</height>
					<include content="ViewArtworkReflect">
						<param name="aspect">keep</param>
						<param name="art">$VAR[PosterVar]</param>
						<param name="fallback">DefaultFile.png</param>
					</include>
				</control>
				<include content="ViewArtwork">
					<param name="art">$VAR[PosterVar]</param>
					<param name="fallback">DefaultFile.png</param>
					<param name="aspect">keep</param>
					<param name="diffuse">diffuse/rounded5-532x532.png</param>
				</include>
			</control>
		</control>
		<!-- Media flags Fix overlapping icons when Movie & TV Show is linked -->
		<control type="group">
			<visible>Control.IsVisible(50)</visible>
			<include content="AnimationSlideBottomWindow">
				<param name="slide">220</param>
			</include>
			<control type="group">
				<visible>Control.IsVisible(50) + String.Contains(ListItem.DBType, "movie")</visible>
				<include condition="Window.IsVisible(MyVideoNav.xml) | Window.IsVisible(videoplaylist)" content="MediaFlagsVideos4">
					<param name="right">100</param>
					<param name="bottom">30</param>
				</include>
			</control>
			<control type="group">
				<visible>Control.IsVisible(50) + !String.Contains(ListItem.DBType, "season") &amp; String.Contains(ListItem.DBType, "episode")</visible>
				<include condition="Window.IsVisible(MyVideoNav.xml) | Window.IsVisible(videoplaylist)" content="MediaFlagsVideos4">
					<param name="right">100</param>
					<param name="bottom">30</param>
				</include>
			</control>
			<control type="group">
				<visible>Control.IsVisible(50) + String.Contains(ListItem.DBType, "season")</visible>
				<include condition="Window.IsVisible(MyVideoNav.xml)" content="MediaFlagsTVShows">
					<param name="right">100</param>
					<param name="bottom">30</param>
				</include>
			</control>
			<control type="group">
				<visible>Control.IsVisible(50) + String.Contains(ListItem.DBType, "tvshow") | Container.Content(tvshows) </visible>
				<include condition="Window.IsVisible(MyVideoNav.xml)" content="MediaFlagsTVShows">
					<param name="right">100</param>
					<param name="bottom">30</param>
				</include>
			</control>								
			<include condition="Window.IsVisible(MyMusicNav.xml) | Window.IsVisible(musicplaylist)" content="MediaFlagsAudio">
				<param name="right">100</param>
				<param name="bottom">30</param>
			</include>
		</control>

<!-- 		<control type="group">
			<visible>Control.IsVisible(50)</visible>
			<include content="AnimationSlideBottomWindow">
				<param name="slide">220</param>
			</include>
			<include condition="Window.IsVisible(MyVideoNav.xml)" content="MediaFlagsTVShows">
				<param name="right">100</param>
				<param name="bottom">30</param>
			</include>
			<include condition="Window.IsVisible(MyVideoNav.xml) | Window.IsVisible(videoplaylist)" content="MediaFlagsVideos4">
				<param name="right">100</param>
				<param name="bottom">30</param>
			</include>
			<include condition="Window.IsVisible(MyMusicNav.xml) | Window.IsVisible(musicplaylist)" content="MediaFlagsAudio">
				<param name="right">100</param>
				<param name="bottom">30</param>
			</include>
		</control> -->
	</include>
</includes>