<?xml version="1.0" encoding="UTF-8"?>
<window>
	<defaultcontrol always="true">50</defaultcontrol>
	<menucontrol>9050</menucontrol>
	<views>50</views>
	<controls>
		<!-- Background -->
		<include content="BackgroundDefault">
			<param name="imagepath">$VAR[PVRBackgroundVar]</param>
			<param name="animatedfanart">Skin.HasSetting(PVRAnimatedFanart)</param>
		</include>
		<!-- Floor -->
		<include content="Floor">
			<param name="visible">Skin.HasSetting(PVRHideFloor)</param>
			<param name="highlight">FloorHighlightRight</param>
			<param name="animationopen">$EXP[PVRAnimationOpenCondition]</param>
			<param name="animationclose">$EXP[PVRAnimationCloseCondition]</param>
		</include>
		<!-- Panel -->
		<control type="group">
			<include>AnimationZoomWindow</include>
			<include content="PanelDefault">
				<param name="reflect">!Skin.HasSetting(PVRHideReflect)</param>
			</include>
			<!-- Content -->
			<control type="image">
				<top>140</top>
				<left>100</left>
				<right>100</right>
				<height>50</height>
				<texture border="30" colordiffuse="$VAR[PanelListSeparatorColorVar]">buttons/list-select-nofocus.png</texture>
			</control>
			<control type="epggrid" id="50">
				<top>140</top>
				<left>100</left>
				<width>1720</width>
				<height>590</height>
				<pagecontrol>6050</pagecontrol>
				<include>ContainerScrollTime</include>
				<timeblocks>20</timeblocks>
				<rulerunit>6</rulerunit>
				<onup>9070</onup>
				<onleft>9070</onleft>
				<onright>6050</onright>
				<viewtype label="">list</viewtype>
				<progresstexture border="0,15,15,15" colordiffuse="$VAR[PanelHighlightColorVar]">pvr/PVR-EpgProgressIndicator.png</progresstexture>
				<rulerlayout height="50" width="60">
					<control type="image">
						<left>400</left>
						<width>4</width>
						<texture colordiffuse="$VAR[PanelListSeparatorColorVar]">panels/line-vertical.png</texture>
					</control>
					<control type="label" id="2">
						<font>Font25_Reg</font>
						<textoffsetx>25</textoffsetx>
						<label>$INFO[ListItem.Label]</label>
						<textcolor>$VAR[PanelTextColorVar]</textcolor>
						<selectedcolor>$VAR[PanelTextColorVar]</selectedcolor>
					</control>
				</rulerlayout>
				<channellayout height="60" width="400">
					<control type="image">
						<texture border="30" colordiffuse="$VAR[PanelListSeparatorColorVar]">buttons/list-select-nofocus.png</texture>
					</control>
					<control type="image">
						<visible>!Skin.HasSetting(View50EPGDisableIcons)</visible>
						<top>10</top>
						<left>20</left>
						<width>53</width>
						<height>40</height>
						<aspectratio>keep</aspectratio>
						<texture>$INFO[ListItem.Icon]</texture>
					</control>
					<control type="label">
						<visible>!Skin.HasSetting(View50EPGDisableIcons)</visible>
						<left>90</left>
						<right>25</right>
						<label>$VAR[EPGChannelLabelVar]</label>
						<textcolor>$VAR[PanelSubTextColorVar]</textcolor>
					</control>
					<control type="label">
						<visible>Skin.HasSetting(View50EPGDisableIcons)</visible>
						<textoffsetx>25</textoffsetx>
						<label>$VAR[EPGChannelLabelVar]</label>
						<textcolor>$VAR[PanelSubTextColorVar]</textcolor>
					</control>
				</channellayout>
				<focusedchannellayout height="60" width="400">
					<control type="image">
						<height>58</height>
						<texture border="10" colordiffuse="$VAR[PanelHighlightColorVar]">buttons/list-select-focus.png</texture>
					</control>
					<control type="image">
						<texture border="30" colordiffuse="$VAR[PanelListSeparatorColorVar]">buttons/list-select-nofocus.png</texture>
					</control>
					<control type="image">
						<visible>!Skin.HasSetting(View50EPGDisableIcons)</visible>
						<top>10</top>
						<left>20</left>
						<width>53</width>
						<height>40</height>
						<aspectratio>keep</aspectratio>
						<texture>$INFO[ListItem.Icon]</texture>
					</control>
					<control type="label">
						<visible>!Skin.HasSetting(View50EPGDisableIcons)</visible>
						<left>90</left>
						<right>25</right>
						<label>$VAR[EPGChannelLabelVar]</label>
						<textcolor>$VAR[PanelFocusTextColorVar]</textcolor>
					</control>
					<control type="label">
						<visible>Skin.HasSetting(View50EPGDisableIcons)</visible>
						<textoffsetx>25</textoffsetx>
						<label>$VAR[EPGChannelLabelVar]</label>
						<textcolor>$VAR[PanelFocusTextColorVar]</textcolor>
					</control>
				</focusedchannellayout>
				<itemlayout width="60" height="60">
					<control type="image" id="14">
						<texture border="30" colordiffuse="$VAR[PanelListSeparatorColorVar]">buttons/list-select-nofocus.png</texture>
					</control>
					<control type="image">
						<width>4</width>
						<texture colordiffuse="$VAR[PanelListSeparatorColorVar]">panels/line-vertical.png</texture>
					</control>
					<control type="image" id="2">
						<texture border="3" fallback="pvr/epg-genres/0.png">$INFO[ListItem.Property(GenreType),pvr/epg-genres/,.png]</texture>
					</control>
					<control type="label">
						<width>80</width>
						<font>Font32_Icon</font>
						<textoffsetx>15</textoffsetx>
						<textcolor>$VAR[PanelTextColorVar]</textcolor>
						<label>$VAR[PVRTimerIconVar]</label>
					</control>
					<control type="label" id="1">
						<visible>ListItem.IsRecording | ListItem.HasTimerSchedule | ListItem.HasTimer | ListItem.HasRecording | ListItem.IsPlayable</visible>
						<left>35</left>
						<textoffsetx>15</textoffsetx>
						<textcolor>$VAR[PanelTextColorVar]</textcolor>
						<label>$INFO[ListItem.Label]</label>
					</control>
					<control type="label" id="1">
						<visible>!ListItem.IsRecording + !ListItem.HasTimerSchedule + !ListItem.HasTimer + !ListItem.HasRecording + !ListItem.IsPlayable</visible>
						<textoffsetx>15</textoffsetx>
						<textcolor>$VAR[PanelTextColorVar]</textcolor>
						<label>$INFO[ListItem.Label]</label>
					</control>
				</itemlayout>
				<focusedlayout width="60" height="60">
					<control type="image" id="2">
						<texture border="3" colordiffuse="66FFFFFF" fallback="pvr/epg-genres/0.png">$INFO[ListItem.Property(GenreType),pvr/epg-genres/,.png]</texture>
					</control>
					<control type="image">
						<width>4</width>
						<texture colordiffuse="$VAR[PanelListSeparatorColorVar]">panels/line-vertical.png</texture>
					</control>
					<control type="image" id="14">
						<left>2</left>
						<height>58</height>
						<texture border="10" colordiffuse="$VAR[PanelHighlightColorVar]">buttons/list-select-focus.png</texture>
					</control>
					<control type="image" id="14">
						<texture border="30" colordiffuse="$VAR[PanelListSeparatorColorVar]">buttons/list-select-nofocus.png</texture>
					</control>
					<control type="label">
						<width>80</width>
						<font>Font32_Icon</font>
						<textoffsetx>15</textoffsetx>
						<textcolor>$VAR[PanelFocusTextColorVar]</textcolor>
						<label>$VAR[PVRTimerIconVar]</label>
					</control>
					<control type="label" id="1">
						<visible>ListItem.IsRecording | ListItem.HasTimerSchedule | ListItem.HasTimer | ListItem.HasRecording | ListItem.IsPlayable</visible>
						<left>35</left>
						<textoffsetx>15</textoffsetx>
						<textcolor>$VAR[PanelFocusTextColorVar]</textcolor>
						<label>$INFO[ListItem.Label]</label>
					</control>
					<control type="label" id="1">
						<visible>!ListItem.IsRecording + !ListItem.HasTimerSchedule + !ListItem.HasTimer + !ListItem.HasRecording + !ListItem.IsPlayable</visible>
						<textoffsetx>15</textoffsetx>
						<textcolor>$VAR[PanelFocusTextColorVar]</textcolor>
						<label>$INFO[ListItem.Label]</label>
					</control>
				</focusedlayout>
			</control>
			<include>ViewPVRInfo</include>
			<control type="scrollbar" id="6050">
				<right>79</right>
				<top>200</top>
				<bottom>400</bottom>
				<onleft>50</onleft>
			</control>
		</control>
		<!-- Media flags -->
		<include>MediaFlagsPVR</include>
		<!-- Topbar -->
		<control type="label" id="29">
			<include>HiddenObject</include>
		</control>
		<control type="label" id="30">
			<include>HiddenObject</include>
		</control>
		<include content="TopBar">
			<param name="visible">!Skin.HasSetting(PVRHideTopBar)</param>
			<param name="icon">calendar.png</param>
			<param name="label">$VAR[BreadcrumbsPVRGuideVar]</param>
			<param name="animationopen">$EXP[PVRAnimationOpenCondition]</param>
			<param name="animationclose">$EXP[PVRAnimationCloseCondition]</param>
		</include>
		<!-- Media Menu -->
		<include content="MediaMenu">
			<param name="contentvisible">true</param>
			<param name="commontopvisible">false</param>
			<param name="content">MediaMenuPVR</param>
			<param name="navigationid">50</param>
		</include>
	</controls>
</window>