<?xml version="1.0" encoding="utf-8"?>
<addon id="skin.madnox" version="21.00.11" name="Madnox" provider-name="Kittmaster">
    <requires>
        <import addon="xbmc.gui" version="5.17.0"/>
        <import addon="script.skinshortcuts" version="1.0.17"/>
        <import addon="script.skin.helper.colorpicker" version="1.0.13"/>
        <import addon="script.image.resource.select" version="2.0.4"/>
    </requires>
    <extension point="xbmc.gui.skin" debugging="false">
        <res width="1920" height="1080" aspect="16:9" default="true" folder="16x9" />
    </extension>
    <extension point="xbmc.addon.metadata">
        <summary lang="en_GB">A feature rich and fully customizable skin</summary>
        <description lang="en_GB">Madnox stands for eye candy and customization. There are many different views and options to present your media in the way you want it. All views are fully customizable. You can change the look with different styles, themes and options.</description>
        <disclaimer lang="en_GB">Madnox is the successor to Aeon Madnox by Mike_Doc, schimi2k and MeowMoo. It is a skin based on the design of Aeon by djh_ and Aeon Nox 4 by BigNoid and phil65. Special thanks to Mr. V. All credits to the makers of these skins and mods.</disclaimer>
        <platform>all</platform>
        <license>CC BY-SA 4.0, GNU GENERAL PUBLIC LICENSE Version 2.0</license>
        <forum>https://forum.kodi.tv/forumdisplay.php?fid=314</forum>
        <source>https://github.com/kittmaster/KittmasterRepo/tree/master/repo/skin.madnox</source>
        <website>https://github.com/kittmaster/KittmasterRepo/tree/master/repo/skin.madnox</website>
        <assets>
            <icon>resources/icon.png</icon>
            <fanart>resources/fanart.jpg</fanart>
            <screenshot>resources/screenshots/screenshot-01.jpg</screenshot>
            <screenshot>resources/screenshots/screenshot-02.jpg</screenshot>
            <screenshot>resources/screenshots/screenshot-03.jpg</screenshot>
            <screenshot>resources/screenshots/screenshot-04.jpg</screenshot>
            <screenshot>resources/screenshots/screenshot-05.jpg</screenshot>
            <screenshot>resources/screenshots/screenshot-06.jpg</screenshot>
            <screenshot>resources/screenshots/screenshot-07.jpg</screenshot>
            <screenshot>resources/screenshots/screenshot-08.jpg</screenshot>
            <screenshot>resources/screenshots/screenshot-09.jpg</screenshot>
            <screenshot>resources/screenshots/screenshot-10.jpg</screenshot>
        </assets>
		<news>v.21.00.11[CR]
		      Fixed 3 additional views missing top level media flags.[CR]
			  Madnox skin is continuing to develop and modified to suppport Omega+.[CR]
			  Greetz to everyone helping with feedback and support.[CR]
			  Chris
		</news>		
    </extension>
</addon>