<?xml version="1.0" encoding="utf-8"?>
<includes>
	<include name="View500Portrait">
		<!-- Info panel -->
		<control type="group">
			<visible>Control.IsVisible(500)</visible>
			<include content="ViewCoverFlowInfoPanel">
				<param name="id">500</param>
			</include>
		</control>
		<!-- Floor -->
		<include content="Floor">
			<param name="visible">Skin.HasSetting(View500HideFloor) + Control.IsVisible(500)</param>
			<param name="highlight">FloorHighlightMiddle</param>
		</include>
		<!-- Panel -->
		<include content="View500Panel" condition="!Skin.HasSetting(View500FixedList)">
			<param name="listtype">wraplist</param>
		</include>
		<include content="View500Panel" condition="Skin.HasSetting(View500FixedList)">
			<param name="listtype">fixedlist</param>
		</include>
		<!-- Bottom info/Media flags -->
		<control type="group">
			<visible>Control.IsVisible(500)</visible>
			<include content="AnimationSlideBottomWindow">
				<param name="slide">220</param>
			</include>
			<include content="ViewCoverFlowBottomInfo">
				<param name="logovisible">View500Logo</param>
			</include>
			<include condition="Window.IsVisible(MyVideoNav.xml)">MediaFlagsPanelVideos</include>

		</control>
	</include>
	<!-- Includes panel -->
	<include name="View500Panel">
		<param name="listtype">wraplist</param>
		<definition>
			<control type="group">
				<visible>Control.IsVisible(500)</visible>
				<animation effect="slide" end="0,30" condition="Container.Content(genres) + [System.HasAddon(resource.images.moviegenreicons.filmstrip-hd.colour) | System.HasAddon(resource.images.moviegenreicons.filmstrip-hd.colour)]">conditional</animation>
				<include content="AnimationSlideBottomWindow">
					<param name="slide">525</param>
				</include>
				<include content="AnimationSlideBottomVisible">
					<param name="slide">525</param>
				</include>
				<control type="$PARAM[listtype]" id="500">
					<top>595</top>
					<left>-70.50</left>
					<width>1991</width>
					<height>469</height>
					<onup condition="!Skin.String(View500InfoDelay,manual) | ListItem.IsParentFolder">9050</onup>
					<onup condition="Skin.String(View500InfoDelay,manual) + !ListItem.IsParentFolder">9999</onup>
					<ondown>60500</ondown>
					<pagecontrol>60500</pagecontrol>
					<focusposition>4</focusposition>
					<orientation>horizontal</orientation>
					<include>ContainerScrollTime</include>
					<viewtype label="$LOCALIZE[31239]">icon</viewtype>
					<itemlayout width="229" height="334">
						<control type="group">
							<visible>!Skin.HasSetting(View500VideoCase) | Container.Content(genres)</visible>
							<control type="group">
								<visible>!Skin.HasSetting(View500HideReflect)</visible>
								<top>319</top>
								<height>334</height>
								<include content="ViewArtworkReflect">
									<param name="texturefadetime">0</param>
								</include>
							</control>
							<include content="ViewArtwork">
								<param name="texturefadetime">0</param>
								<param name="watchedstatusvisible">!Skin.HasSetting(View500DisableWatchedStatus)</param>
								<param name="diffuse">diffuse/rounded5-209x314.png</param>
							</include>
						</control>
						<control type="group">
							<visible>Skin.HasSetting(View500VideoCase) + !Container.Content(genres)</visible>
							<control type="group">
								<visible>!Skin.HasSetting(View500HideReflect)</visible>
								<top>319</top>
								<height>334</height>
								<include content="ViewArtworkVideoCaseReflect">
									<param name="texturefadetime">0</param>
									<param name="bordersize">15,17,15,33</param>
								</include>
							</control>
							<include content="ViewArtworkVideoCase">
								<param name="logoheight">27</param>
								<param name="texturefadetime">0</param>
								<param name="bordersize">15,33,15,17</param>
								<param name="watchedstatustop">35</param>
								<param name="watchedstatusvisible">!Skin.HasSetting(View500DisableWatchedStatus)</param>
							</include>
						</control>
					</itemlayout>
					<focusedlayout width="229" height="334">
						<control type="group">
							<animation effect="zoom" start="100" end="120" center="auto" time="240">focus</animation>
							<animation effect="zoom" start="120" end="100" center="auto" time="240">unfocus</animation>
							<control type="group">
								<visible>!Skin.HasSetting(View500VideoCase) | Container.Content(genres)</visible>
								<control type="group">
									<visible>!Skin.HasSetting(View500HideReflect)</visible>
									<top>319</top>
									<height>334</height>
									<include content="ViewArtworkReflect">
										<param name="texturefadetime">0</param>
									</include>
								</control>
								<include content="ViewArtwork">
									<param name="texturefadetime">0</param>
									<param name="watchedstatusvisible">!Skin.HasSetting(View500DisableWatchedStatus)</param>
									<param name="diffuse">diffuse/rounded5-209x314.png</param>
								</include>
							</control>
							<control type="group">
								<visible>Skin.HasSetting(View500VideoCase) + !Container.Content(genres)</visible>
								<control type="group">
									<visible>!Skin.HasSetting(View500HideReflect)</visible>
									<top>319</top>
									<height>334</height>
									<include content="ViewArtworkVideoCaseReflect">
										<param name="texturefadetime">0</param>
										<param name="bordersize">15,17,15,33</param>
									</include>
								</control>
								<include content="ViewArtworkVideoCase">
									<param name="logoheight">27</param>
									<param name="texturefadetime">0</param>
									<param name="bordersize">15,33,15,17</param>
									<param name="watchedstatustop">35</param>
									<param name="watchedstatusvisible">!Skin.HasSetting(View500DisableWatchedStatus)</param>
								</include>
							</control>
						</control>
					</focusedlayout>
				</control>
				<include content="ViewCoverFlowScrollBar">
					<param name="id">500</param>
				</include>
			</control>
		</definition>
	</include>
</includes>