<?xml version="1.0" encoding="utf-8"?>
<includes>
	<include name="View58RightList">
		<!-- Background fade -->
		<control type="image">
			<visible>Control.IsVisible(58)</visible>
			<right>0</right>
			<width>1300</width>
			<texture flipx="true" colordiffuse="ff000000">panels/kodiflix-gradient.png</texture>
		</control>
		<!-- Floor -->
		<include content="Floor">
			<param name="visible">Skin.HasSetting(View58HideFloor) + Control.IsVisible(58)</param>
			<param name="top">960</param>
			<param name="highlight">FloorHighlightRight</param>
		</include>
		<!-- List -->
		<control type="group">
			<visible>Control.IsVisible(58)</visible>
			<animation effect="slide" end="0,-20" condition="!Skin.HasSetting(View58HideFloor) + Skin.HasSetting(VideosHideTopBar) + [$EXP[AreaVisibleVideos]]">conditional</animation>
			<animation effect="slide" end="0,-20" condition="!Skin.HasSetting(View58HideFloor) + Skin.HasSetting(MusicHideTopBar) + [$EXP[AreaVisibleMusic]]">conditional</animation>
			<animation effect="slide" end="0,20" condition="Skin.HasSetting(View58HideFloor) + !Skin.HasSetting(VideosHideTopBar) + [$EXP[AreaVisibleVideos]]">conditional</animation>
			<animation effect="slide" end="0,20" condition="Skin.HasSetting(View58HideFloor) + !Skin.HasSetting(MusicHideTopBar) + [$EXP[AreaVisibleMusic]]">conditional</animation>
			<include content="AnimationSlideRightWindow">
				<param name="slide">1263</param>
			</include>
			<include content="AnimationSlideRightVisible">
				<param name="slide">1263</param>
			</include>
			<control type="group">
				<control type="fixedlist" id="58">
					<top>80</top>
					<left>475</left>
					<right>20</right>
					<height>838</height>
					<onleft>9050</onleft>
					<onright>6058</onright>
					<pagecontrol>6058</pagecontrol>
					<movement>3</movement>
					<focusposition>3</focusposition>
					<include>ContainerScrollTime</include>
					<viewtype label="$LOCALIZE[31071]">list</viewtype>
					<itemlayout height="98" condition="Container.Content(movies)">
						<control type="label">
							<visible>[!String.IsEmpty(ListItem.Tagline) + String.IsEqual(Container.SortMethod,$LOCALIZE[556])] | [!String.IsEqual(Container.SortMethod,$LOCALIZE[556]) + !String.IsEmpty(ListItem.Label2)]</visible>
							<animation effect="fade" end="70" condition="true">conditional</animation>
							<top>15</top>
							<right>78</right>
							<height>30</height>
							<align>right</align>
							<label>$INFO[ListItem.Label]</label>
							<font>Font32_Reg</font>
							<textcolor>$VAR[PanelTextColorVar]</textcolor>
						</control>
						<control type="label">
							<visible>[String.IsEmpty(ListItem.Tagline) + String.IsEqual(Container.SortMethod,$LOCALIZE[556])] | [!String.IsEqual(Container.SortMethod,$LOCALIZE[556]) + String.IsEmpty(ListItem.Label2)]</visible>
							<animation effect="fade" end="70" condition="true">conditional</animation>
							<right>78</right>
							<align>right</align>
							<label>$INFO[ListItem.Label]</label>
							<font>Font32_Reg</font>
							<textcolor>$VAR[PanelTextColorVar]</textcolor>
						</control>
						<control type="label">
							<animation effect="fade" end="70" condition="true">conditional</animation>
							<bottom>15</bottom>
							<right>78</right>
							<height>30</height>
							<align>right</align>
							<font>Font28_Reg</font>
							<textcolor>$VAR[PanelSubTextColorVar]</textcolor>
							<label>$VAR[RightListNoFocusMoviesVar]</label>
						</control>
						<control type="image">
							<right>20</right>
							<width>30</width>
							<aspectratio align="right">keep</aspectratio>
							<texture colordiffuse="$VAR[PanelHighlightColorVar]">$VAR[ListOverlayIconVar]</texture>
						</control>
					</itemlayout>
					<itemlayout height="98" condition="Container.Content(sets)">
						<control type="label">
							<animation effect="fade" end="70" condition="true">conditional</animation>
							<top>15</top>
							<right>78</right>
							<height>30</height>
							<align>right</align>
							<label>$INFO[ListItem.Label]</label>
							<font>Font32_Reg</font>
							<textcolor>$VAR[PanelTextColorVar]</textcolor>
						</control>
						<control type="label">
							<animation effect="fade" end="70" condition="true">conditional</animation>
							<bottom>15</bottom>
							<right>78</right>
							<height>30</height>
							<align>right</align>
							<font>Font28_Reg</font>
							<textcolor>$VAR[PanelSubTextColorVar]</textcolor>
							<label>$VAR[RightListNoFocusSetsVar]</label>
						</control>
						<control type="image">
							<right>20</right>
							<width>30</width>
							<aspectratio align="right">keep</aspectratio>
							<texture colordiffuse="$VAR[PanelHighlightColorVar]">$VAR[ListOverlayIconVar]</texture>
						</control>
					</itemlayout>
					<itemlayout height="98" condition="Container.Content(tvshows)">
						<control type="label">
							<visible>!String.IsEmpty(ListItem.Label2)</visible>
							<animation effect="fade" end="70" condition="true">conditional</animation>
							<top>15</top>
							<right>78</right>
							<height>30</height>
							<align>right</align>
							<label>$INFO[ListItem.Label]</label>
							<font>Font32_Reg</font>
							<textcolor>$VAR[PanelTextColorVar]</textcolor>
						</control>
						<control type="label">
							<visible>String.IsEmpty(ListItem.Label2)</visible>
							<animation effect="fade" end="70" condition="true">conditional</animation>
							<right>78</right>
							<align>right</align>
							<label>$INFO[ListItem.Label]</label>
							<font>Font32_Reg</font>
							<textcolor>$VAR[PanelTextColorVar]</textcolor>
						</control>
						<control type="label">
							<animation effect="fade" end="70" condition="true">conditional</animation>
							<bottom>15</bottom>
							<right>78</right>
							<height>30</height>
							<align>right</align>
							<font>Font28_Reg</font>
							<textcolor>$VAR[PanelSubTextColorVar]</textcolor>
							<label>$VAR[RightListNoFocusTVShowsVar]</label>
						</control>
						<control type="image">
							<right>20</right>
							<width>30</width>
							<aspectratio align="right">keep</aspectratio>
							<texture colordiffuse="$VAR[PanelHighlightColorVar]">$VAR[ListOverlayIconVar]</texture>
						</control>
					</itemlayout>
					<itemlayout height="98" condition="Container.Content(seasons)">
						<control type="label">
							<animation effect="fade" end="70" condition="true">conditional</animation>
							<right>78</right>
							<align>right</align>
							<label>$INFO[ListItem.Label]</label>
							<font>Font32_Reg</font>
							<textcolor>$VAR[PanelTextColorVar]</textcolor>
						</control>
						<control type="image">
							<right>20</right>
							<width>30</width>
							<aspectratio align="right">keep</aspectratio>
							<texture colordiffuse="$VAR[PanelHighlightColorVar]">$VAR[ListOverlayIconVar]</texture>
						</control>
					</itemlayout>
					<itemlayout height="98" condition="Container.Content(episodes)">
						<control type="label">
							<visible>!String.IsEmpty(ListItem.Label2) | String.Contains(ListItem.FolderPath,recent) | String.IsEqual(Container.SortMethod,$LOCALIZE[20359]) | String.IsEqual(Container.SortMethod,$LOCALIZE[551])</visible>
							<animation effect="fade" end="70" condition="true">conditional</animation>
							<top>15</top>
							<right>78</right>
							<height>30</height>
							<align>right</align>
							<label>$VAR[BigListEpisodeNumberLabelVar,,. ]$INFO[ListItem.Title]</label>
							<font>Font32_Reg</font>
							<textcolor>$VAR[PanelTextColorVar]</textcolor>
						</control>
						<control type="label">
							<visible>String.IsEmpty(ListItem.Label2) + !String.Contains(ListItem.FolderPath,recent) + !String.IsEqual(Container.SortMethod,$LOCALIZE[20359]) + !String.IsEqual(Container.SortMethod,$LOCALIZE[551])</visible>
							<animation effect="fade" end="70" condition="true">conditional</animation>
							<right>78</right>
							<align>right</align>
							<label>$VAR[BigListEpisodeNumberLabelVar,,. ]$INFO[ListItem.Title]</label>
							<font>Font32_Reg</font>
							<textcolor>$VAR[PanelTextColorVar]</textcolor>
						</control>
						<control type="label">
							<animation effect="fade" end="70" condition="true">conditional</animation>
							<bottom>15</bottom>
							<right>78</right>
							<height>30</height>
							<align>right</align>
							<font>Font28_Reg</font>
							<textcolor>$VAR[PanelSubTextColorVar]</textcolor>
							<label>$VAR[BigListSubTitleEpisodesVar]</label>
						</control>
						<control type="image">
							<right>20</right>
							<width>30</width>
							<aspectratio align="right">keep</aspectratio>
							<texture colordiffuse="$VAR[PanelHighlightColorVar]">$VAR[ListOverlayIconVar]</texture>
						</control>
					</itemlayout>
					<itemlayout height="98" condition="Container.Content(artists)">
						<control type="label">
							<visible>!String.IsEmpty(ListItem.Label2) | !String.IsEmpty(ListItem.Genre) | !String.IsEmpty(Listitem.Property(Artist_Disambiguation))</visible>
							<animation effect="fade" end="70" condition="true">conditional</animation>
							<top>15</top>
							<right>20</right>
							<height>30</height>
							<align>right</align>
							<label>$INFO[ListItem.Label]</label>
							<font>Font32_Reg</font>
							<textcolor>$VAR[PanelTextColorVar]</textcolor>
						</control>
						<control type="label">
							<visible>String.IsEmpty(ListItem.Label2) + String.IsEmpty(ListItem.Genre) + String.IsEmpty(Listitem.Property(Artist_Disambiguation))</visible>
							<animation effect="fade" end="70" condition="true">conditional</animation>
							<right>20</right>
							<align>right</align>
							<label>$INFO[ListItem.Label]</label>
							<font>Font32_Reg</font>
							<textcolor>$VAR[PanelTextColorVar]</textcolor>
						</control>
						<control type="label">
							<animation effect="fade" end="70" condition="true">conditional</animation>
							<bottom>15</bottom>
							<right>20</right>
							<height>30</height>
							<align>right</align>
							<font>Font28_Reg</font>
							<textcolor>$VAR[PanelSubTextColorVar]</textcolor>
							<label>$VAR[BigListSubTitleArtistsVar]</label>
						</control>
					</itemlayout>
					<itemlayout height="98" condition="Container.Content(albums)">
						<control type="label">
							<visible>!String.IsEmpty(ListItem.Label2)</visible>
							<animation effect="fade" end="70" condition="true">conditional</animation>
							<top>15</top>
							<right>20</right>
							<height>30</height>
							<align>right</align>
							<label>$INFO[ListItem.Label]</label>
							<font>Font32_Reg</font>
							<textcolor>$VAR[PanelTextColorVar]</textcolor>
						</control>
						<control type="label">
							<visible>String.IsEmpty(ListItem.Label2)</visible>
							<animation effect="fade" end="70" condition="true">conditional</animation>
							<right>20</right>
							<align>right</align>
							<label>$INFO[ListItem.Label]</label>
							<font>Font32_Reg</font>
							<textcolor>$VAR[PanelTextColorVar]</textcolor>
						</control>
						<control type="label">
							<animation effect="fade" end="70" condition="true">conditional</animation>
							<bottom>15</bottom>
							<right>20</right>
							<height>30</height>
							<align>right</align>
							<font>Font28_Reg</font>
							<textcolor>$VAR[PanelSubTextColorVar]</textcolor>
							<label>$VAR[BigListSubTitleAlbumsVar]</label>
						</control>
					</itemlayout>
					<itemlayout height="98" condition="Container.Content(songs)">
						<control type="label">
							<visible>!String.IsEmpty(ListItem.Label2)</visible>
							<animation effect="fade" end="70" condition="true">conditional</animation>
							<top>15</top>
							<right>20</right>
							<height>30</height>
							<align>right</align>
							<label>$INFO[ListItem.TrackNumber,,. ]$INFO[ListItem.Title]</label>
							<font>Font32_Reg</font>
							<textcolor>$VAR[PanelTextColorVar]</textcolor>
						</control>
						<control type="label">
							<visible>String.IsEmpty(ListItem.Label2)</visible>
							<animation effect="fade" end="70" condition="true">conditional</animation>
							<right>20</right>
							<align>right</align>
							<label>$INFO[ListItem.TrackNumber,,. ]$INFO[ListItem.Title]</label>
							<font>Font32_Reg</font>
							<textcolor>$VAR[PanelTextColorVar]</textcolor>
						</control>
						<control type="label">
							<animation effect="fade" end="70" condition="true">conditional</animation>
							<bottom>15</bottom>
							<right>20</right>
							<height>30</height>
							<align>right</align>
							<font>Font28_Reg</font>
							<textcolor>$VAR[PanelSubTextColorVar]</textcolor>
							<label>$VAR[RightListNoFocusSongsVar]</label>
						</control>
					</itemlayout>
					<itemlayout height="98" condition="Container.Content(musicvideos)">
						<control type="label">
							<animation effect="fade" end="70" condition="true">conditional</animation>
							<top>15</top>
							<right>78</right>
							<height>30</height>
							<align>right</align>
							<label>$INFO[ListItem.Title]</label>
							<font>Font32_Reg</font>
							<textcolor>$VAR[PanelTextColorVar]</textcolor>
						</control>
						<control type="label">
							<animation effect="fade" end="70" condition="true">conditional</animation>
							<bottom>15</bottom>
							<right>78</right>
							<height>30</height>
							<align>right</align>
							<font>Font28_Reg</font>
							<textcolor>$VAR[PanelSubTextColorVar]</textcolor>
							<label>$VAR[BigListSubTitleMusicVideosVar]</label>
						</control>
						<control type="image">
							<right>20</right>
							<width>30</width>
							<aspectratio align="right">keep</aspectratio>
							<texture colordiffuse="$VAR[PanelHighlightColorVar]">$VAR[ListOverlayIconVar]</texture>
						</control>
					</itemlayout>
					<focusedlayout height="250" condition="Container.Content(movies)">
						<control type="group">
							<right>68</right>
							<width>173</width>
							<include content="ViewArtwork">
								<param name="texturefadetime">0</param>
								<param name="diffuse">diffuse/rounded5-153x230.png</param>
							</include>
						</control>
						<control type="group">
							<top>7</top>
							<right>251</right>
							<control type="label">
								<height>30</height>
								<align>right</align>
								<label>$INFO[ListItem.Label]</label>
								<font>Font32_Reg</font>
								<textcolor>$VAR[PanelTextColorVar]</textcolor>
							</control>
							<control type="label">
								<visible>[!String.IsEmpty(ListItem.Tagline) + String.IsEqual(Container.SortMethod,$LOCALIZE[556])] | [!String.IsEqual(Container.SortMethod,$LOCALIZE[556]) + !String.IsEmpty(ListItem.Label2)]</visible>
								<top>38</top>
								<height>30</height>
								<align>right</align>
								<font>Font28_Reg</font>
								<textcolor>$VAR[PanelHighlightColorVar]</textcolor>
								<label>$VAR[RightListFocusMoviesVar]</label>
							</control>
							<control type="group">
								<animation effect="slide" end="0,-36" condition="[String.IsEmpty(ListItem.Tagline) + String.IsEqual(Container.SortMethod,$LOCALIZE[556])] | [!String.IsEqual(Container.SortMethod,$LOCALIZE[556]) + String.IsEmpty(ListItem.Label2)]">conditional</animation>
								<top>77</top>
								<right>-12</right>
								<control type="label">
									<height>22</height>
									<align>right</align>
									<font>Font26_Reg</font>
									<textcolor>$VAR[PanelSubTextColorVar]</textcolor>
									<label>$VAR[ListViewInfo1Var]$VAR[ListViewInfo2Var,   ]$VAR[ListViewInfo3Var,   ]</label>
								</control>
								<control type="group">
									<visible>!ListItem.IsParentFolder</visible>
									<animation effect="slide" end="-14" condition="[String.IsEmpty(ListItem.UserRating) + Integer.IsEqual(ListItem.Rating,10)] | [!String.IsEmpty(ListItem.UserRating) + Integer.IsEqual(ListItem.UserRating,10)]">conditional</animation>
									<control type="image">
										<right>58</right>
										<width>22</width>
										<height>22</height>
										<aspectratio>keep</aspectratio>
										<texture>$VAR[ListViewIcon3Var]</texture>
									</control>
									<control type="image">
										<right>200</right>
										<width>22</width>
										<height>22</height>
										<aspectratio>keep</aspectratio>
										<texture>$VAR[ListViewIcon2Var]</texture>
									</control>
									<control type="image">
										<animation effect="slide" end="142" condition="String.IsEqual(ListItem.DBTYPE,set)">conditional</animation>
										<right>300</right>
										<width>22</width>
										<height>22</height>
										<aspectratio>keep</aspectratio>
										<texture>$VAR[ListViewIcon1Var]</texture>
									</control>
								</control>
							</control>
							<control type="textbox">
								<visible>[!String.IsEmpty(ListItem.Tagline) + String.IsEqual(Container.SortMethod,$LOCALIZE[556])] | [!String.IsEqual(Container.SortMethod,$LOCALIZE[556]) + !String.IsEmpty(ListItem.Label2)]</visible>
								<top>113</top>
								<left>555</left>
								<width>620</width>
								<height>120</height>
								<align>right</align>
								<font>Font28_Reg</font>
								<textcolor>$VAR[PanelSubTextColorVar]</textcolor>
								<label>$VAR[ViewPlotVar]</label>
							</control>
							<control type="textbox">
								<visible>[String.IsEmpty(ListItem.Tagline) + String.IsEqual(Container.SortMethod,$LOCALIZE[556])] | [!String.IsEqual(Container.SortMethod,$LOCALIZE[556]) + String.IsEmpty(ListItem.Label2)]</visible>
								<top>77</top>
								<left>555</left>
								<width>620</width>
								<height>156</height>
								<align>right</align>
								<font>Font28_Reg</font>
								<textcolor>$VAR[PanelSubTextColorVar]</textcolor>
								<label>$VAR[ViewPlotVar]</label>
							</control>
						</control>
						<control type="image">
							<right>20</right>
							<width>30</width>
							<aspectratio align="right">keep</aspectratio>
							<texture colordiffuse="$VAR[PanelHighlightColorVar]">$VAR[ListOverlayIconVar]</texture>
						</control>
					</focusedlayout>
					<focusedlayout height="250" condition="Container.Content(sets)">
						<control type="group">
							<right>68</right>
							<width>173</width>
							<include content="ViewArtwork">
								<param name="texturefadetime">0</param>
								<param name="diffuse">diffuse/rounded5-153x230.png</param>
							</include>
						</control>
						<control type="group">
							<top>7</top>
							<right>251</right>
							<control type="label">
								<height>30</height>
								<align>right</align>
								<label>$INFO[ListItem.Label]</label>
								<font>Font32_Reg</font>
								<textcolor>$VAR[PanelTextColorVar]</textcolor>
							</control>
							<control type="label">
								<visible>[String.IsEqual(Container.SortMethod,$LOCALIZE[570]) | String.IsEqual(Container.SortMethod,$LOCALIZE[567])] + !String.IsEmpty(ListItem.Label2)</visible>
								<top>38</top>
								<height>30</height>
								<align>right</align>
								<font>Font28_Reg</font>
								<textcolor>$VAR[PanelHighlightColorVar]</textcolor>
								<label>$VAR[RightListFocusSetsVar]</label>
							</control>
							<control type="group">
								<animation effect="slide" end="0,-36" condition="![String.IsEqual(Container.SortMethod,$LOCALIZE[570]) | String.IsEqual(Container.SortMethod,$LOCALIZE[567])] | String.IsEmpty(ListItem.Label2)">conditional</animation>
								<top>77</top>
								<right>-12</right>
								<control type="label">
									<height>22</height>
									<align>right</align>
									<font>Font26_Reg</font>
									<textcolor>$VAR[PanelSubTextColorVar]</textcolor>
									<label>$VAR[ListViewInfo1Var]$VAR[ListViewInfo3Var,   ]</label>
								</control>
								<control type="group">
									<visible>!ListItem.IsParentFolder</visible>
									<animation effect="slide" end="-14" condition="[String.IsEmpty(ListItem.UserRating) + Integer.IsEqual(ListItem.Rating,10)] | [!String.IsEmpty(ListItem.UserRating) + Integer.IsEqual(ListItem.UserRating,10)]">conditional</animation>
									<control type="image">
										<right>58</right>
										<width>22</width>
										<height>22</height>
										<aspectratio>keep</aspectratio>
										<texture>$VAR[ListViewIcon3Var]</texture>
									</control>
									<control type="image">
										<right>158</right>
										<width>22</width>
										<height>22</height>
										<aspectratio>keep</aspectratio>
										<texture>$VAR[ListViewIcon1Var]</texture>
									</control>
								</control>
							</control>
							<control type="textbox">
								<visible>[String.IsEqual(Container.SortMethod,$LOCALIZE[570]) | String.IsEqual(Container.SortMethod,$LOCALIZE[567])] + !String.IsEmpty(ListItem.Label2)</visible>
								<top>113</top>
								<left>555</left>
								<width>620</width>
								<height>120</height>
								<align>right</align>
								<font>Font28_Reg</font>
								<textcolor>$VAR[PanelSubTextColorVar]</textcolor>
								<label>$VAR[ViewPlotVar]</label>
							</control>
							<control type="textbox">
								<visible>![String.IsEqual(Container.SortMethod,$LOCALIZE[570]) | String.IsEqual(Container.SortMethod,$LOCALIZE[567])] | String.IsEmpty(ListItem.Label2)</visible>
								<top>77</top>
								<left>555</left>
								<width>620</width>
								<height>156</height>
								<align>right</align>
								<font>Font28_Reg</font>
								<textcolor>$VAR[PanelSubTextColorVar]</textcolor>
								<label>$VAR[ViewPlotVar]</label>
							</control>
						</control>
						<control type="image">
							<right>20</right>
							<width>30</width>
							<aspectratio align="right">keep</aspectratio>
							<texture colordiffuse="$VAR[PanelHighlightColorVar]">$VAR[ListOverlayIconVar]</texture>
						</control>
					</focusedlayout>
					<focusedlayout height="250" condition="Container.Content(tvshows)">
						<control type="group">
							<right>68</right>
							<width>173</width>
							<include content="ViewArtwork">
								<param name="texturefadetime">0</param>
								<param name="diffuse">diffuse/rounded5-153x230.png</param>
							</include>
						</control>
						<control type="group">
							<top>7</top>
							<right>251</right>
							<control type="label">
								<height>30</height>
								<align>right</align>
								<label>$INFO[ListItem.Label]</label>
								<font>Font32_Reg</font>
								<textcolor>$VAR[PanelTextColorVar]</textcolor>
							</control>
							<control type="label">
								<top>38</top>
								<height>30</height>
								<align>right</align>
								<font>Font28_Reg</font>
								<textcolor>$VAR[PanelHighlightColorVar]</textcolor>
								<label>$VAR[RightListFocusTVShowsVar]</label>
							</control>
							<control type="group">
								<animation effect="slide" end="0,-36" condition="String.IsEmpty(ListItem.Label2)">conditional</animation>
								<top>77</top>
								<right>-12</right>
								<control type="label">
									<height>22</height>
									<align>right</align>
									<font>Font26_Reg</font>
									<textcolor>$VAR[PanelSubTextColorVar]</textcolor>
									<label>$VAR[ListViewInfo1Var]$VAR[ListViewInfo2Var,   ]$VAR[ListViewInfo3Var,   ]</label>
								</control>
								<control type="group">
									<visible>!ListItem.IsParentFolder</visible>
									<animation effect="slide" end="-14" condition="[String.IsEmpty(ListItem.UserRating) + Integer.IsEqual(ListItem.Rating,10)] | [!String.IsEmpty(ListItem.UserRating) + Integer.IsEqual(ListItem.UserRating,10)]">conditional</animation>
									<animation effect="slide" end="79" condition="String.IsEmpty(ListItem.UserRating) + String.IsEmpty(ListItem.Rating)">conditional</animation>
									<control type="image">
										<right>58</right>
										<width>22</width>
										<height>22</height>
										<aspectratio>keep</aspectratio>
										<texture>$VAR[ListViewIcon3Var]</texture>
									</control>
									<control type="group">
										<animation effect="slide" end="3" condition="!Integer.IsGreater(ListItem.Duration(h),0)">conditional</animation>
										<control type="image">
											<right>200</right>
											<width>22</width>
											<height>22</height>
											<aspectratio>keep</aspectratio>
											<texture>$VAR[ListViewIcon2Var]</texture>
										</control>
										<control type="image">
											<animation effect="slide" end="142" condition="String.IsEqual(ListItem.DBTYPE,set)">conditional</animation>
											<right>380</right>
											<width>22</width>
											<height>22</height>
											<aspectratio>keep</aspectratio>
											<texture>$VAR[ListViewIcon1Var]</texture>
										</control>
									</control>
								</control>
							</control>
							<control type="textbox">
								<visible>!String.IsEmpty(ListItem.Label2)</visible>
								<top>113</top>
								<left>555</left>
								<width>620</width>
								<height>120</height>
								<align>right</align>
								<font>Font28_Reg</font>
								<textcolor>$VAR[PanelSubTextColorVar]</textcolor>
								<label>$VAR[ViewPlotVar]</label>
							</control>
							<control type="textbox">
								<visible>String.IsEmpty(ListItem.Label2)</visible>
								<top>77</top>
								<left>555</left>
								<width>620</width>
								<height>156</height>
								<align>right</align>
								<font>Font28_Reg</font>
								<textcolor>$VAR[PanelSubTextColorVar]</textcolor>
								<label>$VAR[ViewPlotVar]</label>
							</control>
						</control>
						<control type="image">
							<right>20</right>
							<width>30</width>
							<aspectratio align="right">keep</aspectratio>
							<texture colordiffuse="$VAR[PanelHighlightColorVar]">$VAR[ListOverlayIconVar]</texture>
						</control>
					</focusedlayout>
					<focusedlayout height="250" condition="Container.Content(seasons)">
						<control type="group">
							<right>68</right>
							<width>173</width>
							<include content="ViewArtwork">
								<param name="texturefadetime">0</param>
								<param name="diffuse">diffuse/rounded5-153x230.png</param>
							</include>
						</control>
						<control type="group">
							<top>7</top>
							<right>251</right>
							<control type="label">
								<height>30</height>
								<align>right</align>
								<label>$INFO[ListItem.Label]</label>
								<font>Font32_Reg</font>
								<textcolor>$VAR[PanelTextColorVar]</textcolor>
							</control>
							<control type="label">
								<top>38</top>
								<height>30</height>
								<align>right</align>
								<font>Font28_Reg</font>
								<textcolor>$VAR[PanelHighlightColorVar]</textcolor>
								<label>$INFO[ListItem.Genre]</label>
							</control>
							<control type="group">
								<animation effect="slide" end="0,-36" condition="String.IsEmpty(ListItem.Genre)">conditional</animation>
								<top>77</top>
								<right>-12</right>
								<control type="label">
									<height>22</height>
									<align>right</align>
									<font>Font26_Reg</font>
									<textcolor>$VAR[PanelSubTextColorVar]</textcolor>
									<label>$VAR[ListViewInfo1Var]</label>
								</control>
								<control type="image">
									<visible>!ListItem.IsParentFolder + !String.Contains(ListItem.Label,*)</visible>
									<right>159</right>
									<width>22</width>
									<height>22</height>
									<aspectratio>keep</aspectratio>
									<texture>$VAR[ListViewIcon1Var]</texture>
								</control>
							</control>
							<control type="textbox">
								<top>113</top>
								<left>555</left>
								<width>620</width>
								<height>120</height>
								<align>right</align>
								<font>Font28_Reg</font>
								<textcolor>$VAR[PanelSubTextColorVar]</textcolor>
								<label>$VAR[ViewPlotVar]</label>
							</control>
						</control>
						<control type="image">
							<right>20</right>
							<width>30</width>
							<aspectratio align="right">keep</aspectratio>
							<texture colordiffuse="$VAR[PanelHighlightColorVar]">$VAR[ListOverlayIconVar]</texture>
						</control>
					</focusedlayout>
					<focusedlayout height="250" condition="Container.Content(episodes)">
						<control type="group">
							<right>68</right>
							<width>429</width>
							<include content="ViewArtwork">
								<param name="art">$VAR[ThumbVar]</param>
								<param name="texturefadetime">0</param>
								<param name="diffuse">diffuse/rounded5-409x230.png</param>
							</include>
						</control>
						<control type="group">
							<top>7</top>
							<right>510</right>
							<control type="label">
								<height>30</height>
								<align>right</align>
								<label>$VAR[BigListEpisodeNumberLabelVar,,. ]$INFO[ListItem.Title]</label>
								<font>Font32_Reg</font>
								<textcolor>$VAR[PanelTextColorVar]</textcolor>
							</control>
							<control type="label">
								<top>38</top>
								<height>30</height>
								<align>right</align>
								<font>Font28_Reg</font>
								<textcolor>$VAR[PanelHighlightColorVar]</textcolor>
								<label>$VAR[RightListFocusEpisodesVar]</label>
							</control>
							<control type="group">
								<animation effect="slide" end="0,-36" condition="[String.IsEqual(Container.SortMethod,$LOCALIZE[20074]) | String.IsEqual(Container.SortMethod,$LOCALIZE[20368])] + String.IsEmpty(ListItem.Label2)">conditional</animation>
								<top>77</top>
								<right>-12</right>
								<control type="label">
									<height>22</height>
									<align>right</align>
									<font>Font26_Reg</font>
									<textcolor>$VAR[PanelSubTextColorVar]</textcolor>
									<label>$VAR[ListViewInfo1Var]$VAR[ListViewInfo2Var,   ]$VAR[ListViewInfo3Var,   ]</label>
								</control>
								<control type="group">
									<visible>!ListItem.IsParentFolder</visible>
									<animation effect="slide" end="-14" condition="[String.IsEmpty(ListItem.UserRating) + Integer.IsEqual(ListItem.Rating,10)] | [!String.IsEmpty(ListItem.UserRating) + Integer.IsEqual(ListItem.UserRating,10)]">conditional</animation>
									<animation effect="slide" end="79" condition="String.IsEmpty(ListItem.UserRating) + String.IsEmpty(ListItem.Rating)">conditional</animation>
									<control type="image">
										<right>58</right>
										<width>22</width>
										<height>22</height>
										<aspectratio>keep</aspectratio>
										<texture>$VAR[ListViewIcon3Var]</texture>
									</control>
									<control type="group">
										<animation effect="slide" end="3" condition="!Integer.IsGreater(ListItem.Duration(h),0)">conditional</animation>
										<control type="image">
											<right>200</right>
											<width>22</width>
											<height>22</height>
											<aspectratio>keep</aspectratio>
											<texture>$VAR[ListViewIcon2Var]</texture>
										</control>
										<control type="image">
											<animation effect="slide" end="142" condition="String.IsEqual(ListItem.DBTYPE,set)">conditional</animation>
											<right>380</right>
											<width>22</width>
											<height>22</height>
											<aspectratio>keep</aspectratio>
											<texture>$VAR[ListViewIcon1Var]</texture>
										</control>
									</control>
								</control>
							</control>
							<control type="textbox">
								<visible>![String.IsEqual(Container.SortMethod,$LOCALIZE[20074]) | String.IsEqual(Container.SortMethod,$LOCALIZE[20368])] | !String.IsEmpty(ListItem.Label2)</visible>
								<top>113</top>
								<left>294</left>
								<width>620</width>
								<height>120</height>
								<align>right</align>
								<font>Font28_Reg</font>
								<textcolor>$VAR[PanelSubTextColorVar]</textcolor>
								<label>$VAR[ViewPlotVar]</label>
							</control>
							<control type="textbox">
								<visible>![!String.IsEqual(Container.SortMethod,$LOCALIZE[20074]) + !String.IsEqual(Container.SortMethod,$LOCALIZE[20368])] + String.IsEmpty(ListItem.Label2)</visible>
								<top>77</top>
								<left>294</left>
								<width>620</width>
								<height>156</height>
								<align>right</align>
								<font>Font28_Reg</font>
								<textcolor>$VAR[PanelSubTextColorVar]</textcolor>
								<label>$VAR[ViewPlotVar]</label>
							</control>
						</control>
						<control type="image">
							<right>20</right>
							<width>30</width>
							<aspectratio align="right">keep</aspectratio>
							<texture colordiffuse="$VAR[PanelHighlightColorVar]">$VAR[ListOverlayIconVar]</texture>
						</control>
					</focusedlayout>
					<focusedlayout height="250" condition="Container.Content(artists)">
						<control type="group">
							<right>10</right>
							<width>250</width>
							<include content="ViewArtwork">
								<param name="texturefadetime">0</param>
								<param name="diffuse">diffuse/rounded5-230x230.png</param>
							</include>
						</control>
						<control type="group">
							<top>7</top>
							<right>270</right>
							<control type="label">
								<height>30</height>
								<align>right</align>
								<label>$INFO[ListItem.Label]</label>
								<font>Font32_Reg</font>
								<textcolor>$VAR[PanelTextColorVar]</textcolor>
							</control>
							<control type="label">
								<top>38</top>
								<height>30</height>
								<align>right</align>
								<font>Font28_Reg</font>
								<textcolor>$VAR[PanelHighlightColorVar]</textcolor>
								<label>$VAR[BigListSubTitleArtistsVar]</label>
							</control>
							<control type="label">
								<animation effect="slide" end="0,-36" condition="String.IsEmpty(ListItem.Label2) + String.IsEmpty(ListItem.Genre) + String.IsEmpty(Listitem.Property(Artist_Disambiguation))">conditional</animation>
								<top>77</top>
								<right>-12</right>
								<height>22</height>
								<align>right</align>
								<font>Font26_Reg</font>
								<textcolor>$VAR[PanelSubTextColorVar]</textcolor>
								<label>$VAR[ListViewInfo1Var]</label>
							</control>
							<control type="textbox">
								<visible>!String.IsEmpty(ListItem.Label2) | !String.IsEmpty(ListItem.Genre) | !String.IsEmpty(Listitem.Property(Artist_Disambiguation))</visible>
								<top>113</top>
								<left>536</left>
								<width>620</width>
								<height>120</height>
								<align>right</align>
								<font>Font28_Reg</font>
								<textcolor>$VAR[PanelSubTextColorVar]</textcolor>
								<label>$VAR[ViewPlotVar]</label>
							</control>
							<control type="textbox">
								<visible>String.IsEmpty(ListItem.Label2) + String.IsEmpty(ListItem.Genre) + String.IsEmpty(Listitem.Property(Artist_Disambiguation))</visible>
								<top>77</top>
								<left>536</left>
								<width>620</width>
								<height>156</height>
								<align>right</align>
								<font>Font28_Reg</font>
								<textcolor>$VAR[PanelSubTextColorVar]</textcolor>
								<label>$VAR[ViewPlotVar]</label>
							</control>
						</control>
					</focusedlayout>
					<focusedlayout height="250" condition="Container.Content(albums)">
						<control type="group">
							<right>10</right>
							<width>250</width>
							<include content="ViewArtwork">
								<param name="texturefadetime">0</param>
								<param name="diffuse">diffuse/rounded5-230x230.png</param>
							</include>
						</control>
						<control type="group">
							<top>7</top>
							<right>270</right>
							<control type="label">
								<height>30</height>
								<align>right</align>
								<label>$INFO[ListItem.Label]</label>
								<font>Font32_Reg</font>
								<textcolor>$VAR[PanelTextColorVar]</textcolor>
							</control>
							<control type="label">
								<top>38</top>
								<height>30</height>
								<align>right</align>
								<font>Font28_Reg</font>
								<textcolor>$VAR[PanelHighlightColorVar]</textcolor>
								<label>$VAR[RightListFocusAlbumsVar]</label>
							</control>
							<control type="group">
								<animation effect="slide" end="0,-36" condition="String.IsEqual(Container.SortMethod,$LOCALIZE[568]) + String.IsEmpty(ListItem.Label2)">conditional</animation>
								<top>77</top>
								<right>-12</right>
								<control type="label">
									<height>22</height>
									<align>right</align>
									<font>Font26_Reg</font>
									<textcolor>$VAR[PanelSubTextColorVar]</textcolor>
									<label>$VAR[ListViewInfo1Var,   ]$VAR[ListViewInfo3Var,   ]</label>
								</control>
								<control type="group">
									<visible>!ListItem.IsParentFolder</visible>
									<animation effect="slide" end="-14" condition="[String.IsEmpty(ListItem.UserRating) + Integer.IsEqual(ListItem.Rating,10)] | [!String.IsEmpty(ListItem.UserRating) + Integer.IsEqual(ListItem.UserRating,10)]">conditional
									</animation>
									<animation effect="slide" end="79" condition="String.IsEmpty(ListItem.UserRating) + String.IsEmpty(ListItem.Rating)">conditional</animation>
									<control type="image">
										<right>58</right>
										<width>22</width>
										<height>22</height>
										<aspectratio>keep</aspectratio>
										<texture>$VAR[ListViewIcon3Var]</texture>
									</control>
									<control type="image">
										<visible>!ListItem.IsParentFolder + !String.Contains(ListItem.Label,*)</visible>
										<right>158</right>
										<width>22</width>
										<height>22</height>
										<aspectratio>keep</aspectratio>
										<texture>$VAR[ListViewIcon1Var]</texture>
									</control>
								</control>
							</control>
							<control type="textbox">
								<visible>!String.IsEqual(Container.SortMethod,$LOCALIZE[568]) | !String.IsEmpty(ListItem.Label2)</visible>
								<top>113</top>
								<left>536</left>
								<width>620</width>
								<height>120</height>
								<align>right</align>
								<font>Font28_Reg</font>
								<textcolor>$VAR[PanelSubTextColorVar]</textcolor>
								<label>$VAR[ViewPlotVar]</label>
							</control>
							<control type="textbox">
								<visible>String.IsEqual(Container.SortMethod,$LOCALIZE[568]) + String.IsEmpty(ListItem.Label2)</visible>
								<top>77</top>
								<left>536</left>
								<width>620</width>
								<height>156</height>
								<align>right</align>
								<font>Font28_Reg</font>
								<textcolor>$VAR[PanelSubTextColorVar]</textcolor>
								<label>$VAR[ViewPlotVar]</label>
							</control>
						</control>
					</focusedlayout>
					<focusedlayout height="250" condition="Container.Content(songs)">
						<control type="group">
							<right>10</right>
							<width>250</width>
							<include content="ViewArtwork">
								<param name="texturefadetime">0</param>
								<param name="diffuse">diffuse/rounded5-230x230.png</param>
							</include>
						</control>
						<control type="group">
							<top>7</top>
							<right>270</right>
							<control type="label">
								<height>30</height>
								<align>right</align>
								<label>$INFO[ListItem.TrackNumber,,. ]$INFO[ListItem.Title]</label>
								<font>Font32_Reg</font>
								<textcolor>$VAR[PanelTextColorVar]</textcolor>
							</control>
							<control type="label">
								<top>38</top>
								<height>30</height>
								<align>right</align>
								<font>Font28_Reg</font>
								<textcolor>$VAR[PanelHighlightColorVar]</textcolor>
								<label>$VAR[RightListFocusSongsVar]</label>
							</control>
							<control type="group">
								<top>77</top>
								<right>-12</right>
								<control type="label">
									<height>22</height>
									<align>right</align>
									<font>Font26_Reg</font>
									<textcolor>$VAR[PanelSubTextColorVar]</textcolor>
									<label>$VAR[ListViewInfo1Var]$VAR[ListViewInfo2Var,   ]$VAR[ListViewInfo3Var,   ]</label>
								</control>
								<control type="group">
									<visible>!ListItem.IsParentFolder</visible>
									<animation effect="slide" end="-14" condition="[String.IsEmpty(ListItem.UserRating) + Integer.IsEqual(ListItem.Rating,10)] | [!String.IsEmpty(ListItem.UserRating) + Integer.IsEqual(ListItem.UserRating,10)]">conditional
									</animation>
									<animation effect="slide" end="79" condition="String.IsEmpty(ListItem.UserRating) + String.IsEmpty(ListItem.Rating)">conditional</animation>
									<control type="image">
										<right>58</right>
										<width>22</width>
										<height>22</height>
										<aspectratio>keep</aspectratio>
										<texture>$VAR[ListViewIcon3Var]</texture>
									</control>
									<control type="image">
										<right>297</right>
										<width>22</width>
										<height>22</height>
										<aspectratio>keep</aspectratio>
										<texture>$VAR[ListViewIcon2Var]</texture>
									</control>
									<control type="image">
										<right>194</right>
										<width>22</width>
										<height>22</height>
										<aspectratio>keep</aspectratio>
										<texture>$VAR[ListViewIcon1Var]</texture>
									</control>
								</control>
							</control>
							<control type="textbox">
								<top>113</top>
								<left>536</left>
								<width>620</width>
								<height>120</height>
								<align>right</align>
								<font>Font28_Reg</font>
								<textcolor>$VAR[PanelSubTextColorVar]</textcolor>
								<label>$VAR[ViewPlotVar]</label>
							</control>
						</control>
					</focusedlayout>
					<focusedlayout height="250" condition="Container.Content(musicvideos)">
						<control type="group">
							<right>68</right>
							<width>250</width>
							<include content="ViewArtwork">
								<param name="texturefadetime">0</param>
								<param name="diffuse">diffuse/rounded5-230x230.png</param>
							</include>
						</control>
						<control type="group">
							<top>7</top>
							<right>328</right>
							<control type="label">
								<height>30</height>
								<align>right</align>
								<label>$INFO[ListItem.TrackNumber,,. ]$INFO[ListItem.Title]</label>
								<font>Font32_Reg</font>
								<textcolor>$VAR[PanelTextColorVar]</textcolor>
							</control>
							<control type="label">
								<top>38</top>
								<height>30</height>
								<align>right</align>
								<font>Font28_Reg</font>
								<textcolor>$VAR[PanelHighlightColorVar]</textcolor>
								<label>$VAR[RightListFocusMusicVideosVar]</label>
							</control>
							<control type="group">
								<top>77</top>
								<right>-12</right>
								<control type="label">
									<height>22</height>
									<align>right</align>
									<font>Font26_Reg</font>
									<textcolor>$VAR[PanelSubTextColorVar]</textcolor>
									<label>$VAR[ListViewInfo1Var]$VAR[ListViewInfo2Var,   ]$VAR[ListViewInfo3Var,   ]</label>
								</control>
								<control type="group">
									<visible>!ListItem.IsParentFolder</visible>
									<animation effect="slide" end="-14" condition="[String.IsEmpty(ListItem.UserRating) + Integer.IsEqual(ListItem.Rating,10)] | [!String.IsEmpty(ListItem.UserRating) + Integer.IsEqual(ListItem.UserRating,10)]">conditional
									</animation>
									<animation effect="slide" end="79" condition="String.IsEmpty(ListItem.UserRating) + String.IsEmpty(ListItem.Rating)">conditional</animation>
									<control type="image">
										<right>58</right>
										<width>22</width>
										<height>22</height>
										<aspectratio>keep</aspectratio>
										<texture>$VAR[ListViewIcon3Var]</texture>
									</control>
									<control type="image">
										<right>297</right>
										<width>22</width>
										<height>22</height>
										<aspectratio>keep</aspectratio>
										<texture>$VAR[ListViewIcon2Var]</texture>
									</control>
									<control type="image">
										<right>194</right>
										<width>22</width>
										<height>22</height>
										<aspectratio>keep</aspectratio>
										<texture>$VAR[ListViewIcon1Var]</texture>
									</control>
								</control>
							</control>
							<control type="textbox">
								<top>113</top>
								<left>478</left>
								<width>620</width>
								<height>120</height>
								<align>right</align>
								<font>Font28_Reg</font>
								<textcolor>$VAR[PanelSubTextColorVar]</textcolor>
								<label>$VAR[ViewPlotVar]</label>
							</control>
						</control>
						<control type="image">
							<right>20</right>
							<width>30</width>
							<aspectratio align="right">keep</aspectratio>
							<texture colordiffuse="$VAR[PanelHighlightColorVar]">$VAR[ListOverlayIconVar]</texture>
						</control>
					</focusedlayout>
				</control>
			</control>
			<control type="scrollbar" id="6058">
				<animation effect="slide" end="-15" time="200" condition="Control.HasFocus(6058)">Conditional</animation>
				<right>-20</right>
				<top>80</top>
				<bottom>150</bottom>
				<onleft>58</onleft>
				<onright condition="Control.IsVisible(61300)">61300</onright>
				<texturesliderbackground border="2">buttons/scrollbar-nib-back-vertical.png</texturesliderbackground>
			</control>
		</control>
		<!-- Art -->
		<control type="group">
			<visible>Control.IsVisible(58)</visible>
			<include content="AnimationSlideLeftWindow">
				<param name="slide">510</param>
			</include>
			<include content="AnimationSlideLeftVisible">
				<param name="slide">510</param>
			</include>
			<control type="group">
				<visible>Container.Content(movies) | Container.Content(sets) | Container.Content(tvshows) | Container.Content(seasons) | Container.Content(episodes)</visible>
				<control type="group">
					<visible>!Skin.HasSetting(View58HideCover)</visible>
					<left>10</left>
					<width>435</width>
					<bottom>10</bottom>
					<height>642</height>
					<control type="image">
						<visible>!Skin.HasSetting(View58HideDiscArt) + Container.Content(movies)</visible>
						<include>AnimationDiscArtLibrary</include>
						<bottom>434</bottom>
						<left>20</left>
						<width>395</width>
						<height>395</height>
						<fadetime>TextureFadeTime</fadetime>
						<aspectratio>keep</aspectratio>
						<texture diffuse="diffuse/disc.png" background="true">$VAR[LibraryVideoDiscArtVar]</texture>
					</control>
					<control type="group">
						<visible>!Skin.HasSetting(View58VideoCase)</visible>
						<include content="ViewArtwork">
							<param name="diffuse">diffuse/rounded5-415x622.png</param>
						</include>
					</control>
					<control type="group">
						<visible>Skin.HasSetting(View58VideoCase)</visible>
						<include content="ViewArtworkVideoCase">
							<param name="logoheight">44</param>
							<param name="bordersize">18,52,18,21</param>
						</include>
					</control>
				</control>
				<control type="group">
					<visible>!Skin.HasSetting(View58HideLogo)</visible>
					<left>10</left>
					<width>415</width>
					<control type="image">
						<visible>!Skin.HasSetting(View58HideCover)</visible>
						<bottom>850</bottom>
						<height>161</height>
						<fadetime>TextureFadeTime</fadetime>
						<aspectratio aligny="center">keep</aspectratio>
						<texture background="true">$VAR[ClearLogoVar]</texture>
					</control>
					<control type="image">
						<visible>Skin.HasSetting(View58HideCover)</visible>
						<bottom>20</bottom>
						<height>161</height>
						<fadetime>TextureFadeTime</fadetime>
						<aspectratio aligny="center">keep</aspectratio>
						<texture background="true">$VAR[ClearLogoVar]</texture>
					</control>
				</control>
			</control>
			<control type="group">
				<visible>Container.Content(albums) | Container.Content(songs) | Container.Content(musicvideos)</visible>
				<control type="group">
					<visible>!Skin.HasSetting(View58HideCover)</visible>
					<left>10</left>
					<width>500</width>
					<bottom>10</bottom>
					<height>500</height>
					<control type="group">
						<visible>!Skin.HasSetting(View58AlbumCase)</visible>
						<control type="image">
							<visible>!Skin.HasSetting(View58HideDiscArt)</visible>
							<include>AnimationDiscArtLibrary</include>
							<bottom>250</bottom>
							<left>20</left>
							<width>460</width>
							<height>460</height>
							<fadetime>TextureFadeTime</fadetime>
							<aspectratio>keep</aspectratio>
							<texture diffuse="diffuse/disc.png" background="true">$VAR[LibraryAudioDiscArtVar]</texture>
						</control>
						<include content="ViewArtwork">
							<param name="diffuse">diffuse/rounded5-480x480.png</param>
						</include>
					</control>
					<control type="group">
						<visible>Skin.HasSetting(View58AlbumCase)</visible>
						<width>537</width>
						<control type="image">
							<visible>!Skin.HasSetting(View58HideDiscArt)</visible>
							<include>AnimationDiscArtLibrary</include>
							<bottom>250</bottom>
							<left>61</left>
							<width>452</width>
							<height>452</height>
							<fadetime>TextureFadeTime</fadetime>
							<aspectratio>keep</aspectratio>
							<texture diffuse="diffuse/disc.png" background="true">$VAR[LibraryAudioDiscArtVar]</texture>
						</control>
						<include>ViewArtworkAudioCase</include>
					</control>
				</control>
				<control type="group">
					<visible>!Skin.HasSetting(View58HideLogo)</visible>
					<animation effect="slide" end="18" condition="Skin.HasSetting(View58AlbumCase)">conditional</animation>
					<left>20</left>
					<width>460</width>
					<control type="image">
						<visible>!Skin.HasSetting(View58HideCover)</visible>
						<bottom>850</bottom>
						<height>178</height>
						<fadetime>TextureFadeTime</fadetime>
						<aspectratio aligny="center">keep</aspectratio>
						<texture background="true">$VAR[ClearLogoVar]</texture>
					</control>
					<control type="image">
						<visible>Skin.HasSetting(View58HideCover)</visible>
						<bottom>10</bottom>
						<height>178</height>
						<fadetime>TextureFadeTime</fadetime>
						<aspectratio aligny="center">keep</aspectratio>
						<texture background="true">$VAR[ClearLogoVar]</texture>
					</control>
				</control>
			</control>
			<control type="group">
				<visible>Container.Content(artists)</visible>
				<control type="group">
					<visible>!Skin.HasSetting(View58HideCover)</visible>
					<left>10</left>
					<width>500</width>
					<bottom>10</bottom>
					<height>500</height>
					<include content="ViewArtwork">
						<param name="diffuse">diffuse/rounded5-480x480.png</param>
					</include>
				</control>
				<control type="group">
					<visible>!Skin.HasSetting(View58HideLogo)</visible>
					<left>30</left>
					<width>460</width>
					<control type="image">
						<visible>!Skin.HasSetting(View58HideCover)</visible>
						<bottom>530</bottom>
						<height>178</height>
						<fadetime>TextureFadeTime</fadetime>
						<aspectratio aligny="center">keep</aspectratio>
						<texture background="true">$VAR[ClearLogoVar]</texture>
					</control>
					<control type="image">
						<visible>Skin.HasSetting(View58HideCover)</visible>
						<bottom>10</bottom>
						<height>178</height>
						<fadetime>TextureFadeTime</fadetime>
						<aspectratio aligny="center">keep</aspectratio>
						<texture background="true">$VAR[ClearLogoVar]</texture>
					</control>
				</control>
			</control>
		</control>
		<!-- Media Flags -->
		<control type="group">
			<visible>Control.IsVisible(58)</visible>
			<include content="AnimationSlideBottomWindow">
				<param name="slide">220</param>
			</include>
			<control type="group">
				<visible>Control.IsVisible(58) + String.Contains(ListItem.DBType, "movie")</visible>
				<include condition="Window.IsVisible(MyVideoNav.xml)" content="MediaFlagsVideos8">
					<param name="right">30</param>
					<param name="bottom">20</param>
				</include>
			</control>

			<control type="group">
				<visible>Control.IsVisible(58) + String.Contains(ListItem.DBType, "season") | String.Contains(ListItem.DBType, "episode")</visible>
				<include condition="Window.IsVisible(MyVideoNav.xml)" content="MediaFlagsTVShows">
					<param name="right">30</param>
					<param name="bottom">20</param>
				</include>
			</control>

			<include condition="Window.IsVisible(MyMusicNav.xml)" content="MediaFlagsAudio">
				<param name="right">30</param>
				<param name="bottom">20</param>
			</include>
		</control>

<!-- 		<control type="group">
			<visible>Control.IsVisible(58)</visible>
			<include content="AnimationSlideBottomWindow">
				<param name="slide">220</param>
			</include>
			<include condition="Window.IsVisible(MyVideoNav.xml)" content="MediaFlagsTVShows">
				<param name="right">30</param>
				<param name="bottom">20</param>
			</include>
			<include condition="Window.IsVisible(MyVideoNav.xml)" content="MediaFlagsVideos8">
				<param name="right">30</param>
				<param name="bottom">20</param>
			</include>
			<include condition="Window.IsVisible(MyMusicNav.xml)" content="MediaFlagsAudio">
				<param name="right">30</param>
				<param name="bottom">20</param>
			</include>
		</control> -->
	</include>
</includes>