<?xml version="1.0" encoding="utf-8"?>
<window type="window" id="1103">
    <!-- Check if the setting TMDbHelper.MonitorContainer has a value, and if so, clear it -->
    <onload condition="!IsEmpty(Skin.String(TMDbHelper.MonitorContainer))">
        Skin.Reset(TMDBHelper.MonitorContainer)
    </onload>   
	<defaultcontrol always="true">10</defaultcontrol>
	<animation effect="fade" delay="1000" time="480">WindowOpen</animation>
	<animation effect="fade" time="480">WindowClose</animation>
	<include>onunload_SkinSettings</include>
	<controls>
		<control type="button" id="10">
			<include>FullScreenDimensions</include>
			<texturefocus/>
			<texturenofocus/>
			<onup>ReplaceWindow($INFO[System.StartupWindow])</onup>
			<ondown>ReplaceWindow($INFO[System.StartupWindow])</ondown>
			<onleft>ReplaceWindow($INFO[System.StartupWindow])</onleft>
			<onright>ReplaceWindow($INFO[System.StartupWindow])</onright>
			<onclick>ReplaceWindow($INFO[System.StartupWindow])</onclick>
			<onfocus>ReplaceWindow($INFO[System.StartupWindow])</onfocus>
			<animation effect="fade" start="100" end="0" time="6000">Focus</animation>
		</control>		
		<control type="image">
			<centerleft>50%</centerleft>
			<centertop>50%</centertop>
			<include content="StartUpLogoWidthLargeVar" condition="Skin.HasSetting(startuplogolargesizeonstart)" />
			<include content="StartUpLogoHeightLargeVar" condition="Skin.HasSetting(startuplogolargesizeonstart)" />
			<include content="StartUpLogoWidthSmallVar" condition="!Skin.HasSetting(startuplogolargesizeonstart)" />
			<include content="StartUpLogoHeightSmallVar" condition="!Skin.HasSetting(startuplogolargesizeonstart)" />
			<aspectratio>keep</aspectratio>
			<texture>$VAR[StartUpLogoSizeVar]</texture>
		</control>		
		<control type="image">
			<centerleft>50%</centerleft>
			<top>660</top>
			<width>100</width>
			<height>100</height>
			<aspectratio>keep</aspectratio>
			<animation effect="rotate" end="-360" center="auto" time="2000" loop="true" condition="true">Conditional</animation>
			<texture colordiffuse="$VAR[PanelHighlightColorVar]">panels/spinner.png</texture>
		</control>
	</controls>
</window>