<?xml version="1.0" encoding="UTF-8"?>
<window>
	<defaultcontrol>3110</defaultcontrol>
	<include>AnimationDialogPopupWindow</include>
	<onunload>ClearProperty(colorstring)</onunload>
	<controls>
		<control type="group">
			<include content="DialogBackground">
				<param name="width" value="953"/>
				<param name="height" value="535"/>
				<param name="id">1</param>
				<param name="diffusetexture">diffuse/rounded10-877x470.png</param>
			</include>
			<!-- Left -->
			<control type="grouplist" id="9">
				<left>20</left>
				<top>90</top>
				<width>350</width>
				<height>420</height>
				<onright>60</onright>
				<!-- Edit manual -->
				<control type="button" id="3010">
					<width>350</width>
					<include>DialogButton</include>
					<label>$ADDON[script.skin.helper.colorpicker 32050]</label>
				</control>
				<!-- Opacity slider -->
				<control type="slider" id="3015">
					<visible>!String.IsEmpty(Window.Property(colorstring))</visible>
					<width>350</width>
					<include>DialogButton</include>
					<texturesliderbar/>
					<textureslidernib/>
					<textureslidernibfocus/>
				</control>
				<!-- Choose color palette -->
				<control type="button" id="3030">
					<width>350</width>
					<include>DialogButton</include>
					<label>$ADDON[script.skin.helper.colorpicker 32141]</label>
				</control>
				<!-- Save button -->
				<control type="button" id="3012">
					<width>350</width>
					<include>DialogButton</include>
					<label>$LOCALIZE[732]</label>
				</control>
				<!-- None (reset) -->
				<control type="button" id="3011">
					<width>350</width>
					<include>DialogButton</include>
					<label>$LOCALIZE[13007]</label>
				</control>
			</control>
			<control type="image">
				<top>90</top>
				<left>370</left>
				<bottom>71</bottom>
				<width>4</width>
				<texture colordiffuse="$VAR[PanelListSeparatorColorVar]">panels/line-vertical.png</texture>
			</control>
			<control type="image">
				<bottom>70</bottom>
				<left>20</left>
				<right>20</right>
				<height>70</height>
				<texture border="30" colordiffuse="$VAR[PanelListSeparatorColorVar]">buttons/list-select-nofocus.png</texture>
			</control>
			<!-- Slider Focus -->
			<control type="group">
				<visible>!String.IsEmpty(Window.Property(colorstring))</visible>
				<top>165</top>
				<left>20</left>
				<height>75</height>
				<control type="image">
					<visible>Control.HasFocus(3015)</visible>
					<width>350</width>
					<texture border="10" colordiffuse="$VAR[PanelHighlightColorVar]">buttons/list-select-focus.png</texture>
				</control>
				<control type="image">
					<visible>!Control.HasFocus(3015)</visible>
					<width>350</width>
					<texture border="30" colordiffuse="$VAR[PanelListSeparatorColorVar]">buttons/list-select-nofocus.png</texture>
				</control>
				<control type="label">
					<visible>Control.HasFocus(3015)</visible>
					<width>350</width>
					<height>70</height>
					<textoffsetx>40</textoffsetx>
					<textcolor>$VAR[PanelFocusTextColorVar]</textcolor>
					<label>$ADDON[script.skin.helper.colorpicker 32049]$INFO[Control.Getlabel(3015), ]</label>
				</control>
				<control type="label">
					<visible>!Control.HasFocus(3015)</visible>
					<width>350</width>
					<height>70</height>
					<textoffsetx>40</textoffsetx>
					<textcolor>$VAR[PanelSubTextColorVar]</textcolor>
					<label>$ADDON[script.skin.helper.colorpicker 32049]$INFO[Control.Getlabel(3015), ]</label>
				</control>
			</control>
			<!-- Color picker panel -->
			<control type="panel" id="3110">
				<left>391</left>
				<top>110</top>36
				<width>504</width>498
				<height>336</height>
				<pagecontrol>60</pagecontrol>
				<onleft>60</onleft>
				<preloaditems>4</preloaditems>
				<include>ContainerScrollTime</include>
				<itemlayout height="84" width="84">
					<control type="image">
						<width>82</width>
						<height>82</height>
						<texture>$INFO[ListItem.Icon]</texture>
					</control>
				</itemlayout>
				<focusedlayout height="78" width="78">
					<control type="group">
						<animation effect="zoom" time="200" tween="sine" easing="inout" start="100" end="130" center="auto">Focus</animation>
						<control type="image">
							<width>82</width>
							<height>82</height>
							<texture border="5">$INFO[ListItem.Icon]</texture>
							<bordertexture border="5">colors/black.png</bordertexture>
							<bordersize>5</bordersize>
						</control>
					</control>
				</focusedlayout>
			</control>
			<control type="label">
				<bottom>21</bottom>
				<right>60</right>
				<width>460</width>
				<height>50</height>
				<align>right</align>
				<font>Font25_Cond</font>
				<textcolor>$VAR[PanelSubTextColorVar]</textcolor>
				<label>$INFO[Container(3110).NumItems,, $LOCALIZE[14078]]$INFO[Container(3110).CurrentPage, - $LOCALIZE[31000] (]$INFO[Container(3110).NumPages,/,)]</label>
			</control>
			<control type="label">
				<bottom>21</bottom>
				<left>60</left>
				<width>460</width>
				<height>50</height>
				<font>Font25_Cond</font>
				<textcolor>$VAR[PanelSubTextColorVar]</textcolor>
				<label>$VAR[ColorPickerLabelVar]</label>
			</control>
			<control type="scrollbar" id="60">
				<onleft>9</onleft>
				<onright>3110</onright>
				<left>350</left>
				<include>DialogScrollBar</include>
			</control>
		</control>
	</controls>
</window>