<?xml version="1.0" encoding="utf-8"?>
<addon id="skin.madnox" version="21.02.02" name="Madnox" provider-name="Kittmaster">
	<requires>
		<import addon="xbmc.gui" version="5.16.0"/>
		<import addon="script.embuary.helper" version="2.0.8"/>
		<import addon="script.embuary.info" version="2.0.8"/>
		<import addon="script.skinshortcuts" version="1.0.17"/>
		<import addon="script.image.resource.select" version="2.0.4"/>		
		<import addon="script.cu.lrclyrics" version="6.6.9"/>
		<import addon="script.trakt" version="3.6.1"/>
		<import addon="service.upnext" version="1.1.9+matrix.1"/>
		<import addon="script.favourites" version="8.1.2"/>
		<import addon="script.artistslideshow" version="3.3.8"/>
		<import addon="script.rss.editor" version="4.0.2"/>
		<import addon="plugin.library.node.editor" version="2.0.5"/>
		<import addon="resource.images.weathericons.3d-coloured" version="0.0.6"/>
		<import addon="resource.images.weatherfanart.multi" version="0.0.6"/>
		<import addon="resource.images.studios.white" version="0.0.30"/>
		<import addon="resource.images.studios.coloured" version="0.0.23"/>	
		<import addon="resource.images.recordlabels.white" version="0.0.7"/>
		<import addon="resource.images.languageflags.rounded" version="0.0.2"/>
		<import addon="resource.images.musicgenreicons.text" version="0.1.0"/>
		<import addon="resource.images.moviegenreicons.filmstrip-hd.colour" version="0.0.2"/>
		<import addon="resource.images.moviegenreicons.filmstrip-hd.bw" version="0.0.2"/>
		<import addon="resource.images.moviecountryicons.flags" version="0.0.1"/>
		<import addon="script.skinvariables" version="2.1.14"/>
		<import addon="plugin.video.themoviedb.helper" version="5.4.16"/>
	</requires>
	<extension point="xbmc.gui.skin" debugging="false">
		<res width="1920" height="1080" aspect="16:9" default="true" folder="16x9" />
	</extension>
	<extension point="xbmc.addon.metadata">
		<summary lang="en_GB">A feature rich and fully customizable skin</summary>
		<description lang="en_GB">Madnox stands for eye candy and customization. There are many different views and options to present your media in the way you want it. All views are fully customizable. You can change the look with different styles, themes and options.</description>
		<disclaimer lang="en_GB">Madnox is the successor to Aeon Madnox by Mike_Doc, schimi2k and MeowMoo. It is a skin based on the design of Aeon by djh_ and Aeon Nox 4 by BigNoid and phil65. Special thanks to Mr. V. All credits to the makers of these skins and mods.</disclaimer>
		<platform>all</platform>
		<license>CC BY-SA 4.0, GNU GENERAL PUBLIC LICENSE Version 2.0</license>
		<forum>https://forum.kodi.tv/forumdisplay.php?fid=314</forum>
		<source>https://github.com/kittmaster/KittmasterRepo/tree/master/repo/skin.madnox</source>
		<website>https://github.com/kittmaster/KittmasterRepo/tree/master/repo/skin.madnox</website>
		<assets>
			<icon>resources/icon.png</icon>
			<fanart>resources/fanart.jpg</fanart>
			<screenshot>resources/screenshots/screenshot-01.jpg</screenshot>
			<screenshot>resources/screenshots/screenshot-02.jpg</screenshot>
			<screenshot>resources/screenshots/screenshot-03.jpg</screenshot>
			<screenshot>resources/screenshots/screenshot-04.jpg</screenshot>
			<screenshot>resources/screenshots/screenshot-05.jpg</screenshot>
			<screenshot>resources/screenshots/screenshot-06.jpg</screenshot>
			<screenshot>resources/screenshots/screenshot-07.jpg</screenshot>
			<screenshot>resources/screenshots/screenshot-08.jpg</screenshot>
			<screenshot>resources/screenshots/screenshot-09.jpg</screenshot>
			<screenshot>resources/screenshots/screenshot-10.jpg</screenshot>
		</assets>		
		<news>v.21.02.02
			-Added navigation corrections to TMDb Helper page
			-Adjust default icon color include variable to correct for "icon error" where error is not present.
			v.21.02.01
			-* Global *-
			-Minor version increase to 21.02.01.
			-(WIP) (Long Term) - Begin migration from Embuary Helper to TMDb Helper. Not a trivial change, maintained as much of the physical workflow as possible, some minor changes have been made and cannot be reverted to old methods, adoption should be easily understood.
			-Restructured Information dialog to support Person/Bio info into same dialog structure.
			-Multiple additions to Meta data fields providing more online and local data media labels.
			-Choice of large or small Madnox logo on startup.
			-Added Left/Right arrows for metadata when value is greater than 8 items for visual cue.
			-User adjustable time interval for Left/Right arrow slide (i.e. how often it switches if greater than 8 items).
			-Added countdown timer to display Left/Right switching duration and switch point (visual cue).
			-Added icons to various dialogs like "effects" for snow/leaves to visually display icon in dialog selection.
			-Added Madnox logo to all dialog popups.
			-Updated multiple strings to add uniqueness and better user experience diverging from cookie cutter phrases.
			-Added Recommendations panel to TMDb display dialog.
			-Added additional icons, feedback, graphical elements based on restructured layout to TMDb Infopage.
			-Fixed aspect ratio for "Videos" and removed limit of 2 in TMDb Infopage.
			-Aspect Ratio and Resolution icons colors can be set globally in the admin panel (10 options).
			-Entirely retooled color picker dialog replacing Kodi's built-in version allowing slider control of RGBA.
			-Local script logging enable/disable, defaults to off to prevent bloating KODI log file for debugging.
			-Automatic download of baseline image collections (weather, studio etc.), can be removed or replaced as needed. Rationale: provide better start point of visuals since most users can be overwhelmed on what they should or should not use based on taste/workflow. Default download and enable will provide a better user experience and will not affect lower tier hardware as it requires minimal space requirements.
			-Removed errant label in system info right side panel
			-Multiple mini scripts to replicate Embuary Helper to maintain core functionality, including play all, color picker, and new feature adds.
			-Added Skin Variables addons to add additional capability to replicate local related type movies and future capability updates and features.
			
			-* Biography *-
			-Added death date (if applicable).
			-Updated Infoline with additional icons below main title.
			-Added feedback on rollover of panel data across all buttons.
			-Restructured page for better flow.
			-Shows local discart if movies are in focus and rollover of local movie with artwork is present.			
			
			-* Movies *-			
			-Added date to main title in Information view.
			-Added all relevant meta tags in grid based on TMDb Helpers tag structure retrieval.
			-Updated Infoline and icons below main title with several revised icons.
			-Several string updates for uniformity between dialogs
			-Increased icon sizes in Infoline.			
			
			-* TV Shows *-
			-Added color control to TV Show returning/air date from grey to color picker selection with persistence.
			-Updated icons for returning, not returning.
			-Added date to main title in Information view.
			-Added all relevant meta tags in grid based on TMDb Helpers tag structure retrieval.
			-Updated Infoline and icons below main title with several revised icons.
			-Increased icon sizes in Infoline.
			
			-* Music *-
			-Added year to Now Playing after album (if present).
			-Added Aspect Ratio adjust to Admin panel to control Fanart background.
			-Added switch to Now Playing script view when Play All is activated.
			-(WIP) - Looking at reworking ID tag area.
		</news>
	</extension>
</addon>