<?xml version="1.0" encoding="utf-8"?>
<window>
	<defaultcontrol>3</defaultcontrol>
	<menucontrol>9050</menucontrol>
	<include condition="Window.IsActive(interfacesettings)">onunload_SkinSettings</include>
	<controls>
		<!-- Background -->
		<include content="BackgroundDefault">
			<param name="imagepath">$VAR[SystemBackgroundVar]</param>
			<param name="animatedfanart">Skin.HasSetting(SystemAnimatedFanart)</param>
		</include>
		<!-- Floor -->
		<include content="Floor">
			<param name="visible">Skin.HasSetting(SettingsHideFloor)</param>
			<param name="animationopen">$EXP[SystemAnimationOpenCondition]</param>
			<param name="animationclose">$EXP[SystemAnimationCloseCondition]</param>
		</include>
		<!-- Panel -->
		<control type="group">
			<include>AnimationZoomWindow</include>
			<include content="PanelSide">
				<param name="reflect">!Skin.HasSetting(SettingsHideReflect)</param>
			</include>
			<control type="image">
				<left>425</left>
				<width>1395</width>
				<bottom>210</bottom>
				<texture border="30" colordiffuse="$VAR[PanelListSeparatorColorVar]">buttons/list-select-nofocus.png</texture>
			</control>
		</control>
		<!-- Content -->
		<control type="group">
			<include>AnimationZoomWindow</include>
			<!-- Left menu -->
			<control type="label" id="2">
				<include>SettingsLeftLabel</include>
			</control>
			<control type="grouplist" id="3">
				<top>200</top>
				<left>100</left>
				<width>324</width>
				<height>603</height>
				<onleft>9050</onleft>
				<onright>5</onright>
				<include>ContainerScrollTime</include>
			</control>
			<control type="button" id="10">
				<include>SettingsLeftButton</include>
			</control>
			<!-- Right menu -->
			<control type="label">
				<label>$LOCALIZE[33063]</label>
				<include>SettingsRightLabel</include>
			</control>
			<control type="grouplist" id="5">
				<top>200</top>
				<left>425</left>
				<width>1395</width>
				<height>670</height>
				<onleft>3</onleft>
				<onright>60</onright>
				<pagecontrol>60</pagecontrol>
				<include>ContainerScrollTime</include>
			</control>
			<control type="textbox" id="6">
				<description>description area</description>
				<left>460</left>
				<bottom>115</bottom>
				<width>1325</width>
				<height>80</height>
				<font>Font28_Reg</font>
				<textcolor>$VAR[PanelTextColorVar]</textcolor>
			</control>
			<control type="label" id="14">
				<description>Default Label</description>
				<font>Font28_Bold</font>
				<textcolor>$VAR[PanelHighlightColorVar]</textcolor>
				<include>SettingsButton</include>
				<shadowcolor>shadow</shadowcolor>
			</control>
			<control type="scrollbar" id="60">
				<top>200</top>
				<right>80</right>
				<bottom>280</bottom>
				<onleft>5</onleft>
			</control>
		</control>
		<control type="button" id="7">
			<include>SettingsButton</include>
		</control>
		<control type="colorbutton" id="15">
			<include>SettingsButton</include>
			<texturefocus border="10" colordiffuse="$VAR[PanelHighlightColorVar]">buttons/list-select-focus.png</texturefocus>
			<texturenofocus border="30" colordiffuse="$VAR[PanelListSeparatorColorVar]">buttons/list-select-nofocus.png</texturenofocus>
			<font>Font30_Reg</font>
			<aligny>center</aligny>
			<focusedcolor>$VAR[PanelFocusTextColorVar]</focusedcolor>
			<disabledcolor>$VAR[PanelDisabledTextColorVar]</disabledcolor>
			<invalidcolor>invalid</invalidcolor>
			<pulseonselect>false</pulseonselect>
			<colorwidth>100</colorwidth>
			<colorheight>40</colorheight>
			<texturecolormask>colors/white.png</texturecolormask>
			<texturecolordisabledmask colordiffuse="40FFFFFF">colors/white.png</texturecolordisabledmask>
		</control>
		<control type="radiobutton" id="8">
			<include>SettingsRadioButton</include>
		</control>
		<control type="spincontrolex" id="9">
			<include>SettingsButton</include>
		</control>
		<control type="sliderex" id="13">
			<include>SettingsButton</include>
		</control>
		<!-- Topbar -->
		<include content="TopBar">
			<param name="visible">!Skin.HasSetting(SettingsHideTopBar)</param>
			<param name="icon">settings.png</param>
			<param name="label">$LOCALIZE[13000]$INFO[Control.GetLabel(2), / ]</param>
			<param name="animationopen">$EXP[SystemAnimationOpenCondition]</param>
			<param name="animationclose">$EXP[SystemAnimationCloseCondition]</param>
		</include>
		<!-- Media Menu -->
		<include content="MediaMenu">
			<param name="contentvisible">true</param>
			<param name="commontopvisible">false</param>
			<param name="content">MediaMenuSystem</param>
			<param name="navigationid">3</param>
		</include>
	</controls>
</window>