<?xml version="1.0" encoding="UTF-8"?>
<colors>
	<color name="0% Transparent Very Light White">ffffffe3</color>
	<color name="0% Transparent Light White">fffffae6</color>
	<color name="0% Transparent Soft White">fffef5e6</color>
	<color name="0% Transparent Light Beige">fffef0e5</color>
	<color name="0% Transparent Very Light Beige">fffeebe5</color>
	<color name="0% Transparent Very Light Pink">ffffefef</color>
	<color name="0% Transparent Light Pink">ffffe6ea</color>
	<color name="0% Transparent Soft Pink">ffffe6f1</color>
	<color name="0% Transparent Light Pink">fffee6f4</color>
	<color name="0% Transparent Very Light Pink">ffffe6fb</color>
	<color name="0% Transparent Soft Pink">fffee6fe</color>
	<color name="0% Transparent Very Light Purple">fffae6ff</color>
	<color name="0% Transparent Light Purple">fff4e6ff</color>
	<color name="0% Transparent Soft Purple">fff0e6ff</color>
	<color name="0% Transparent Very Light Lavender">ffeae7fc</color>
	<color name="0% Transparent Light Lavender">ffe6e7fc</color>
	<color name="0% Transparent Soft Lavender">ffe6ebff</color>
	<color name="0% Transparent Very Light Blue">ffe7f0ff</color>
	<color name="0% Transparent Light Blue">ffe7f5ff</color>
	<color name="0% Transparent Soft Blue">ffe7faff</color>
	<color name="0% Transparent Light Cyan">ffe6ffff</color>
	<color name="0% Transparent Soft Cyan">ffe6fffb</color>
	<color name="0% Transparent Very Light Aqua">ffe7fef4</color>
	<color name="0% Transparent Light Aqua">ffe7fff1</color>		
	<color name="0% Transparent Light Green">ffe6ffea</color>
	<color name="0% Transparent Very Light Green">ffe7ffe7</color>
	<color name="0% Transparent Soft Green">ffebfff3</color>
	<color name="0% Transparent Light Green">fff1ffe6</color>
	<color name="0% Transparent Very Light Green">fff5ffe6</color>
	<color name="0% Transparent Soft White">fffbffe6</color>
	<color name="0% Transparent White">ffffffff</color>
	<color name="0% Transparent Light Yellow">ffffffcb</color>
	<color name="0% Transparent Soft Yellow">fffefaca</color>
	<color name="0% Transparent Very Light Peach">ffffeacb</color>
	<color name="0% Transparent Light Peach">ffffe0cc</color>
	<color name="0% Transparent Soft Peach">fffed6cc</color>
	<color name="0% Transparent Very Light Pink">ffffcacd</color>
	<color name="0% Transparent Light Pink">ffffccd5</color>
	<color name="0% Transparent Soft Pink">ffffcde0</color>
	<color name="0% Transparent Very Light Lavender">ffffcceb</color>
	<color name="0% Transparent Light Lavender">ffffcbf5</color>
	<color name="0% Transparent Soft Lavender">fffeccfd</color>
	<color name="0% Transparent Very Light Purple">fff6cbff</color>
	<color name="0% Transparent Light Purple">ffecccfe</color>
	<color name="0% Transparent Soft Purple">ffe0ccff</color>
	<color name="0% Transparent Very Light Blue">ffd6ccfe</color>
	<color name="0% Transparent Light Blue">ffccccfe</color>
	<color name="0% Transparent Soft Blue">ffcdd6ff</color>
	<color name="0% Transparent Very Light Cyan">ffcae1ff</color>
	<color name="0% Transparent Light Cyan">ffccebff</color>
	<color name="0% Transparent Soft Cyan">ffcef4fd</color>
	<color name="0% Transparent Very Light Aqua">ffcaffff</color>
	<color name="0% Transparent Light Aqua">ffccfff6</color>		
	<color name="0% Transparent Very Light Aqua">ffcbfeeb</color>
	<color name="0% Transparent Light Green">ffccffe0</color>
	<color name="0% Transparent Very Light Green">ffccffd6</color>
	<color name="0% Transparent Soft Green">ffcdffcc</color>
	<color name="0% Transparent Very Light Lime">ffd7ffcb</color>
	<color name="0% Transparent Light Lime">ffe1ffcd</color>
	<color name="0% Transparent Soft Lime">ffebffcc</color>
	<color name="0% Transparent Very Light Yellow">fff5ffcb</color>
	<color name="0% Transparent Light White">ffefefef</color>
	<color name="0% Transparent Very Light Yellow">fffeffb3</color>
	<color name="0% Transparent Light Yellow">fffff1b2</color>
	<color name="0% Transparent Soft Yellow">ffffe0b2</color>
	<color name="0% Transparent Very Light Peach">fffdd2b2</color>
	<color name="0% Transparent Light Peach">ffffc2b3</color>
	<color name="0% Transparent Soft Peach">ffffb3b3</color>
	<color name="0% Transparent Very Light Pink">ffffb2c2</color>
	<color name="0% Transparent Light Pink">ffffb3d1</color>
	<color name="0% Transparent Soft Pink">ffffb3e1</color>
	<color name="0% Transparent Very Light Lavender">ffffb2f4</color>
	<color name="0% Transparent Light Lavender">ffffb3fe</color>
	<color name="0% Transparent Soft Lavender">fff0b3ff</color>
	<color name="0% Transparent Very Light Purple">ffe1b2ff</color>
	<color name="0% Transparent Light Purple">ffd2b3ff</color>
	<color name="0% Transparent Soft Purple">ffc1b3fe</color>
	<color name="0% Transparent Very Light Indigo">ffb4b3ff</color>
	<color name="0% Transparent Light Indigo">ffb3c1fe</color>
	<color name="0% Transparent Soft Indigo">ffb2d1ff</color>
	<color name="0% Transparent Very Light Blue">ffb3e0ff</color>
	<color name="0% Transparent Light Blue">ffb2f0ff</color>
	<color name="0% Transparent Soft Cyan">ffb3ffff</color>
	<color name="0% Transparent Very Light Aqua">ffb3fff0</color>
	<color name="0% Transparent Light Aqua">ffb4ffe0</color>
	<color name="0% Transparent Soft Aqua">ffb3ffd1</color>		
	<color name="0% Transparent Light Lime">ffb3ffb4</color>
	<color name="0% Transparent Very Light Lime">ffc2ffb2</color>
	<color name="0% Transparent Soft Lime">ffd1ffb4</color>
	<color name="0% Transparent Light Lime">ffe0ffb3</color>
	<color name="0% Transparent Very Light Yellow Lime">fff1ffb4</color>
	<color name="0% Transparent Light Gray">ffe0e0e0</color>
	<color name="0% Transparent Very Light Yellow">fffeff99</color>
	<color name="0% Transparent Light Peach">ffffeb9a</color>
	<color name="0% Transparent Soft Peach">fffed699</color>
	<color name="0% Transparent Light Salmon Peach">ffffc299</color>
	<color name="0% Transparent Very Light Salmon Peach">ffffad98</color>
	<color name="0% Transparent Light Pink Peach">ffff9899</color>
	<color name="0% Transparent Soft Pink">ffff99ae</color>
	<color name="0% Transparent Light Lavender Pink">ffff99c1</color>
	<color name="0% Transparent Soft Lavender Pink">fffe99d5</color>
	<color name="0% Transparent Light Purple Pink">ffff99ec</color>
	<color name="0% Transparent Soft Purple Pink">ffff99ff</color>
	<color name="0% Transparent Very Light Purple">ffeb99ff</color>
	<color name="0% Transparent Light Purple">ffd699ff</color>
	<color name="0% Transparent Soft Purple">ffc299ff</color>
	<color name="0% Transparent Light Indigo">ffae99ff</color>
	<color name="0% Transparent Soft Indigo">ff9a99ff</color>
	<color name="0% Transparent Very Light Blue">ff98adfe</color>
	<color name="0% Transparent Light Blue">ff9ac2ff</color>
	<color name="0% Transparent Soft Blue">ff98d6ff</color>
	<color name="0% Transparent Very Light Cyan">ff99ebff</color>
	<color name="0% Transparent Light Cyan">ff99ffff</color>		
	<color name="0% Transparent Light Aqua">ff99ffea</color>
	<color name="0% Transparent Very Light Aqua">ff99ffd7</color>
	<color name="0% Transparent Soft Aqua">ff9affc3</color>
	<color name="0% Transparent Light Lime">ff99ffac</color>
	<color name="0% Transparent Very Light Lime">ff99ff99</color>
	<color name="0% Transparent Soft Lime">ffadff99</color>
	<color name="0% Transparent Very Light Yellow Lime">ffc2ff98</color>
	<color name="0% Transparent Light Yellow Lime">ffd6ff99</color>
	<color name="0% Transparent Soft Yellow Lime">ffeaff98</color>
	<color name="0% Transparent Light Gray">ffd0d0d0</color>
	<color name="0% Transparent Very Light Yellow">ffffff80</color>
	<color name="0% Transparent Light Peach">ffffe681</color>
	<color name="0% Transparent Soft Peach">ffffcc80</color>
	<color name="0% Transparent Light Salmon Peach">ffffb381</color>
	<color name="0% Transparent Very Light Salmon Peach">ffff9980</color>
	<color name="0% Transparent Light Pink">fffe8081</color>
	<color name="0% Transparent Soft Pink">ffff8199</color>
	<color name="0% Transparent Light Lavender">ffff80b3</color>
	<color name="0% Transparent Soft Lavender">ffff80cd</color>
	<color name="0% Transparent Light Purple">ffff80e7</color>
	<color name="0% Transparent Soft Purple">fffc81fe</color>
	<color name="0% Transparent Very Light Purple">ffe680ff</color>
	<color name="0% Transparent Light Purple">ffcc7fff</color>
	<color name="0% Transparent Soft Purple">ffb380ff</color>
	<color name="0% Transparent Very Light Indigo">ff9980ff</color>
	<color name="0% Transparent Light Indigo">ff807ffe</color>
	<color name="0% Transparent Soft Indigo">ff8099fe</color>		
	<color name="0% Transparent Light Purple">ff7fb3ff</color>
	<color name="0% Transparent Very Light Blue">ff80ccfe</color>
	<color name="0% Transparent Soft Blue">ff80e6ff</color>
	<color name="0% Transparent Light Cyan">ff7ffffe</color>
	<color name="0% Transparent Very Light Aqua">ff7ffee0</color>
	<color name="0% Transparent Soft Aqua">ff80ffcc</color>
	<color name="0% Transparent Light Lime">ff80ffb2</color>
	<color name="0% Transparent Very Light Lime">ff80ff98</color>
	<color name="0% Transparent Soft Lime">ff81ff81</color>
	<color name="0% Transparent Light Lime">ff99ff80</color>
	<color name="0% Transparent Very Light Yellow Lime">ffb3ff80</color>
	<color name="0% Transparent Soft Yellow Lime">ffccff80</color>
	<color name="0% Transparent Light Yellow">ffe6ff80</color>
	<color name="0% Transparent Light Gray">ffc0c0c0</color>
	<color name="0% Transparent Very Light Yellow">ffffff6b</color>
	<color name="0% Transparent Light Peach">fffee066</color>
	<color name="0% Transparent Soft Peach">ffffc267</color>
	<color name="0% Transparent Light Salmon Peach">ffffa366</color>
	<color name="0% Transparent Very Light Salmon Peach">ffff8566</color>
	<color name="0% Transparent Light Pink Peach">ffff6766</color>
	<color name="0% Transparent Soft Pink">ffff6685</color>
	<color name="0% Transparent Light Lavender Pink">ffff66a4</color>
	<color name="0% Transparent Soft Lavender Pink">ffff66c1</color>
	<color name="0% Transparent Light Purple Pink">ffff66e0</color>
	<color name="0% Transparent Soft Purple Pink">ffff66ff</color>
	<color name="0% Transparent Very Light Purple">ffe166ff</color>
	<color name="0% Transparent Light Purple">ffc366ff</color>
	<color name="0% Transparent Soft Purple">ffa366ff</color>
	<color name="0% Transparent Very Light Indigo">ff8566ff</color>
	<color name="0% Transparent Light Indigo">ff6665fe</color>
	<color name="0% Transparent Soft Indigo">ff6785ff</color>
	<color name="0% Transparent Very Light Blue">ff66a3fe</color>
	<color name="0% Transparent Light Blue">ff65c2ff</color>
	<color name="0% Transparent Soft Blue">ff65e0ff</color>		
	<color name="0% Transparent Light Cyan">ff65ffff</color>
	<color name="0% Transparent Very Light Aqua">ff66ffe0</color>
	<color name="0% Transparent Soft Aqua">ff65ffc1</color>
	<color name="0% Transparent Light Lime">ff66ffa4</color>
	<color name="0% Transparent Very Light Lime">ff65ff85</color>
	<color name="0% Transparent Soft Lime">ff66ff66</color>
	<color name="0% Transparent Light Yellow Lime">ff84ff66</color>
	<color name="0% Transparent Soft Yellow Lime">ffa2ff66</color>
	<color name="0% Transparent Very Light Yellow">ffc2ff66</color>
	<color name="0% Transparent Light Yellow">ffe0ff66</color>
	<color name="0% Transparent Gray">ffafafaf</color>
	<color name="0% Transparent Very Light Yellow">ffffff4d</color>
	<color name="0% Transparent Light Peach">ffffdb4e</color>
	<color name="0% Transparent Soft Peach">ffffb84e</color>
	<color name="0% Transparent Light Salmon Peach">ffff944c</color>
	<color name="0% Transparent Very Light Salmon Peach">ffff714d</color>
	<color name="0% Transparent Light Pink">ffff4d4d</color>
	<color name="0% Transparent Soft Pink">ffff4d6f</color>
	<color name="0% Transparent Light Lavender">fffe4d93</color>
	<color name="0% Transparent Soft Lavender">fffe4db7</color>
	<color name="0% Transparent Light Purple">fffe4ddb</color>
	<color name="0% Transparent Soft Purple">ffff4dff</color>
	<color name="0% Transparent Very Light Purple">ffdc4dff</color>
	<color name="0% Transparent Light Purple">ffb84dff</color>
	<color name="0% Transparent Soft Purple">ff944eff</color>
	<color name="0% Transparent Very Light Indigo">ff704dff</color>
	<color name="0% Transparent Light Indigo">ff4d4cff</color>
	<color name="0% Transparent Soft Indigo">ff4d70fe</color>
	<color name="0% Transparent Very Light Blue">ff4d94fe</color>
	<color name="0% Transparent Light Blue">ff4db8ff</color>
	<color name="0% Transparent Soft Cyan">ff4ddbff</color>
	<color name="0% Transparent Very Light Aqua">ff4dffff</color>
	<color name="0% Transparent Light Aqua">ff4dffdb</color>
	<color name="0% Transparent Soft Aqua">ff4effb9</color>		
	<color name="0% Transparent Soft Aqua">ff4eff95</color>
	<color name="0% Transparent Light Aqua">ff4dfe70</color>
	<color name="0% Transparent Very Light Lime">ff4cff4c</color>
	<color name="0% Transparent Soft Lime">ff70ff4d</color>
	<color name="0% Transparent Light Lime">ff94ff4d</color>
	<color name="0% Transparent Very Light Yellow Lime">ffb8fe4d</color>
	<color name="0% Transparent Soft Yellow Lime">ffdaff4d</color>
	<color name="0% Transparent Gray">ff8c8c8c</color>
	<color name="0% Transparent Very Light Yellow">ffffff33</color>
	<color name="0% Transparent Light Peach">ffffd634</color>
	<color name="0% Transparent Soft Peach">ffffad33</color>
	<color name="0% Transparent Light Salmon Peach">ffff8532</color>
	<color name="0% Transparent Very Light Salmon Peach">ffff5c33</color>
	<color name="0% Transparent Light Pink Peach">ffff3334</color>
	<color name="0% Transparent Soft Pink">ffff335c</color>
	<color name="0% Transparent Light Lavender">ffff3287</color>
	<color name="0% Transparent Soft Lavender">ffff33ae</color>
	<color name="0% Transparent Light Purple">ffff33d6</color>
	<color name="0% Transparent Soft Purple">fffe33ff</color>
	<color name="0% Transparent Very Light Purple">ffd633fe</color>
	<color name="0% Transparent Light Purple">ffad34ff</color>
	<color name="0% Transparent Soft Purple">ff8534ff</color>
	<color name="0% Transparent Very Light Indigo">ff5d33ff</color>
	<color name="0% Transparent Light Indigo">ff3233ff</color>
	<color name="0% Transparent Soft Indigo">ff325cfe</color>
	<color name="0% Transparent Very Light Blue">ff3285ff</color>
	<color name="0% Transparent Light Blue">ff33adff</color>
	<color name="0% Transparent Soft Cyan">ff33d6ff</color>
	<color name="0% Transparent Very Light Aqua">ff33fffe</color>
	<color name="0% Transparent Light Aqua">ff32ffd6</color>		
	<color name="0% Transparent Soft Aqua">ff34ffad</color>
	<color name="0% Transparent Light Aqua">ff33ff84</color>
	<color name="0% Transparent Very Light Aqua">ff32ff5c</color>
	<color name="0% Transparent Soft Lime">ff34ff33</color>
	<color name="0% Transparent Light Lime">ff5cff34</color>
	<color name="0% Transparent Very Light Lime">ff85fe33</color>
	<color name="0% Transparent Soft Yellow Lime">ffadfe33</color>
	<color name="0% Transparent Light Yellow Lime">ffd5ff33</color>
	<color name="0% Transparent Gray">ff7c7c7c</color>
	<color name="0% Transparent Very Light Yellow">ffffff19</color>
	<color name="0% Transparent Light Peach">ffffd119</color>
	<color name="0% Transparent Soft Peach">ffffa418</color>
	<color name="0% Transparent Light Salmon Peach">ffff751a</color>
	<color name="0% Transparent Very Light Salmon Peach">ffff4719</color>
	<color name="0% Transparent Light Pink Peach">ffff1919</color>
	<color name="0% Transparent Soft Pink">ffff1947</color>
	<color name="0% Transparent Light Lavender">ffff1874</color>
	<color name="0% Transparent Soft Lavender">ffff19a3</color>
	<color name="0% Transparent Light Purple">ffff19d1</color>
	<color name="0% Transparent Soft Purple">ffff19ff</color>
	<color name="0% Transparent Very Light Purple">ffd019ff</color>
	<color name="0% Transparent Light Purple">ffa219ff</color>
	<color name="0% Transparent Soft Purple">ff751afe</color>
	<color name="0% Transparent Very Light Indigo">ff4719ff</color>
	<color name="0% Transparent Light Indigo">ff1819ff</color>
	<color name="0% Transparent Soft Indigo">ff1947ff</color>
	<color name="0% Transparent Very Light Blue">ff1974ff</color>
	<color name="0% Transparent Light Blue">ff19a3fe</color>		
	<color name="0% Transparent Light Aqua">ff18d1ff</color>
	<color name="0% Transparent Very Light Cyan">ff19ffff</color>
	<color name="0% Transparent Soft Cyan">ff19ffd1</color>
	<color name="0% Transparent Light Lime">ff19ffa4</color>
	<color name="0% Transparent Very Light Lime">ff18ff75</color>
	<color name="0% Transparent Soft Lime">ff19ff47</color>
	<color name="0% Transparent Light Lime">ff19ff19</color>
	<color name="0% Transparent Very Light Yellow Lime">ff48ff19</color>
	<color name="0% Transparent Soft Yellow Lime">ff76ff19</color>
	<color name="0% Transparent Light Yellow Lime">ffa3fe1a</color>
	<color name="0% Transparent Soft Yellow">ffd1ff19</color>
	<color name="0% Transparent Gray">ff6b6b6b</color>
	<color name="0% Transparent Very Light Yellow">ffffff00</color>
	<color name="0% Transparent Light Peach">ffffcc00</color>
	<color name="0% Transparent Soft Peach">fffe9900</color>
	<color name="0% Transparent Light Salmon Peach">ffff6600</color>
	<color name="0% Transparent Very Light Salmon Peach">ffff3300</color>
	<color name="0% Transparent Light Pink Peach">fffe0000</color>
	<color name="0% Transparent Soft Pink">fffe0032</color>
	<color name="0% Transparent Light Lavender">ffff0066</color>
	<color name="0% Transparent Soft Lavender">ffff0198</color>
	<color name="0% Transparent Light Purple">ffff00cc</color>
	<color name="0% Transparent Soft Purple">ffff00fe</color>
	<color name="0% Transparent Very Light Purple">ffcc00ff</color>
	<color name="0% Transparent Light Purple">ff9a00ff</color>
	<color name="0% Transparent Soft Purple">ff6601ff</color>
	<color name="0% Transparent Very Light Indigo">ff3300ff</color>
	<color name="0% Transparent Light Indigo">ff0000fe</color>
	<color name="0% Transparent Soft Indigo">ff0033ff</color>
	<color name="0% Transparent Very Light Blue">ff0166ff</color>
	<color name="0% Transparent Light Blue">ff0097fe</color>
	<color name="0% Transparent Soft Blue">ff00ccff</color>
	<color name="0% Transparent Very Light Cyan">ff00ffff</color>		
	<color name="0% Transparent Soft Aqua">ff01ffcd</color>
	<color name="0% Transparent Light Aqua">ff00ff99</color>
	<color name="0% Transparent Very Light Aqua">ff00fe67</color>
	<color name="0% Transparent Soft Lime">ff00ff33</color>
	<color name="0% Transparent Light Lime">ff00ff01</color>
	<color name="0% Transparent Very Light Lime">ff33ff00</color>
	<color name="0% Transparent Soft Yellow Lime">ff65ff00</color>
	<color name="0% Transparent Light Yellow Lime">ff99fe00</color>
	<color name="0% Transparent Very Light Yellow">ffccff00</color>
	<color name="0% Transparent Gray">ff5d5d5d</color>
	<color name="0% Transparent Light Peach">ffe8e500</color>
	<color name="0% Transparent Soft Peach">ffe6b800</color>
	<color name="0% Transparent Light Salmon Peach">ffe68b00</color>
	<color name="0% Transparent Very Light Salmon Peach">ffe65c01</color>
	<color name="0% Transparent Light Pink Peach">ffe72e00</color>
	<color name="0% Transparent Soft Pink">ffe60000</color>
	<color name="0% Transparent Light Lavender">ffe6002e</color>
	<color name="0% Transparent Soft Lavender">ffe6005b</color>
	<color name="0% Transparent Light Purple">ffe80183</color>
	<color name="0% Transparent Soft Purple">ffe600b8</color>
	<color name="0% Transparent Very Light Purple">ffe600e6</color>
	<color name="0% Transparent Light Purple">ffb700e6</color>
	<color name="0% Transparent Soft Purple">ff8900e6</color>
	<color name="0% Transparent Very Light Indigo">ff5c01e5</color>
	<color name="0% Transparent Light Indigo">ff2e00e6</color>
	<color name="0% Transparent Soft Indigo">ff0000e6</color>
	<color name="0% Transparent Very Light Blue">ff012ee1</color>
	<color name="0% Transparent Light Blue">ff005be7</color>
	<color name="0% Transparent Soft Blue">ff008ae5</color>
	<color name="0% Transparent Very Light Cyan">ff00b8e6</color>
	<color name="0% Transparent Light Cyan">ff00e6e6</color>
	<color name="0% Transparent Soft Aqua">ff00e6b7</color>
	<color name="0% Transparent Light Aqua">ff00e78b</color>
	<color name="0% Transparent Very Light Lime">ff00e65f</color>
	<color name="0% Transparent Soft Lime">ff00e532</color>
	<color name="0% Transparent Light Lime">ff00e600</color>
	<color name="0% Transparent Very Light Yellow Lime">ff2fe600</color>
	<color name="0% Transparent Soft Yellow Lime">ff5de600</color>
	<color name="0% Transparent Light Yellow Lime">ff8ae501</color>
	<color name="0% Transparent Soft Yellow Lime">ffb8e600</color>
	<color name="0% Transparent Gray">ff4f4f4f</color>
	<color name="0% Transparent Light Peach">ffcdcc00</color>
	<color name="0% Transparent Soft Peach">ffcda301</color>
	<color name="0% Transparent Light Salmon Peach">ffca7b02</color>
	<color name="0% Transparent Very Light Salmon Peach">ffcc5200</color>
	<color name="0% Transparent Light Pink Peach">ffcc2900</color>
	<color name="0% Transparent Soft Pink">ffcc0001</color>
	<color name="0% Transparent Light Lavender">ffcd0029</color>
	<color name="0% Transparent Soft Lavender">ffce0052</color>
	<color name="0% Transparent Light Purple">ffcc007b</color>
	<color name="0% Transparent Soft Purple">ffcd00a3</color>
	<color name="0% Transparent Very Light Purple">ffcb00cc</color>
	<color name="0% Transparent Light Purple">ffa300cb</color>
	<color name="0% Transparent Soft Purple">ff7a01cc</color>
	<color name="0% Transparent Very Light Indigo">ff5201cc</color>		
	<color name="0% Transparent Very Light Indigo">ff2a00d0</color>
	<color name="0% Transparent Light Indigo">ff0000cc</color>
	<color name="0% Transparent Soft Indigo">ff0029cb</color>
	<color name="0% Transparent Very Light Blue">ff0052cc</color>
	<color name="0% Transparent Light Blue">ff007acd</color>
	<color name="0% Transparent Soft Blue">ff00a3cc</color>
	<color name="0% Transparent Very Light Cyan">ff00cccb</color>
	<color name="0% Transparent Light Cyan">ff00cca3</color>
	<color name="0% Transparent Soft Aqua">ff01cc7a</color>
	<color name="0% Transparent Very Light Lime">ff03cb51</color>
	<color name="0% Transparent Light Lime">ff00cc29</color>
	<color name="0% Transparent Soft Lime">ff01cc00</color>
	<color name="0% Transparent Very Light Yellow Lime">ff29cc01</color>
	<color name="0% Transparent Light Yellow Lime">ff52cb00</color>
	<color name="0% Transparent Soft Yellow Lime">ff7acb00</color>
	<color name="0% Transparent Very Light Yellow">ffa2cc00</color>
	<color name="0% Transparent Gray">ff434343</color>
	<color name="0% Transparent Light Peach">ffb4b300</color>
	<color name="0% Transparent Soft Peach">ffb38e00</color>
	<color name="0% Transparent Light Salmon Peach">ffb36b00</color>
	<color name="0% Transparent Very Light Salmon Peach">ffb34700</color>
	<color name="0% Transparent Light Pink Peach">ffb32501</color>
	<color name="0% Transparent Soft Pink">ffb30101</color>
	<color name="0% Transparent Light Lavender">ffb40025</color>
	<color name="0% Transparent Soft Lavender">ffb40047</color>
	<color name="0% Transparent Light Purple">ffb4006b</color>
	<color name="0% Transparent Soft Purple">ffb5008b</color>
	<color name="0% Transparent Very Light Purple">ffb300b3</color>		
	<color name="0% Transparent Light Purple">ff8f00b2</color>
	<color name="0% Transparent Very Light Indigo">ff6b00b2</color>
	<color name="0% Transparent Soft Indigo">ff4700b4</color>
	<color name="0% Transparent Very Light Blue">ff2300b2</color>
	<color name="0% Transparent Light Blue">ff0000b2</color>
	<color name="0% Transparent Soft Blue">ff0025b4</color>
	<color name="0% Transparent Very Light Cyan">ff0047b3</color>
	<color name="0% Transparent Light Cyan">ff006bb3</color>
	<color name="0% Transparent Soft Aqua">ff008eb2</color>
	<color name="0% Transparent Very Light Lime">ff00b3b2</color>
	<color name="0% Transparent Light Lime">ff00b38e</color>
	<color name="0% Transparent Soft Lime">ff00b36c</color>
	<color name="0% Transparent Very Light Yellow Lime">ff00b346</color>
	<color name="0% Transparent Light Yellow Lime">ff00b324</color>
	<color name="0% Transparent Soft Yellow Lime">ff00b300</color>
	<color name="0% Transparent Very Light Yellow Lime">ff24b301</color>
	<color name="0% Transparent Light Yellow Lime">ff47b200</color>
	<color name="0% Transparent Soft Yellow Lime">ff6cb201</color>
	<color name="0% Transparent Light Yellow Lime">ff90b301</color>
	<color name="0% Transparent Gray">ff373737</color>
	<color name="0% Transparent Light Peach">ff999a00</color>
	<color name="0% Transparent Soft Peach">ff987a00</color>
	<color name="0% Transparent Light Salmon Peach">ff995c01</color>
	<color name="0% Transparent Very Light Salmon Peach">ff9a3d00</color>
	<color name="0% Transparent Light Pink Peach">ff9a1f00</color>
	<color name="0% Transparent Soft Pink">ff990100</color>
	<color name="0% Transparent Light Lavender">ff99001f</color>
	<color name="0% Transparent Soft Lavender">ff9a003e</color>
	<color name="0% Transparent Light Purple">ff99005b</color>
	<color name="0% Transparent Soft Purple">ff9a007a</color>
	<color name="0% Transparent Very Light Purple">ff990099</color>
	<color name="0% Transparent Light Purple">ff7b0099</color>
	<color name="0% Transparent Soft Purple">ff5d0099</color>
	<color name="0% Transparent Very Light Indigo">ff3d0099</color>
	<color name="0% Transparent Light Indigo">ff1f0099</color>
	<color name="0% Transparent Soft Indigo">ff000098</color>
	<color name="0% Transparent Very Light Blue">ff011f99</color>		
	<color name="0% Transparent Soft Indigo">ff003d98</color>
	<color name="0% Transparent Very Light Blue">ff005c99</color>
	<color name="0% Transparent Light Blue">ff007a99</color>
	<color name="0% Transparent Soft Blue">ff009999</color>
	<color name="0% Transparent Very Light Cyan">ff00997a</color>
	<color name="0% Transparent Light Cyan">ff00995b</color>
	<color name="0% Transparent Soft Aqua">ff00993e</color>
	<color name="0% Transparent Very Light Lime">ff00991f</color>
	<color name="0% Transparent Light Lime">ff009900</color>
	<color name="0% Transparent Soft Lime">ff1e9900</color>
	<color name="0% Transparent Very Light Yellow Lime">ff3c9900</color>
	<color name="0% Transparent Light Yellow Lime">ff5c9900</color>
	<color name="0% Transparent Soft Yellow Lime">ff7a9900</color>
	<color name="0% Transparent Gray">ff2e2e2e</color>
	<color name="0% Transparent Light Peach">ff7f8000</color>
	<color name="0% Transparent Soft Peach">ff7f6601</color>
	<color name="0% Transparent Light Salmon Peach">ff804c00</color>
	<color name="0% Transparent Very Light Salmon Peach">ff803201</color>
	<color name="0% Transparent Light Pink Peach">ff801a01</color>
	<color name="0% Transparent Soft Pink">ff800000</color>
	<color name="0% Transparent Light Lavender">ff800019</color>
	<color name="0% Transparent Soft Lavender">ff800033</color>
	<color name="0% Transparent Light Purple">ff80004b</color>
	<color name="0% Transparent Soft Purple">ff810065</color>
	<color name="0% Transparent Very Light Purple">ff81007f</color>
	<color name="0% Transparent Light Purple">ff660080</color>
	<color name="0% Transparent Soft Purple">ff4c007f</color>
	<color name="0% Transparent Very Light Indigo">ff33007f</color>
	<color name="0% Transparent Light Indigo">ff1a0080</color>
	<color name="0% Transparent Soft Indigo">ff010080</color>
	<color name="0% Transparent Very Light Blue">ff011a7f</color>
	<color name="0% Transparent Light Blue">ff003480</color>
	<color name="0% Transparent Soft Blue">ff004c80</color>
	<color name="0% Transparent Very Light Cyan">ff00667f</color>
	<color name="0% Transparent Light Cyan">ff008081</color>
	<color name="0% Transparent Soft Aqua">ff008067</color>
	<color name="0% Transparent Very Light Lime">ff037f4b</color>		
	<color name="0% Transparent Soft Aqua">ff008033</color>
	<color name="0% Transparent Light Aqua">ff00801b</color>
	<color name="0% Transparent Very Light Lime">ff008001</color>
	<color name="0% Transparent Soft Lime">ff1a8000</color>
	<color name="0% Transparent Light Lime">ff338000</color>
	<color name="0% Transparent Very Light Yellow Lime">ff4c8001</color>
	<color name="0% Transparent Soft Yellow Lime">ff668100</color>
	<color name="0% Transparent Gray">ff242424</color>
	<color name="0% Transparent Light Peach">ff656600</color>
	<color name="0% Transparent Soft Peach">ff675201</color>
	<color name="0% Transparent Light Salmon Peach">ff653d00</color>
	<color name="0% Transparent Very Light Salmon Peach">ff672900</color>
	<color name="0% Transparent Light Pink Peach">ff661400</color>
	<color name="0% Transparent Soft Pink">ff660000</color>
	<color name="0% Transparent Light Lavender">ff660015</color>
	<color name="0% Transparent Soft Lavender">ff660028</color>
	<color name="0% Transparent Light Purple">ff65003c</color>
	<color name="0% Transparent Soft Purple">ff660053</color>
	<color name="0% Transparent Very Light Purple">ff660066</color>
	<color name="0% Transparent Light Purple">ff550069</color>
	<color name="0% Transparent Soft Purple">ff3d0067</color>
	<color name="0% Transparent Very Light Indigo">ff290066</color>
	<color name="0% Transparent Light Indigo">ff150067</color>
	<color name="0% Transparent Soft Indigo">ff010066</color>
	<color name="0% Transparent Very Light Blue">ff001465</color>
	<color name="0% Transparent Light Blue">ff012966</color>
	<color name="0% Transparent Soft Blue">ff003d66</color>
	<color name="0% Transparent Very Light Cyan">ff005267</color>
	<color name="0% Transparent Light Cyan">ff006766</color>
	<color name="0% Transparent Soft Aqua">ff006651</color>
	<color name="0% Transparent Very Light Lime">ff00663e</color>
	<color name="0% Transparent Soft Lime">ff01662a</color>
	<color name="0% Transparent Light Lime">ff006613</color>
	<color name="0% Transparent Very Light Lime">ff006600</color>
	<color name="0% Transparent Soft Lime">ff146600</color>
	<color name="0% Transparent Light Yellow Lime">ff296600</color>		
	<color name="0% Transparent Soft Lime">ff3d6600</color>
	<color name="0% Transparent Very Light Yellow Lime">ff516600</color>
	<color name="0% Transparent Gray">ff181818</color>
	<color name="0% Transparent Light Peach">ff4b4c00</color>
	<color name="0% Transparent Soft Peach">ff4c3e01</color>
	<color name="0% Transparent Light Salmon Peach">ff4d2e00</color>
	<color name="0% Transparent Very Light Salmon Peach">ff4c1f00</color>
	<color name="0% Transparent Light Pink Peach">ff4d0f00</color>
	<color name="0% Transparent Soft Pink">ff4c0000</color>
	<color name="0% Transparent Light Lavender">ff4c000f</color>
	<color name="0% Transparent Soft Lavender">ff4b001f</color>
	<color name="0% Transparent Light Purple">ff4c002e</color>
	<color name="0% Transparent Soft Purple">ff4c003e</color>
	<color name="0% Transparent Very Light Purple">ff4c004b</color>
	<color name="0% Transparent Light Purple">ff3d004d</color>
	<color name="0% Transparent Soft Purple">ff2e004b</color>
	<color name="0% Transparent Very Light Indigo">ff1f004c</color>
	<color name="0% Transparent Light Indigo">ff0e004b</color>
	<color name="0% Transparent Soft Indigo">ff01004c</color>
	<color name="0% Transparent Very Light Blue">ff000e4b</color>
	<color name="0% Transparent Light Blue">ff001f4d</color>
	<color name="0% Transparent Soft Blue">ff012e4d</color>
	<color name="0% Transparent Very Light Cyan">ff003d4c</color>
	<color name="0% Transparent Light Cyan">ff004c4c</color>
	<color name="0% Transparent Soft Aqua">ff004d3d</color>
	<color name="0% Transparent Very Light Lime">ff004c2e</color>
	<color name="0% Transparent Soft Lime">ff004c1e</color>
	<color name="0% Transparent Light Lime">ff004c0e</color>
	<color name="0% Transparent Soft Lime">ff004c01</color>
	<color name="0% Transparent Very Light Yellow Lime">ff0f4c00</color>
	<color name="0% Transparent Soft Yellow Lime">ff204c01</color>
	<color name="0% Transparent Light Yellow Lime">ff2d4c00</color>
	<color name="0% Transparent Soft Yellow Lime">ff3e4c01</color>
	<color name="0% Transparent Black">ff000000</color>
</colors>