<?xml version='1.0' encoding='UTF-8'?>
<shortcuts>
	<shortcut>
		<defaultID>movies</defaultID>
		<label>342</label>
		<label2/>
		<icon>special://skin/extras/icons/movies.png</icon>
		<thumb/>
		<action>ActivateWindow(videos,videodb://movies/titles/)</action>
	</shortcut>
	<shortcut>
		<defaultID>tvshows</defaultID>
		<label>20343</label>
		<label2/>
		<icon>special://skin/extras/icons/tvshows.png</icon>
		<thumb/>
		<action>ActivateWindow(videos,videodb://tvshows/titles/)</action>
	</shortcut>
	<shortcut>
		<defaultID>music</defaultID>
		<label>2</label>
		<label2/>
		<icon>special://skin/extras/icons/music.png</icon>
		<thumb/>
		<action>ActivateWindow(music,musicdb://artists/)</action>
	</shortcut>
	<shortcut>
		<defaultID>musicvideos</defaultID>
		<label>20389</label>
		<label2/>
		<icon>special://skin/extras/icons/musicvideos.png</icon>
		<thumb/>
		<action>ActivateWindow(videos,videodb://musicvideos/titles/)</action>
	</shortcut>
	<shortcut>
		<defaultID>tv</defaultID>
		<label>19020</label>
		<label2/>
		<icon>special://skin/extras/icons/tv.png</icon>
		<thumb/>
		<action>ActivateWindow(tvchannels,return)</action>
	</shortcut>
	<shortcut>
		<defaultID>games</defaultID>
		<label>15016</label>
		<label2/>
		<icon>special://skin/extras/icons/games.png</icon>
		<thumb/>
		<action>ActivateWindow(games)</action>
	</shortcut>
	<shortcut>
		<defaultID>addons</defaultID>
		<label>24001</label>
		<label2/>
		<icon>special://skin/extras/icons/addons.png</icon>
		<thumb/>
		<action>ActivateWindow(addonbrowser,return)</action>
	</shortcut>
	<shortcut>
		<defaultID>search</defaultID>
		<label>137</label>
		<label2/>
		<icon>special://skin/extras/icons/search.png</icon>
		<thumb/>
		<action>ActivateWindow(1112)</action>
	</shortcut>
	<shortcut>
		<defaultID>favourites</defaultID>
		<label>1036</label>
		<label2/>
		<icon>special://skin/extras/icons/favourites.png</icon>
		<thumb/>
		<action>ActivateWindow(favouritesbrowser)</action>
	</shortcut>
</shortcuts>
