<?xml version="1.0" encoding="UTF-8"?>
<window>
	<defaultcontrol>300</defaultcontrol>
	<include>AnimationDialogPopupWindow</include>
	<controls>
		<control type="button" id="310">
			<include>HiddenObject</include>
		</control>
		<control type="group">
			<visible>!Window.IsVisible(numericinput)</visible>
			<include>AnimationDialogPopupVisible</include>
			<include content="DialogBackground">
				<param name="width" value="1160"/>
				<param name="height" value="565"/>
				<param name="diffusetexture">diffuse/rounded10-1120x525.png</param>
			</include>
			<control type="label" id="311">
				<top>19</top>
				<left>35</left>
				<right>35</right>
				<height>70</height>
				<scroll>true</scroll>
				<align>center</align>
				<font>Font33_Bold</font>
				<textcolor>$VAR[PanelHighlightColorVar]</textcolor>
			</control>
			<control type="label">
				<visible>String.IsEmpty(Control.GetLabel(311))</visible>
				<top>19</top>
				<left>60</left>
				<right>60</right>
				<height>70</height>
				<align>center</align>
				<font>Font33_Bold</font>
				<label>$LOCALIZE[10103]</label>
				<textcolor>$VAR[PanelHighlightColorVar]</textcolor>
			</control>
			<control type="image">
				<bottom>84</bottom>
				<include>DialogHorizontalSeparator</include>
			</control>
			<control type="group">
				<top>95</top>
				<left>25</left>
				<!-- Row 1 -->
				<control type="grouplist" id="511">
					<orientation>horizontal</orientation>
					<itemgap>-5</itemgap>
					<control type="button" id="309">
						<description>Layout</description>
						<width>210</width>
						<onup condition="!Integer.IsGreater(Container(8010).NumItems,0)">312</onup>
						<onup condition="Integer.IsGreater(Container(8010).NumItems,0)">8010</onup>
						<ondown>307</ondown>
						<font>Font25_Cond</font>
						<include>DialogKeyboardButton</include>
					</control>
					<control type="button" id="100">
						<description>(0,0) key button</description>
						<onup condition="!Integer.IsGreater(Container(8010).NumItems,0)">312</onup>
						<onup condition="Integer.IsGreater(Container(8010).NumItems,0)">8010</onup>
						<ondown>120</ondown>
						<include>DialogKeyboardButton</include>
					</control>
					<control type="button" id="101">
						<description>(0,1) key button</description>
						<onup condition="!Integer.IsGreater(Container(8010).NumItems,0)">312</onup>
						<onup condition="Integer.IsGreater(Container(8010).NumItems,0)">8010</onup>
						<ondown>121</ondown>
						<include>DialogKeyboardButton</include>
					</control>
					<control type="button" id="102">
						<description>(0,2) key button</description>
						<onup condition="!Integer.IsGreater(Container(8010).NumItems,0)">312</onup>
						<onup condition="Integer.IsGreater(Container(8010).NumItems,0)">8010</onup>
						<ondown>122</ondown>
						<include>DialogKeyboardButton</include>
					</control>
					<control type="button" id="103">
						<description>(0,3) key button</description>
						<onup condition="!Integer.IsGreater(Container(8010).NumItems,0)">312</onup>
						<onup condition="Integer.IsGreater(Container(8010).NumItems,0)">8010</onup>
						<ondown>123</ondown>
						<include>DialogKeyboardButton</include>
					</control>
					<control type="button" id="104">
						<description>(0,4) key button</description>
						<onup condition="!Integer.IsGreater(Container(8010).NumItems,0)">312</onup>
						<onup condition="Integer.IsGreater(Container(8010).NumItems,0)">8010</onup>
						<ondown>124</ondown>
						<include>DialogKeyboardButton</include>
					</control>
					<control type="button" id="105">
						<description>(0,5) key button</description>
						<onup condition="!Integer.IsGreater(Container(8010).NumItems,0)">312</onup>
						<onup condition="Integer.IsGreater(Container(8010).NumItems,0)">8010</onup>
						<ondown>125</ondown>
						<include>DialogKeyboardButton</include>
					</control>
					<control type="button" id="106">
						<description>(0,6) key button</description>
						<onup condition="!Integer.IsGreater(Container(8010).NumItems,0)">312</onup>
						<onup condition="Integer.IsGreater(Container(8010).NumItems,0)">8010</onup>
						<ondown>126</ondown>
						<include>DialogKeyboardButton</include>
					</control>
					<control type="button" id="107">
						<description>(0,7) key button</description>
						<onup condition="!Integer.IsGreater(Container(8010).NumItems,0)">312</onup>
						<onup condition="Integer.IsGreater(Container(8010).NumItems,0)">8010</onup>
						<ondown>127</ondown>
						<include>DialogKeyboardButton</include>
					</control>
					<control type="button" id="108">
						<description>(0,8) key button</description>
						<onup condition="!Integer.IsGreater(Container(8010).NumItems,0)">312</onup>
						<onup condition="Integer.IsGreater(Container(8010).NumItems,0)">8010</onup>
						<ondown>128</ondown>
						<include>DialogKeyboardButton</include>
					</control>
					<control type="button" id="109">
						<description>(0,9) key button</description>
						<onup condition="!Integer.IsGreater(Container(8010).NumItems,0)">312</onup>
						<onup condition="Integer.IsGreater(Container(8010).NumItems,0)">8010</onup>
						<ondown>129</ondown>
						<include>DialogKeyboardButton</include>
					</control>
					<control type="button" id="110">
						<description>(0,10) key button</description>
						<onup condition="!Integer.IsGreater(Container(8010).NumItems,0)">312</onup>
						<onup condition="Integer.IsGreater(Container(8010).NumItems,0)">8010</onup>
						<ondown>130</ondown>
						<include>DialogKeyboardButton</include>
					</control>
					<control type="button" id="111">
						<description>(0,11) key button</description>
						<onup condition="!Integer.IsGreater(Container(8010).NumItems,0)">312</onup>
						<onup condition="Integer.IsGreater(Container(8010).NumItems,0)">8010</onup>
						<ondown>131</ondown>
						<include>DialogKeyboardButton</include>
					</control>
				</control>
				<!-- Row 2 -->
				<control type="grouplist">
					<top>75</top>
					<itemgap>-5</itemgap>
					<orientation>horizontal</orientation>
					<control type="button" id="307">
						<description>IP</description>
						<label>IP</label>
						<onup>309</onup>
						<ondown>303</ondown>
						<width>70</width>
						<include>DialogKeyboardButton</include>
					</control>
					<control type="togglebutton" id="304">
						<description>Symbols</description>
						<width>145</width>
						<label>@#!</label>
						<altlabel>ABC</altlabel>
						<onup>309</onup>
						<ondown>303</ondown>
						<include>DialogKeyboardToggleButton</include>
						<visible>!Control.IsVisible(310)</visible>
					</control>
					<control type="togglebutton" id="3104">
						<description>Symbols</description>
						<width>90</width>
						<label>@#!</label>
						<altlabel>ABC</altlabel>
						<onup>309</onup>
						<ondown>303</ondown>
						<onclick>SendClick(304)</onclick>
						<include>DialogKeyboardToggleButton</include>
						<visible>Control.IsVisible(310)</visible>
					</control>
					<control type="togglebutton" id="3100">
						<description>Show password button</description>
						<label></label>
						<altlabel></altlabel>
						<onup>309</onup>
						<ondown>303</ondown>
						<width>60</width>
						<font>Font28_Icon</font>
						<onclick>SendClick(310)</onclick>
						<usealttexture>String.IsEqual(Control.GetLabel(310), $LOCALIZE[12308])</usealttexture>
						<include>DialogKeyboardToggleButton</include>
						<visible>Control.IsVisible(310)</visible>
					</control>
					<control type="button" id="120">
						<description>(1,0) key button</description>
						<onup>100</onup>
						<ondown>140</ondown>
						<include>DialogKeyboardButton</include>
					</control>
					<control type="button" id="121">
						<description>(1,1) key button</description>
						<onup>101</onup>
						<ondown>141</ondown>
						<include>DialogKeyboardButton</include>
					</control>
					<control type="button" id="122">
						<description>(1,2) key button</description>
						<onup>102</onup>
						<ondown>142</ondown>
						<include>DialogKeyboardButton</include>
					</control>
					<control type="button" id="123">
						<description>(1,3) key button</description>
						<onup>103</onup>
						<ondown>143</ondown>
						<include>DialogKeyboardButton</include>
					</control>
					<control type="button" id="124">
						<description>(1,4) key button</description>
						<onup>104</onup>
						<ondown>144</ondown>
						<include>DialogKeyboardButton</include>
					</control>
					<control type="button" id="125">
						<description>(1,5) key button</description>
						<onup>105</onup>
						<ondown>145</ondown>
						<include>DialogKeyboardButton</include>
					</control>
					<control type="button" id="126">
						<description>(1,6) key button</description>
						<onup>106</onup>
						<ondown>146</ondown>
						<include>DialogKeyboardButton</include>
					</control>
					<control type="button" id="127">
						<description>(1,7) key button</description>
						<onup>107</onup>
						<ondown>147</ondown>
						<include>DialogKeyboardButton</include>
					</control>
					<control type="button" id="128">
						<description>(1,8) key button</description>
						<onup>108</onup>
						<ondown>148</ondown>
						<include>DialogKeyboardButton</include>
					</control>
					<control type="button" id="129">
						<description>(1,9) key button</description>
						<onup>109</onup>
						<ondown>149</ondown>
						<include>DialogKeyboardButton</include>
					</control>
					<control type="button" id="130">
						<description>(1,10) key button</description>
						<onup>110</onup>
						<ondown>150</ondown>
						<include>DialogKeyboardButton</include>
					</control>
					<control type="button" id="131">
						<description>(1,11) key button</description>
						<onup>111</onup>
						<ondown>151</ondown>
						<include>DialogKeyboardButton</include>
					</control>
				</control>
				<!-- Row 3 -->
				<control type="grouplist">
					<orientation>horizontal</orientation>
					<top>150</top>
					<itemgap>-5</itemgap>
					<control type="togglebutton" id="303">
						<description>Caps Lock</description>
						<label>$LOCALIZE[20179]</label>
						<altlabel>[UPPERCASE]$LOCALIZE[20179][/UPPERCASE]</altlabel>
						<onup>307</onup>
						<ondown>302</ondown>
						<include>DialogKeyboardToggleButton</include>
					</control>
					<control type="button" id="140">
						<description>(2,0) key button</description>
						<onup>120</onup>
						<ondown>160</ondown>
						<include>DialogKeyboardButton</include>
					</control>
					<control type="button" id="141">
						<description>(2,1) key button</description>
						<onup>121</onup>
						<ondown>161</ondown>
						<include>DialogKeyboardButton</include>
					</control>
					<control type="button" id="142">
						<description>(2,2) key button</description>
						<onup>122</onup>
						<ondown>162</ondown>
						<include>DialogKeyboardButton</include>
					</control>
					<control type="button" id="143">
						<description>(2,3) key button</description>
						<onup>123</onup>
						<ondown>163</ondown>
						<include>DialogKeyboardButton</include>
					</control>
					<control type="button" id="144">
						<description>(2,4) key button</description>
						<onup>124</onup>
						<ondown>164</ondown>
						<include>DialogKeyboardButton</include>
					</control>
					<control type="button" id="145">
						<description>(2,5) key button</description>
						<onup>125</onup>
						<ondown>165</ondown>
						<include>DialogKeyboardButton</include>
					</control>
					<control type="button" id="146">
						<description>(2,6) key button</description>
						<onup>126</onup>
						<ondown>166</ondown>
						<include>DialogKeyboardButton</include>
					</control>
					<control type="button" id="147">
						<description>(2,7) key button</description>
						<onup>127</onup>
						<ondown>167</ondown>
						<include>DialogKeyboardButton</include>
					</control>
					<control type="button" id="148">
						<description>(2,8) key button</description>
						<onup>128</onup>
						<ondown>168</ondown>
						<include>DialogKeyboardButton</include>
					</control>
					<control type="button" id="149">
						<description>(2,9) key button</description>
						<onup>129</onup>
						<ondown>169</ondown>
						<include>DialogKeyboardButton</include>
					</control>
					<control type="button" id="150">
						<description>(2,10) key button</description>
						<onup>130</onup>
						<ondown>170</ondown>
						<include>DialogKeyboardButton</include>
					</control>
					<control type="button" id="151">
						<description>(2,11) key button</description>
						<onup>131</onup>
						<ondown>171</ondown>
						<include>DialogKeyboardButton</include>
					</control>
				</control>
				<!-- Row 4 -->
				<control type="grouplist">
					<itemgap>-5</itemgap>
					<orientation>horizontal</orientation>
					<top>225</top>
					<control type="togglebutton" id="302">
						<description>Shift</description>
						<label>$LOCALIZE[20178]</label>
						<altlabel>[UPPERCASE]$LOCALIZE[20178][/UPPERCASE]</altlabel>
						<onup>303</onup>
						<ondown>300</ondown>
						<include>DialogKeyboardToggleButton</include>
					</control>
					<control type="button" id="160">
						<description>(3,0) key button</description>
						<onup>140</onup>
						<ondown>32</ondown>
						<include>DialogKeyboardButton</include>
					</control>
					<control type="button" id="161">
						<description>(3,1) key button</description>
						<onup>141</onup>
						<ondown>32</ondown>
						<include>DialogKeyboardButton</include>
					</control>
					<control type="button" id="162">
						<description>(3,2) key button</description>
						<onup>142</onup>
						<ondown>32</ondown>
						<include>DialogKeyboardButton</include>
					</control>
					<control type="button" id="163">
						<description>(3,3) key button</description>
						<onup>143</onup>
						<ondown>8</ondown>
						<include>DialogKeyboardButton</include>
					</control>
					<control type="button" id="164">
						<description>(3,4) key button</description>
						<onup>144</onup>
						<ondown>8</ondown>
						<include>DialogKeyboardButton</include>
					</control>
					<control type="button" id="165">
						<description>(3,5) key button</description>
						<onup>145</onup>
						<ondown>8</ondown>
						<include>DialogKeyboardButton</include>
					</control>
					<control type="button" id="166">
						<description>(3,6) key button</description>
						<onup>146</onup>
						<ondown>305</ondown>
						<include>DialogKeyboardButton</include>
					</control>
					<control type="button" id="167">
						<description>(3,7) key button</description>
						<onup>147</onup>
						<ondown>306</ondown>
						<include>DialogKeyboardButton</include>
					</control>
					<control type="button" id="168">
						<description>(3,8) key button</description>
						<onup>148</onup>
						<ondown>308</ondown>
						<include>DialogKeyboardButton</include>
					</control>
					<control type="button" id="169">
						<description>(3,9) key button</description>
						<onup>149</onup>
						<ondown>308</ondown>
						<include>DialogKeyboardButton</include>
					</control>
					<control type="button" id="170">
						<description>(3,10) key button</description>
						<onup>150</onup>
						<ondown>308</ondown>
						<include>DialogKeyboardButton</include>
					</control>
					<control type="button" id="171">
						<description>(3,11) key button</description>
						<onup>501</onup>
						<ondown>308</ondown>
						<include>DialogKeyboardButton</include>
					</control>
				</control>
				<!-- Row 5 -->
				<control type="grouplist" id="515">
					<orientation>horizontal</orientation>
					<itemgap>-5</itemgap>
					<top>300</top>
					<control type="button" id="300">
						<description>Done</description>
						<width>210</width>
						<label>$LOCALIZE[20177]</label>
						<onup>302</onup>
						<ondown>312</ondown>
						<include>DialogKeyboardButton</include>
					</control>
					<control type="button" id="32">
						<description>Space</description>
						<left>126</left>
						<label>$LOCALIZE[20182]</label>
						<onup>161</onup>
						<ondown>312</ondown>
						<width>230</width>
						<include>DialogKeyboardButton</include>
					</control>
					<control type="button" id="8">
						<description>Backspace</description>
						<label>$LOCALIZE[20181]</label>
						<onup>164</onup>
						<ondown>312</ondown>
						<width>230</width>
						<include>DialogKeyboardButton</include>
					</control>
					<control type="button" id="305">
						<description>'back' button</description>
						<width>155</width>
						<onup>166</onup>
						<ondown>312</ondown>
						<label></label>
						<font>Font40_Icon</font>
						<include>DialogKeyboardButton</include>
					</control>
					<control type="button" id="306">
						<description>'forward' button</description>
						<width>155</width>
						<onup>167</onup>
						<ondown>312</ondown>
						<label></label>
						<font>Font40_Icon</font>
						<include>DialogKeyboardButton</include>
					</control>
					<control type="button" id="308">
						<description>Cancel</description>
						<width>155</width>
						<label>$LOCALIZE[222]</label>
						<onup>168</onup>
						<onclick>Close</onclick>
						<ondown>312</ondown>
						<include>DialogKeyboardButton</include>
					</control>
				</control>
			</control>
			<control type="edit" id="312">
				<description>Edit Text</description>
				<left>40</left>
				<right>40</right>
				<height>60</height>
				<bottom>23</bottom>
				<onup>515</onup>
				<texturefocus/>
				<texturenofocus/>
				<align>center</align>
				<font>Font36_Reg</font>
				<textcolor>$VAR[PanelSubTextColorVar]</textcolor>
				<focusedcolor>$VAR[PanelHighlightColorVar]</focusedcolor>
			</control>
		</control>
	</controls>
</window>