<addon id="plugin.whereareyou" name="Where Are You" provider-name="pkscout" version="0.5.1">
	<requires>
		<import addon="xbmc.python" version="3.0.0" />
		<import addon="script.module.requests" version="2.22.0+matrix.1" />
		<import addon="script.module.websocket" version="0.5.7+matrix.1" />
	</requires>
	<extension library="default.py" point="xbmc.python.pluginsource">
		<provides>executable</provides>
	</extension>
	<extension point="xbmc.addon.metadata">
		<news>v.0.5.1
- added option to use Home Assistant script to launch external app
- changed IP entry in settings to string to allow for domain name
- added settings option to enable SSL (HA only)
- Harmony Hub option now shows list of activites from which to pick
		</news>
		<assets>
			<icon>icon.png</icon>
		</assets>
		<summary lang="en_GB">Plugin module to display a custom dialog box when playing external media.</summary>
		<description lang="en_GB">Where Are You is a plugin for Kodi that accepts a URL from a stream file and then displays a dialog box with the title and message from the stream file URL.  After the dialog is dismissed a black video plays for 2 seconds.  This is basically to do what the media stub file does (which is display a title and a message for a given file), but for streaming files because the media stub only works if you have an optical drive attached to the device running Kodi.
		</description>
		<platform>all</platform>
		<license>GPL-2.0-only</license>
		<forum>https://forum.kodi.tv/showthread.php?tid=353924</forum>
		<source>https://github.com/pkscout/plugin.whereareyou</source>
	</extension>
</addon>
