<?xml version="1.0" encoding="UTF-8"?>
<window id="98" type="dialog">
	<zorder>100</zorder>
	<visible>!Window.IsVisible(startup)</visible>
	<controls>
		<control type="image">
			<include>FullScreenDimensions</include>
			<texture>colors/black50.png</texture>
			<visible>Skin.HasSetting(DebugInfo) + !Skin.HasSetting(DebugGrid)</visible>
		</control>
		<!-- Global debug grid -->
		<control type="image">
			<width>$INFO[System.ScreenWidth]</width>
			<height>$INFO[System.ScreenHeight]</height>
			<texture colordiffuse="80FFFFFF">special://skin/extras/debuggrid1080.png</texture>
			<visible>Skin.HasSetting(DebugGrid)</visible>
		</control>
		<!-- Window/Dialog debug -->
		<control type="grouplist">
			<left>10</left>
			<top>30</top>
			<width>940</width>
			<height>auto</height>
			<itemgap>0</itemgap>
			<visible>Skin.HasSetting(DebugInfo)</visible>
			<!-- DEBUG LABELS -->
			<!-- Control label -->
			<control type="label">
				<height>60</height>
				<textcolor>FFFF0000</textcolor>
				<shadowcolor>FF000000</shadowcolor>
				<font>font13_bold</font>
				<label>$INFO[System.CurrentControl,[COLOR FF00FF00]Current control - [/COLOR]]$INFO[System.CurrentControlID, (ID=,)]</label>
			</control>
			<!-- Folder label -->
			<control type="label">
				<height>60</height>
				<textcolor>FFFF0000</textcolor>
				<shadowcolor>FF000000</shadowcolor>
				<font>font13_bold</font>
				<label>$INFO[Container.FolderName,[COLOR FF00FF00]Folder name - [/COLOR]]</label>
				<visible>!String.IsEmpty(Container.FolderName)</visible>
			</control>
			<!-- Path label -->
			<control type="label">
				<height>60</height>
				<textcolor>FFFF0000</textcolor>
				<shadowcolor>FF000000</shadowcolor>
				<font>font13_bold</font>
				<scroll>true</scroll>
				<label>$INFO[Container.FolderPath,[COLOR FF00FF00]Folder path - [/COLOR]]</label>
				<visible>!String.IsEmpty(Container.FolderPath)</visible>
			</control>
			<!-- Content label -->
			<control type="label">
				<height>60</height>
				<textcolor>FFFF0000</textcolor>
				<shadowcolor>FF000000</shadowcolor>
				<font>font13_bold</font>
				<label>$INFO[Container.Content,[COLOR FF00FF00]Content - [/COLOR]]</label>
				<visible>!Window.IsVisible(DialogMusicInfo.xml) + !Window.IsVisible(DialogVideoInfo.xml) + !String.IsEmpty(Container.Content)</visible>
			</control>
			<!-- DBTYPE label -->
			<control type="label">
				<height>60</height>
				<textcolor>FFFF0000</textcolor>
				<shadowcolor>FF000000</shadowcolor>
				<font>font13_bold</font>
				<label>$INFO[ListItem.DBTYPE,[COLOR FF00FF00]DBTYPE - [/COLOR]]</label>
				<visible>!String.IsEmpty(ListItem.DBTYPE)</visible>
			</control>
			<!-- Container DBTYPE label -->
			<control type="label">
				<height>60</height>
				<textcolor>FFFF0000</textcolor>
				<shadowcolor>FF000000</shadowcolor>
				<font>font13_bold</font>
				<label>$INFO[Container.ListItem.DBTYPE,[COLOR FF00FF00]Container.DBTYPE - [/COLOR]]</label>
				<visible>!String.IsEmpty(Container.ListItem.DBTYPE)</visible>
			</control>
			<!-- Container Num Items -->
			<control type="label">
				<height>60</height>
				<textcolor>FFFF0000</textcolor>
				<shadowcolor>FF000000</shadowcolor>
				<font>font13_bold</font>
				<label>$INFO[Container.NumItems,[COLOR FF00FF00]Number of items in Container - [/COLOR]]</label>
			</control>
			<control type="label">
				<height>60</height>
				<textcolor>FFFF0000</textcolor>
				<shadowcolor>FF000000</shadowcolor>
				<font>font13_bold</font>
				<label>Player.Playing</label>
				<visible>Player.Playing</visible>
			</control>
			<control type="label">
				<height>60</height>
				<textcolor>FFFF0000</textcolor>
				<shadowcolor>FF000000</shadowcolor>
				<font>font13_bold</font>
				<label>Player.HasAudio</label>
				<visible>Player.HasAudio</visible>
			</control>
		</control>
		<!--Artwork INFOlabels -->
		<control type="grouplist">
			<left>700</left>
			<top>30</top>
			<width>1880</width>
			<height>auto</height>
			<itemgap>20</itemgap>
			<visible>Skin.HasSetting(DebugInfo)</visible>
			<!-- DEBUG LABELS -->
			<control type="label">
				<height>60</height>
				<textcolor>FFE141C4</textcolor>
				<shadowcolor>FF000000</shadowcolor>
				<font>font13_bold</font>
				<label>$INFO[ListItem.Art(fanart),[COLOR FF00FF00]ListItem.Art(fanart) - [/COLOR]]</label>
				<visible>!String.IsEmpty(ListItem.Art(fanart))</visible>
			</control>
			<control type="label">
				<height>60</height>
				<textcolor>FFE141C4</textcolor>
				<shadowcolor>FF000000</shadowcolor>
				<font>font13_bold</font>
				<label>$INFO[ListItem.Art(fanart1),[COLOR FF00FF00]ListItem.Art(fanart1) - [/COLOR]]</label>
				<visible>!String.IsEmpty(ListItem.Art(fanart1))</visible>
			</control>
			<control type="label">
				<height>60</height>
				<textcolor>FFE141C4</textcolor>
				<shadowcolor>FF000000</shadowcolor>
				<font>font13_bold</font>
				<label>$INFO[ListItem.Art(fanart2),[COLOR FF00FF00]ListItem.Art(fanart2) - [/COLOR]]</label>
				<visible>!String.IsEmpty(ListItem.Art(fanart2))</visible>
			</control>
			<control type="label">
				<height>60</height>
				<textcolor>FFE141C4</textcolor>
				<shadowcolor>FF000000</shadowcolor>
				<font>font13_bold</font>
				<label>$INFO[ListItem.Art(tvshow.fanart),[COLOR FF00FF00]ListItem.Art(tvshow.fanart) - [/COLOR]]</label>
				<visible>!String.IsEmpty(ListItem.Art(tvshow.fanart))</visible>
			</control>
			<control type="label">
				<height>60</height>
				<textcolor>FFE141C4</textcolor>
				<shadowcolor>FF000000</shadowcolor>
				<font>font13_bold</font>
				<label>$INFO[ListItem.Art(tvshow.fanart1),[COLOR FF00FF00]ListItem.Art(tvshow.fanart1) - [/COLOR]]</label>
				<visible>!String.IsEmpty(ListItem.Art(tvshow.fanart1))</visible>
			</control>
			<control type="label">
				<height>60</height>
				<textcolor>FFE141C4</textcolor>
				<shadowcolor>FF000000</shadowcolor>
				<font>font13_bold</font>
				<label>$INFO[ListItem.Art(tvshow.fanart2),[COLOR FF00FF00]ListItem.Art(tvshow.fanart2) - [/COLOR]]</label>
				<visible>!String.IsEmpty(ListItem.Art(tvshow.fanart2))</visible>
			</control>
			<control type="label">
				<height>60</height>
				<textcolor>FFE141C4</textcolor>
				<shadowcolor>FF000000</shadowcolor>
				<font>font13_bold</font>
				<label>$INFO[Container.ListItem.Art(fanart),[COLOR FF00FF00]Container.ListItem.Art(fanart) - [/COLOR]]</label>
				<visible>!String.IsEmpty(Container.ListItem.Art(fanart))</visible>
			</control>
			<control type="label">
				<height>60</height>
				<textcolor>FFE141C4</textcolor>
				<shadowcolor>FF000000</shadowcolor>
				<font>font13_bold</font>
				<label>$INFO[Container.ListItem.Art(fanart1),[COLOR FF00FF00]Container.ListItem.Art(fanart1) - [/COLOR]]</label>
				<visible>!String.IsEmpty(Container.ListItem.Art(fanart1))</visible>
			</control>
			<control type="label">
				<height>60</height>
				<textcolor>FFE141C4</textcolor>
				<shadowcolor>FF000000</shadowcolor>
				<font>font13_bold</font>
				<label>$INFO[Container.ListItem.Art(fanart2),[COLOR FF00FF00]Container.ListItem.Art(fanart2) - [/COLOR]]</label>
				<visible>!String.IsEmpty(Container.ListItem.Art(fanart2))</visible>
			</control>
			<control type="label">
				<height>60</height>
				<textcolor>FFE141C4</textcolor>
				<shadowcolor>FF000000</shadowcolor>
				<font>font13_bold</font>
				<label>$INFO[ListItem.Art(artist.fanart),[COLOR FF00FF00]ListItem.Art(artist.fanart) - [/COLOR]]</label>
				<visible>!String.IsEmpty(ListItem.Art(artist.fanart))</visible>
			</control>
			<control type="label">
				<height>60</height>
				<textcolor>FFE141C4</textcolor>
				<shadowcolor>FF000000</shadowcolor>
				<font>font13_bold</font>
				<label>$INFO[ListItem.Art(artist.fanart1),[COLOR FF00FF00]ListItem.Art(artist.fanart1) - [/COLOR]]</label>
				<visible>!String.IsEmpty(ListItem.Art(artist.fanart1))</visible>
			</control>
			<control type="label">
				<height>60</height>
				<textcolor>FFE141C4</textcolor>
				<shadowcolor>FF000000</shadowcolor>
				<font>font13_bold</font>
				<label>$INFO[ListItem.Art(artist.fanart2),[COLOR FF00FF00]ListItem.Art(artist.fanart2) - [/COLOR]]</label>
				<visible>!String.IsEmpty(ListItem.Art(artist.fanart2))</visible>
			</control>
			<control type="label">
				<height>60</height>
				<textcolor>FFE141C4</textcolor>
				<shadowcolor>FF000000</shadowcolor>
				<font>font13_bold</font>
				<label>$INFO[Container.ListItem.Art(artist.fanart),[COLOR FF00FF00]Container.ListItem.Art(artist.fanart) - [/COLOR]]</label>
				<visible>!String.IsEmpty(Container.ListItem.Art(artist.fanart))</visible>
			</control>
			<control type="label">
				<height>60</height>
				<textcolor>FFE141C4</textcolor>
				<shadowcolor>FF000000</shadowcolor>
				<font>font13_bold</font>
				<label>$INFO[Container.ListItem.Art(artist.fanart1),[COLOR FF00FF00]Container.ListItem.Art(artist.fanart1) - [/COLOR]]</label>
				<visible>!String.IsEmpty(Container.ListItem.Art(artist.fanart1))</visible>
			</control>
			<control type="label">
				<height>60</height>
				<textcolor>FFE141C4</textcolor>
				<shadowcolor>FF000000</shadowcolor>
				<font>font13_bold</font>
				<label>$INFO[Container.ListItem.Art(artist.fanart2),[COLOR FF00FF00]Container.ListItem.Art(artist.fanart2) - [/COLOR][CR]]</label>
				<visible>!String.IsEmpty(Container.ListItem.Art(artist.fanart2))</visible>
			</control>
		</control>
	</controls>
</window>