<?xml version="1.0" encoding="utf-8"?>
<includes>
	<!-- Panel Style -->
	<variable name="PanelStyleVar">
		<value condition="Skin.String(Panel.texture,auriga) + Skin.HasSetting(PanelSquare.texture)">panels/windows/auriga-square.png</value>
		<value condition="Skin.String(Panel.texture,auriga)">panels/windows/auriga-rounded.png</value>
		<value condition="Skin.String(Panel.texture,nox4) + Skin.HasSetting(PanelSquare.texture)">panels/windows/nox4-square.png</value>
		<value condition="Skin.String(Panel.texture,nox4)">panels/windows/nox4-rounded.png</value>
		<value condition="Skin.HasSetting(PanelSquare.texture)">panels/windows/default-square.png</value>
		<value>panels/windows/default-rounded.png</value>
	</variable>
	<variable name="HalfPanelStyleVar">
		<value condition="Skin.String(Panel.texture,auriga) + Skin.HasSetting(PanelSquare.texture)">panels/windows/auriga-half-square.png</value>
		<value condition="Skin.String(Panel.texture,auriga)">panels/windows/auriga-half-rounded.png</value>
		<value condition="Skin.String(Panel.texture,nox4) + Skin.HasSetting(PanelSquare.texture)">panels/windows/nox4-half-square.png</value>
		<value condition="Skin.String(Panel.texture,nox4)">panels/windows/nox4-half-rounded.png</value>
		<value condition="Skin.HasSetting(PanelSquare.texture)">panels/windows/default-half-square.png</value>
		<value>panels/windows/default-half-rounded.png</value>
	</variable>
	<variable name="SidePanelStyleVar">
		<value condition="Skin.String(Panel.texture,auriga) + Skin.HasSetting(PanelSquare.texture)">panels/windows/side-auriga-square.png</value>
		<value condition="Skin.String(Panel.texture,auriga)">panels/windows/side-auriga-rounded.png</value>
		<value condition="Skin.String(Panel.texture,nox4) + Skin.HasSetting(PanelSquare.texture)">panels/windows/side-nox4-square.png</value>
		<value condition="Skin.String(Panel.texture,nox4)">panels/windows/side-nox4-rounded.png</value>
		<value condition="Skin.HasSetting(PanelSquare.texture)">panels/windows/side-default-square.png</value>
		<value>panels/windows/side-default-rounded.png</value>
	</variable>
	<variable name="PanelStyleFloorVar">
		<value condition="Skin.String(Panel.texture,auriga)">panels/windows/auriga-wide.png</value>
		<value condition="Skin.String(Panel.texture,nox4)">panels/windows/nox4-wide.png</value>
		<value>panels/windows/default-wide.png</value>
	</variable>
	<variable name="DialogStyleVar">
		<value condition="Skin.String(Panel.texture,auriga) + Skin.HasSetting(PanelSquare.texture)">panels/dialog/auriga-square.png</value>
		<value condition="Skin.String(Panel.texture,auriga)">panels/dialog/auriga-rounded.png</value>
		<value condition="Skin.String(Panel.texture,nox4) + Skin.HasSetting(PanelSquare.texture)">panels/dialog/nox4-square.png</value>
		<value condition="Skin.String(Panel.texture,nox4)">panels/dialog/nox4-rounded.png</value>
		<value condition="Skin.HasSetting(PanelSquare.texture)">panels/dialog/default-square.png</value>
		<value>panels/dialog/default-rounded.png</value>
	</variable>
	<variable name="DialogStyleScanVar">
		<value condition="Skin.String(Panel.texture,auriga) + Skin.HasSetting(PanelSquare.texture)">panels/scan/auriga-square.png</value>
		<value condition="Skin.String(Panel.texture,auriga)">panels/scan/auriga-rounded.png</value>
		<value condition="Skin.String(Panel.texture,nox4) + Skin.HasSetting(PanelSquare.texture)">panels/scan/nox4-square.png</value>
		<value condition="Skin.String(Panel.texture,nox4)">panels/scan/nox4-rounded.png</value>
		<value condition="Skin.HasSetting(PanelSquare.texture)">panels/scan/default-square.png</value>
		<value>panels/scan/default-rounded.png</value>
	</variable>
	<variable name="DialogStyleVolumeVar">
		<value condition="Skin.String(Panel.texture,auriga) + Skin.HasSetting(PanelSquare.texture)">panels/volume/auriga-square.png</value>
		<value condition="Skin.String(Panel.texture,auriga)">panels/volume/auriga-rounded.png</value>
		<value condition="Skin.String(Panel.texture,nox4) + Skin.HasSetting(PanelSquare.texture)">panels/volume/nox4-square.png</value>
		<value condition="Skin.String(Panel.texture,nox4)">panels/volume/nox4-rounded.png</value>
		<value condition="Skin.HasSetting(PanelSquare.texture)">panels/volume/default-square.png</value>
		<value>panels/volume/default-rounded.png</value>
	</variable>
	<variable name="MediaMenuStyleVar">
		<value condition="Skin.String(Panel.texture,auriga)">panels/mediamenu/auriga.png</value>
		<value condition="Skin.String(Panel.texture,nox4)">panels/mediamenu/nox4.png</value>
		<value>panels/mediamenu/default.png</value>
	</variable>
	<variable name="PanelStyleLabelVar">
		<value condition="Skin.String(Panel.texture,auriga)">Aeon Auriga</value>
		<value condition="Skin.String(Panel.texture,nox4)">Aeon Nox 4</value>
		<value>$LOCALIZE[13278]</value>
	</variable>
	<!-- Panel Texture -->
	<variable name="PanelTextureLabelVar">
		<value condition="Skin.String(PanelTexture.texture,panels/patterns/concrete.png)">$LOCALIZE[31150]</value>
		<value condition="Skin.String(PanelTexture.texture,panels/patterns/brushed.png)">$LOCALIZE[31135]</value>
		<value condition="Skin.String(PanelTexture.texture,panels/patterns/carbon.png)">$LOCALIZE[31114]</value>
		<value condition="Skin.String(PanelTexture.texture,panels/patterns/gradient.png)">$LOCALIZE[31134]</value>
		<value condition="Skin.String(PanelTexture.texture,panels/patterns/pixels.png)">$LOCALIZE[31115]</value>
		<value condition="Skin.String(PanelTexture.texture,panels/patterns/mud.png)">$LOCALIZE[31282]</value>
		<value condition="Skin.String(PanelTexture.texture,panels/patterns/steelplate.png)">$LOCALIZE[31116]</value>
		<value condition="Skin.String(PanelTexture.texture,panels/patterns/wallpaper.png)">$LOCALIZE[31117]</value>
		<value condition="Skin.String(PanelTexture.texture,panels/patterns/wood.png)">$LOCALIZE[31118]</value>
		<value condition="Skin.String(PanelTexture.texture,panels/patterns/wrinkles.png)">$LOCALIZE[31119]</value>
		<value>$LOCALIZE[231]</value>
	</variable>
	<!-- Panel Emboss -->
	<variable name="PanelEmbossVar">
		<value condition="Skin.HasSetting(PanelEmboss.texture) + Skin.HasSetting(PanelSquare.texture)">panels/windows/emboss-square.png</value>
		<value condition="Skin.HasSetting(PanelEmboss.texture)">panels/windows/emboss-rounded.png</value>
	</variable>
	<variable name="HalfPanelEmbossVar">
		<value condition="Skin.HasSetting(PanelEmboss.texture) + Skin.HasSetting(PanelSquare.texture)">panels/windows/emboss-half-square.png</value>
		<value condition="Skin.HasSetting(PanelEmboss.texture)">panels/windows/emboss-half-rounded.png</value>
	</variable>
	<variable name="DialogEmbossVar">
		<value condition="Skin.HasSetting(PanelEmboss.texture) + Skin.HasSetting(PanelSquare.texture)">panels/dialog/emboss-square.png</value>
		<value condition="Skin.HasSetting(PanelEmboss.texture)">panels/dialog/emboss-rounded.png</value>
	</variable>
	<variable name="DialogEmbossScanVar">
		<value condition="Skin.HasSetting(PanelEmboss.texture) + Skin.HasSetting(PanelSquare.texture)">panels/scan/emboss-square.png</value>
		<value condition="Skin.HasSetting(PanelEmboss.texture)">panels/scan/emboss-rounded.png</value>
	</variable>
	<variable name="DialogEmbossVolumeVar">
		<value condition="Skin.HasSetting(PanelEmboss.texture) + Skin.HasSetting(PanelSquare.texture)">panels/volume/emboss-square.png</value>
		<value condition="Skin.HasSetting(PanelEmboss.texture)">panels/volume/emboss-rounded.png</value>
	</variable>
	<!-- Panel Shadow -->
	<variable name="PanelShadowVar">
		<value condition="Skin.HasSetting(PanelSquare.texture)">panels/windows/shadow-square.png</value>
		<value>panels/windows/shadow-rounded.png</value>
	</variable>
	<variable name="HalfPanelShadowVar">
		<value condition="Skin.HasSetting(PanelSquare.texture)">panels/windows/shadow-half-square.png</value>
		<value>panels/windows/shadow-half-rounded.png</value>
	</variable>
	<variable name="DialogShadowVar">
		<value condition="Skin.HasSetting(PanelSquare.texture)">panels/dialog/shadow-square.png</value>
		<value>panels/dialog/shadow-rounded.png</value>
	</variable>
	<variable name="DialogShadowScanVar">
		<value condition="Skin.HasSetting(PanelSquare.texture)">panels/scan/shadow-square.png</value>
		<value>panels/scan/shadow-rounded.png</value>
	</variable>
	<variable name="DialogShadowVolumeVar">
		<value condition="Skin.HasSetting(PanelSquare.texture)">panels/volume/shadow-square.png</value>
		<value>panels/volume/shadow-rounded.png</value>
	</variable>
	<!-- Panel Colours -->
	<variable name="PanelStyleColorVar">
		<value condition="!String.IsEmpty(Skin.String(PanelStyle.color)) + !String.IsEqual(Skin.String(PanelStyle.color),None)">$INFO[Skin.String(PanelStyle.color)]</value>
		<value>panel</value>
	</variable>
	<variable name="PanelStyleColorLabelVar">
		<value condition="!String.IsEmpty(Skin.String(PanelStyle.color)) + !String.IsEqual(Skin.String(PanelStyle.color),None)">[UPPERCASE]#$INFO[Skin.String(PanelStyle.color)][/UPPERCASE]</value>
		<value>$LOCALIZE[13278]</value>
	</variable>
	<variable name="PanelTextureColorVar">
		<value condition="!String.IsEmpty(Skin.String(PanelTexture.color)) + !String.IsEqual(Skin.String(PanelTexture.color),None)">$INFO[Skin.String(PanelTexture.color)]</value>
		<value>paneltexture</value>
	</variable>
	<variable name="PanelTextureColorLabelVar">
		<value condition="!String.IsEmpty(Skin.String(PanelTexture.color)) + !String.IsEqual(Skin.String(PanelTexture.color),None)">[UPPERCASE]#$INFO[Skin.String(PanelTexture.color)][/UPPERCASE]</value>
		<value>$LOCALIZE[13278]</value>
	</variable>
	<variable name="PanelEmbossColorVar">
		<value condition="!String.IsEmpty(Skin.String(PanelEmboss.color)) + !String.IsEqual(Skin.String(PanelEmboss.color),None)">$INFO[Skin.String(PanelEmboss.color)]</value>
		<value>emboss</value>
	</variable>
	<variable name="PanelEmbossColorLabelVar">
		<value condition="!String.IsEmpty(Skin.String(PanelEmboss.color)) + !String.IsEqual(Skin.String(PanelEmboss.color),None)">[UPPERCASE]#$INFO[Skin.String(PanelEmboss.color)][/UPPERCASE]</value>
		<value>$LOCALIZE[13278]</value>
	</variable>
	<variable name="PanelShadowColorVar">
		<value condition="!String.IsEmpty(Skin.String(PanelShadow.color)) + !String.IsEqual(Skin.String(PanelShadow.color),None)">$INFO[Skin.String(PanelShadow.color)]</value>
		<value>shadow</value>
	</variable>
	<variable name="PanelShadowColorLabelVar">
		<value condition="!String.IsEmpty(Skin.String(PanelShadow.color)) + !String.IsEqual(Skin.String(PanelShadow.color),None)">[UPPERCASE]#$INFO[Skin.String(PanelShadow.color)][/UPPERCASE]</value>
		<value>$LOCALIZE[13278]</value>
	</variable>
	<variable name="PanelHighlightColorVar">
		<value condition="!String.IsEmpty(Skin.String(PanelHighlight.color)) + !String.IsEqual(Skin.String(PanelHighlight.color),None)">$INFO[Skin.String(PanelHighlight.Color)]</value>
		<value>highlight</value>
	</variable>
	<variable name="PanelHighlightColorLabelVar">
		<value condition="!String.IsEmpty(Skin.String(PanelHighlight.color)) + !String.IsEqual(Skin.String(PanelHighlight.color),None)">[UPPERCASE]#$INFO[Skin.String(PanelHighlight.color)][/UPPERCASE]</value>
		<value>$LOCALIZE[13278]</value>
	</variable>
	<variable name="PanelTextColorVar">
		<value condition="!String.IsEmpty(Skin.String(PanelText.color)) + !String.IsEqual(Skin.String(PanelText.color),None)">$INFO[Skin.String(PanelText.color)]</value>
		<value>text</value>
	</variable>
	<variable name="PanelTextColorLabelVar">
		<value condition="!String.IsEmpty(Skin.String(PanelText.color)) + !String.IsEqual(Skin.String(PanelText.color),None)">[UPPERCASE]#$INFO[Skin.String(PanelText.color)][/UPPERCASE]</value>
		<value>$LOCALIZE[13278]</value>
	</variable>
	<variable name="PanelSubTextColorVar">
		<value condition="!String.IsEmpty(Skin.String(PanelSubText.color)) + !String.IsEqual(Skin.String(PanelSubText.color),None)">$INFO[Skin.String(PanelSubText.color)]</value>
		<value>subtext</value>
	</variable>
	<variable name="PanelSubTextColorLabelVar">
		<value condition="!String.IsEmpty(Skin.String(PanelSubText.color)) + !String.IsEqual(Skin.String(PanelSubText.color),None)">[UPPERCASE]#$INFO[Skin.String(PanelSubText.color)][/UPPERCASE]</value>
		<value>$LOCALIZE[13278]</value>
	</variable>
	<variable name="PanelFocusTextColorVar">
		<value condition="!String.IsEmpty(Skin.String(PanelFocusText.color)) + !String.IsEqual(Skin.String(PanelFocusText.color),None)">$INFO[Skin.String(PanelFocusText.color)]</value>
		<value>focustext</value>
	</variable>
	<variable name="PanelFocusTextColorLabelVar">
		<value condition="!String.IsEmpty(Skin.String(PanelFocusText.color)) + !String.IsEqual(Skin.String(PanelFocusText.color),None)">[UPPERCASE]#$INFO[Skin.String(PanelFocusText.color)][/UPPERCASE]</value>
		<value>$LOCALIZE[13278]</value>
	</variable>
	<variable name="PanelDisabledTextColorVar">
		<value condition="!String.IsEmpty(Skin.String(PanelDisabledText.color)) + !String.IsEqual(Skin.String(PanelDisabledText.color),None)">$INFO[Skin.String(PanelDisabledText.color)]</value>
		<value>disabled</value>
	</variable>
	<variable name="PanelDisabledTextColorLabelVar">
		<value condition="!String.IsEmpty(Skin.String(PanelDisabledText.color)) + !String.IsEqual(Skin.String(PanelDisabledText.color),None)">[UPPERCASE]#$INFO[Skin.String(PanelDisabledText.color)][/UPPERCASE]</value>
		<value>$LOCALIZE[13278]</value>
	</variable>
	<variable name="PanelListSeparatorColorVar">
		<value condition="!String.IsEmpty(Skin.String(PanelListSeparator.color)) + !String.IsEqual(Skin.String(PanelListSeparator.color),None)">$INFO[Skin.String(PanelListSeparator.color)]</value>
		<value>listseparator</value>
	</variable>
	<variable name="PanelListSeparatorColorLabelVar">
		<value condition="!String.IsEmpty(Skin.String(PanelListSeparator.color)) + !String.IsEqual(Skin.String(PanelListSeparator.color),None)">[UPPERCASE]#$INFO[Skin.String(PanelListSeparator.color)][/UPPERCASE]</value>
		<value>$LOCALIZE[13278]</value>
	</variable>
	<!-- Main menu -->
	<variable name="MainMenuStyleLabelVar">
		<value condition="Skin.String(MainMenuStyle.texture,panels/mainmenu/auriga.png)">Aeon Auriga</value>
		<value condition="Skin.String(MainMenuStyle.texture,panels/mainmenu/nox4.png)">Aeon Nox 4</value>
		<value>$LOCALIZE[13278]</value>
	</variable>
	<variable name="MainMenuTextureLabelVar">
		<value condition="Skin.String(MainMenuTexture.texture,panels/mainmenu/brushed.png)">$LOCALIZE[31135]</value>
		<value condition="Skin.String(MainMenuTexture.texture,panels/mainmenu/carbon.png)">$LOCALIZE[31114]</value>
		<value condition="Skin.String(MainMenuTexture.texture,panels/mainmenu/concrete.png)">$LOCALIZE[31150]</value>
		<value condition="Skin.String(MainMenuTexture.texture,panels/mainmenu/plain.png)">$LOCALIZE[31283]</value>
		<value condition="Skin.String(MainMenuTexture.texture,panels/mainmenu/pixels.png)">$LOCALIZE[31115]</value>
		<value condition="Skin.String(MainMenuTexture.texture,panels/mainmenu/mud.png)">$LOCALIZE[31282]</value>
		<value condition="Skin.String(MainMenuTexture.texture,panels/mainmenu/steelplate.png)">$LOCALIZE[31116]</value>
		<value condition="Skin.String(MainMenuTexture.texture,panels/mainmenu/wallpaper.png)">$LOCALIZE[31117]</value>
		<value condition="Skin.String(MainMenuTexture.texture,panels/mainmenu/wood.png)">$LOCALIZE[31118]</value>
		<value condition="Skin.String(MainMenuTexture.texture,panels/mainmenu/wrinkles.png)">$LOCALIZE[31119]</value>
		<value>$LOCALIZE[231]</value>
	</variable>
	<variable name="MainMenuSystemBarLabelVar">
		<value condition="Skin.String(MainMenuSystemBar.texture,shadow)">$LOCALIZE[39166]</value>
		<value condition="Skin.String(MainMenuSystemBar.texture,wide)">$LOCALIZE[539]</value>
		<value>$LOCALIZE[13278]</value>
	</variable>
	<variable name="MainMenuSubmenuBarLabelVar">
		<value condition="Skin.String(MainMenuSubmenuBar.texture,shadow)">$LOCALIZE[39166]</value>
		<value condition="Skin.String(MainMenuSubmenuBar.texture,wide)">$LOCALIZE[539]</value>
		<value>$LOCALIZE[13278]</value>
	</variable>
	<variable name="MainMenuRSSBarLabelVar">
		<value condition="Skin.String(MainMenuRSSBar.texture,wide)">$LOCALIZE[539]</value>
		<value>$LOCALIZE[39166]</value>
	</variable>
	<variable name="MainMenuStyleColorVar">
		<value condition="!String.IsEmpty(Skin.String(MainMenuStyle.color)) + !String.IsEqual(Skin.String(MainMenuStyle.color),None)">$INFO[Skin.String(MainMenuStyle.color)]</value>
		<value>mainmenu</value>
	</variable>
	<variable name="MainMenuStyleColorLabelVar">
		<value condition="!String.IsEmpty(Skin.String(MainMenuStyle.color)) + !String.IsEqual(Skin.String(MainMenuStyle.color),None)">[UPPERCASE]#$INFO[Skin.String(MainMenuStyle.color)][/UPPERCASE]</value>
		<value>$LOCALIZE[13278]</value>
	</variable>
	<variable name="MainMenuTextureColorVar">
		<value condition="!String.IsEmpty(Skin.String(MainMenuTexture.color)) + !String.IsEqual(Skin.String(MainMenuTexture.color),None)">$INFO[Skin.String(MainMenuTexture.color)]</value>
		<value>paneltexture</value>
	</variable>
	<variable name="MainMenuTextureColorLabelVar">
		<value condition="!String.IsEmpty(Skin.String(MainMenuTexture.color)) + !String.IsEqual(Skin.String(MainMenuTexture.color),None)">[UPPERCASE]#$INFO[Skin.String(MainMenuTexture.color)][/UPPERCASE]</value>
		<value>$LOCALIZE[13278]</value>
	</variable>
	<variable name="MainMenuGradientColorVar">
		<value condition="!String.IsEmpty(Skin.String(MainMenuGradient.color)) + !String.IsEqual(Skin.String(MainMenuGradient.color),None)">$INFO[Skin.String(MainMenuGradient.color)]</value>
		<value>shadow</value>
	</variable>
	<variable name="MainMenuGradientColorLabelVar">
		<value condition="!String.IsEmpty(Skin.String(MainMenuGradient.color)) + !String.IsEqual(Skin.String(MainMenuGradient.color),None)">[UPPERCASE]#$INFO[Skin.String(MainMenuGradient.color)][/UPPERCASE]</value>
		<value>$LOCALIZE[13278]</value>
	</variable>
	<variable name="MainMenuWidgetColorVar">
		<value condition="!String.IsEmpty(Skin.String(MainMenuWidget.color)) + !String.IsEqual(Skin.String(MainMenuWidget.color),None)">$INFO[Skin.String(MainMenuWidget.color)]</value>
		<value>widget</value>
	</variable>
	<variable name="MainMenuWidgetColorLabelVar">
		<value condition="!String.IsEmpty(Skin.String(MainMenuWidget.color)) + !String.IsEqual(Skin.String(MainMenuWidget.color),None)">[UPPERCASE]#$INFO[Skin.String(MainMenuWidget.color)][/UPPERCASE]</value>
		<value>$LOCALIZE[13278]</value>
	</variable>
	<variable name="MainMenuShadowColorVar">
		<value condition="!String.IsEmpty(Skin.String(MainMenuShadow.color)) + !String.IsEqual(Skin.String(MainMenuShadow.color),None)">$INFO[Skin.String(MainMenuShadow.color)]</value>
		<value>gradientbackground</value>
	</variable>
	<variable name="MainMenuShadowColorLabelVar">
		<value condition="!String.IsEmpty(Skin.String(MainMenuShadow.color)) + !String.IsEqual(Skin.String(MainMenuShadow.color),None)">[UPPERCASE]#$INFO[Skin.String(MainMenuShadow.color)][/UPPERCASE]</value>
		<value>$LOCALIZE[13278]</value>
	</variable>
	<!-- Background -->
	<variable name="BackgroundTextureLabelVar">
		<value condition="Skin.String(BackgroundTexture.texture,panels/patterns/brushed.png)">$LOCALIZE[31135]</value>
		<value condition="Skin.String(BackgroundTexture.texture,panels/patterns/carbon.png)">$LOCALIZE[31114]</value>
		<value condition="Skin.String(BackgroundTexture.texture,panels/patterns/concrete.png)">$LOCALIZE[31150]</value>
		<value condition="Skin.String(BackgroundTexture.texture,panels/patterns/gradient.png)">$LOCALIZE[31134]</value>
		<value condition="Skin.String(BackgroundTexture.texture,panels/patterns/pixels.png)">$LOCALIZE[31115]</value>
		<value condition="Skin.String(BackgroundTexture.texture,panels/patterns/mud.png)">$LOCALIZE[31282]</value>
		<value condition="Skin.String(BackgroundTexture.texture,panels/patterns/plain.png)">$LOCALIZE[31283]</value>
		<value condition="Skin.String(BackgroundTexture.texture,panels/patterns/steelplate.png)">$LOCALIZE[31116]</value>
		<value condition="Skin.String(BackgroundTexture.texture,panels/patterns/wallpaper.png)">$LOCALIZE[31117]</value>
		<value condition="Skin.String(BackgroundTexture.texture,panels/patterns/wood.png)">$LOCALIZE[31118]</value>
		<value condition="Skin.String(BackgroundTexture.texture,panels/patterns/wrinkles.png)">$LOCALIZE[31119]</value>
		<value>$LOCALIZE[231]</value>
	</variable>
	<variable name="BackgroundEffectLabelVar">
		<value condition="Skin.String(BackgroundEffect.texture,snow)">$LOCALIZE[375]</value>
		<value condition="Skin.String(BackgroundEffect.texture,leaves)">$LOCALIZE[31146]</value>
		<value condition="Skin.String(BackgroundEffect.texture,confetti)">$LOCALIZE[31147]</value>
		<value condition="Skin.String(BackgroundEffect.texture,valentine)">$LOCALIZE[31148]</value>
		<value condition="Skin.String(BackgroundEffect.texture,easter)">$LOCALIZE[31149]</value>
		<value>$LOCALIZE[231]</value>
	</variable>
		<variable name="ResolutionFlagUserLabelVar">
		<value condition="Skin.String(BackgroundEffect.texture,flags/colored/videoresolution/1-Red)">$LOCALIZE[13343]</value>
		<value condition="Skin.String(BackgroundEffect.texture,flags/colored/videoresolution/2-Orange)">$LOCALIZE[13342]</value>
		<value condition="Skin.String(BackgroundEffect.texture,flags/colored/videoresolution/3-Green)">$LOCALIZE[13341]</value>
		<value condition="Skin.String(BackgroundEffect.texture,flags/colored/videoresolution/4-Blue)">$LOCALIZE[762]</value>
		<value condition="Skin.String(BackgroundEffect.texture,flags/colored/videoresolution/5-Cyan)">$LOCALIZE[765]</value>
		<value condition="Skin.String(BackgroundEffect.texture,flags/colored/videoresolution/6-Violet)">$LOCALIZE[31396]</value>
		<value condition="Skin.String(BackgroundEffect.texture,flags/colored/videoresolution/7-Magenta)">$LOCALIZE[31397]</value>
		<value condition="Skin.String(BackgroundEffect.texture,flags/colored/videoresolution/8-Yellow)">$LOCALIZE[743]</value>
		<value condition="Skin.String(BackgroundEffect.texture,flags/colored/videoresolution/9-Turquoise)">$LOCALIZE[31398]</value>
		<value condition="Skin.String(BackgroundEffect.texture,flags/colored/videoresolution/10-Brown)">$LOCALIZE[31399]</value>
		<value>$LOCALIZE[231]</value>
	</variable>
	<variable name="BackgroundTextureColorVar">
		<value condition="!String.IsEmpty(Skin.String(BackgroundTexture.color)) + !String.IsEqual(Skin.String(BackgroundTexture.color),None)">$INFO[Skin.String(BackgroundTexture.color)]</value>
		<value>background</value>
	</variable>
	<variable name="BackgroundTextureColorLabelVar">
		<value condition="!String.IsEmpty(Skin.String(BackgroundTexture.color)) + !String.IsEqual(Skin.String(BackgroundTexture.color),None)">[UPPERCASE]#$INFO[Skin.String(BackgroundTexture.color)][/UPPERCASE]</value>
		<value>$LOCALIZE[13278]</value>
	</variable>
	<variable name="BackgroundShadowColorVar">
		<value condition="!String.IsEmpty(Skin.String(BackgroundShadow.color)) + !String.IsEqual(Skin.String(BackgroundShadow.color),None)">$INFO[Skin.String(BackgroundShadow.color)]</value>
		<value>gradientbackground</value>
	</variable>
	<variable name="BackgroundShadowColorLabelVar">
		<value condition="!String.IsEmpty(Skin.String(BackgroundShadow.color)) + !String.IsEqual(Skin.String(BackgroundShadow.color),None)">[UPPERCASE]#$INFO[Skin.String(BackgroundShadow.color)][/UPPERCASE]</value>
		<value>$LOCALIZE[13278]</value>
	</variable>
	<!-- Topbar -->
	<variable name="TopbarTextureLabelVar">
		<value condition="Skin.String(TopbarTexture.texture,shadow)">$LOCALIZE[39166]</value>
		<value>$LOCALIZE[13278]</value>
	</variable>
	<variable name="TopbarTextureColorVar">
		<value condition="!String.IsEmpty(Skin.String(TopbarTexture.color)) + !String.IsEqual(Skin.String(TopbarTexture.color),None)">$INFO[Skin.String(TopbarTexture.color)]</value>
		<value>topbar</value>
	</variable>
	<variable name="TopbarTextureColorLabelVar">
		<value condition="!String.IsEmpty(Skin.String(TopbarTexture.color)) + !String.IsEqual(Skin.String(TopbarTexture.color),None)">[UPPERCASE]#$INFO[Skin.String(TopbarTexture.color)][/UPPERCASE]</value>
		<value>$LOCALIZE[13278]</value>
	</variable>
	<variable name="TopbarShadowTextureColorVar">
		<value condition="!String.IsEmpty(Skin.String(TopbarShadowTexture.color)) + !String.IsEqual(Skin.String(TopbarShadowTexture.color),None)">$INFO[Skin.String(TopbarShadowTexture.color)]</value>
		<value>black</value>
	</variable>
	<variable name="TopbarShadowTextureColorLabelVar">
		<value condition="!String.IsEmpty(Skin.String(TopbarShadowTexture.color)) + !String.IsEqual(Skin.String(TopbarShadowTexture.color),None)">[UPPERCASE]#$INFO[Skin.String(TopbarShadowTexture.color)][/UPPERCASE]</value>
		<value>$LOCALIZE[13278]</value>
	</variable>
	<!-- Floor -->
	<variable name="FloorStyleColorVar">
		<value condition="!String.IsEmpty(Skin.String(FloorStyle.color)) + !String.IsEqual(Skin.String(FloorStyle.color),None)">$INFO[Skin.String(FloorStyle.color)]</value>
		<value>floor</value>
	</variable>
	<variable name="FloorStyleColorLabelVar">
		<value condition="!String.IsEmpty(Skin.String(FloorStyle.color)) + !String.IsEqual(Skin.String(FloorStyle.color),None)">[UPPERCASE]#$INFO[Skin.String(FloorStyle.color)][/UPPERCASE]</value>
		<value>$LOCALIZE[13278]</value>
	</variable>
	<variable name="FloorHighlightColorVar">
		<value condition="!String.IsEmpty(Skin.String(FloorHighlight.color)) + !String.IsEqual(Skin.String(FloorHighlight.color),None)">$INFO[Skin.String(FloorHighlight.color)]</value>
		<value>highlight</value>
	</variable>
	<variable name="FloorHighlightColorLabelVar">
		<value condition="!String.IsEmpty(Skin.String(FloorHighlight.color)) + !String.IsEqual(Skin.String(FloorHighlight.color),None)">[UPPERCASE]#$INFO[Skin.String(FloorHighlight.color)][/UPPERCASE]</value>
		<value>$LOCALIZE[13278]</value>
	</variable>
	<variable name="PanelTextTVShowsColorVar">
		<value condition="!String.IsEmpty(Skin.String(PanelTextTVShows.color)) + !String.IsEqual(Skin.String(PanelTextTVShows.color),None)">$INFO[Skin.String(PanelTextTVShows.color)]</value>
		<value>text</value>
	</variable>
	<variable name="PanelTextTVShowsColorLabelVar">
		<value condition="!String.IsEmpty(Skin.String(PanelTextTVShows.color)) + !String.IsEqual(Skin.String(PanelTextTVShows.color),None)">[UPPERCASE]#$INFO[Skin.String(PanelTextTVShows.color)][/UPPERCASE]</value>
		<value>$LOCALIZE[13278]</value>
	</variable>
	<variable name="CountDownTimerColorVar">
		<value condition="!String.IsEmpty(Skin.String(CountDownTimer.color)) + !String.IsEqual(Skin.String(CountDownTimer.color),None)">$INFO[Skin.String(CountDownTimer.color)]</value>
		<value>text</value>
	</variable>
	<variable name="CountDownTimerColorLabelVar">
		<value condition="!String.IsEmpty(Skin.String(CountDownTimer.color)) + !String.IsEqual(Skin.String(CountDownTimer.color),None)">[UPPERCASE]#$INFO[Skin.String(CountDownTimer.color)][/UPPERCASE]</value>
		<value>$LOCALIZE[13278]</value>
	</variable>
	<variable name="CountDownTimerColorMovieLabelVar">
		<value condition="!Skin.HasSetting(CountDownTimer.color)">[COLOR $INFO[Skin.String(CountDownTimer.color)]]$INFO[Window(Home).Property(ItemListCountDownTimerMovie)][/COLOR]</value>		
		<value>$INFO[Window(Home).Property(ItemListCountDownTimerMovie)]</value>		
	</variable>
	<variable name="CountDownTimerColorPersonLabelVar">
		<value condition="!Skin.HasSetting(CountDownTimer.color)">[COLOR $INFO[Skin.String(CountDownTimer.color)]]$INFO[Window(Home).Property(ItemListCountDownTimerPerson)][/COLOR]</value>		
		<value>$INFO[Window(Home).Property(ItemListCountDownTimerPerson)]</value>		
	</variable>
	<variable name="CountDownTimerColorTMDBInfoLabelVar">
		<value condition="!Skin.HasSetting(CountDownTimer.color)">[COLOR $INFO[Skin.String(CountDownTimer.color)]]$INFO[Window(Home).Property(ItemListCountDownTimerMovie)][/COLOR]</value>		
		<value>$INFO[Window(Home).Property(ItemListCountDownTimerMovie)]</value>		
	</variable>	
	<variable name="PanelTextPlayerOSDColorVar">
		<value condition="!String.IsEmpty(Skin.String(PanelTextPlayerOSD.color)) + !String.IsEqual(Skin.String(PanelTextPlayerOSD.color),None)">$INFO[Skin.String(PanelTextPlayerOSD.color)]</value>
		<value>text</value>
	</variable>
	<variable name="PanelTextPlayerOSDColorLabelVar">
		<value condition="!String.IsEmpty(Skin.String(PanelTextPlayerOSD.color)) + !String.IsEqual(Skin.String(PanelTextPlayerOSD.color),None)">[UPPERCASE]#$INFO[Skin.String(PanelTextPlayerOSD.color)][/UPPERCASE]</value>
		<value>$LOCALIZE[13278]</value>
	</variable>			
	<!-- Color picker -->
	<variable name="ColorPickerLabelVar">
		<value condition="!String.IsEmpty(Window.Property(colorname)) + !String.IsEqual(Window.Property(colorname),None)">$LOCALIZE[737] [COLOR $INFO[Window.Property(colorstring)]]$INFO[Window.Property(colorname)][/COLOR]</value>
		<value condition="!String.IsEmpty(Window.Property(colorstring))">$LOCALIZE[737] [COLOR $INFO[Window.Property(colorstring)]]$INFO[Window.Property(colorstring)][/COLOR]</value>
		<value>$LOCALIZE[737] [COLOR $VAR[PanelTextColorVar]]$LOCALIZE[571][/COLOR]</value>
	</variable>
	<!-- <variable name="ColorPickerLabelVar2">
		<value>[COLOR $VAR[PanelHighlightColorVar]][CAPITALIZE]$LOCALIZE[33051][/CAPITALIZE] $LOCALIZE[737]:  [/COLOR]$INFO[Container(6).ListItem.Label,, - ]$INFO[Container(6).ListItem.Label2,#,]</value>
	</variable> -->
	<!-- PARAM -->
	<include name="CustomColorRadioButton">
		<param name="ColorStringVar" />
		<definition>
			<width>1395</width>
			<height>67</height>
			<textoffsetx>35</textoffsetx>
			<textureradioonfocus colordiffuse="$PARAM[ColorStringVar]">colors/white.png</textureradioonfocus>
			<textureradioonnofocus colordiffuse="$PARAM[ColorStringVar]">colors/white.png</textureradioonnofocus>
			<textureradioofffocus colordiffuse="$PARAM[ColorStringVar]">colors/white.png</textureradioofffocus>
			<textureradiooffnofocus colordiffuse="$PARAM[ColorStringVar]">colors/white.png</textureradiooffnofocus>
			<!-- <onclick condition="!System.AddonIsEnabled(script.skin.helper.colorpicker)">EnableAddon(script.skin.helper.colorpicker)</onclick> -->
			<!-- <onclick condition="!System.HasAddon(script.skin.helper.colorpicker)">InstallAddon(script.skin.helper.colorpicker)</onclick> -->
		</definition>
	</include>
		<include name="CustomColorRadioButtonIcons">
		<param name="ColorStringVar" />
		<definition>
			<width>1395</width>
			<height>67</height>
			<textoffsetx>35</textoffsetx>
			<textureradioonfocus colordiffuse="$PARAM[ColorStringVar]">colors/white.png</textureradioonfocus>
			<textureradioonnofocus colordiffuse="$PARAM[ColorStringVar]">colors/white.png</textureradioonnofocus>
			<textureradioofffocus colordiffuse="$PARAM[ColorStringVar]">colors/white.png</textureradioofffocus>
			<textureradiooffnofocus colordiffuse="$PARAM[ColorStringVar]">colors/white.png</textureradiooffnofocus>
			<!-- <onclick condition="!System.AddonIsEnabled(script.skin.helper.colorpicker)">EnableAddon(script.skin.helper.colorpicker)</onclick> -->
			<!-- <onclick condition="!System.HasAddon(script.skin.helper.colorpicker)">InstallAddon(script.skin.helper.colorpicker)</onclick> -->
		</definition>
	</include>
</includes>