<?xml version="1.0" encoding="utf-8"?>
<window>
	<defaultcontrol always="true">22</defaultcontrol>
	<include>AnimationDialogPopupWindow</include>
	<controls>
		<control type="group">
			<!-- <visible>!Window.IsVisible(smartplaylistrule) + !Window.IsVisible(selectdialog) + !Window.IsVisible(virtualkeyboard)</visible> -->
			<include>AnimationDialogPopupVisible</include>
			<include content="DialogBackground">
				<param name="width" value="1683"/>
				<param name="height" value="760"/>
				<param name="id">2</param>
				<param name="diffusetexture">diffuse/rounded10-1724x680.png</param>
			</include>
			<control type="image">
				<left>1412</left>
				<top>14</top>
				<width>161.5</width>
				<height>86</height>
				<aspectratio>keep</aspectratio>
				<texture>icons/logo.png</texture>
			</control>
			<!-- Left menu -->
			<control type="grouplist" id="500">
				<left>20</left>
				<top>90</top>
				<onright>10</onright>
				<control type="button" id="22">
					<description>Set Playlist type</description>
					<width>700</width>
					<include>DialogButton</include>
					<label>$LOCALIZE[467]</label>
				</control>
				<control type="button" id="12">
					<description>Name Button</description>
					<width>700</width>
					<label>$LOCALIZE[21433]</label>
					<include>DialogButton</include>
				</control>
				<control type="button" id="16">
					<width>700</width>
					<label>$LOCALIZE[21424]</label>
					<include>DialogButton</include>
				</control>
				<control type="button" id="17">
					<width>700</width>
					<label>$LOCALIZE[21427]</label>
					<include>DialogButton</include>
				</control>
				<control type="button" id="18">
					<width>700</width>
					<label>$LOCALIZE[21429]</label>
					<include>DialogButton</include>
				</control>
				<control type="button" id="19">
					<width>700</width>
					<include>DialogButton</include>
					<label>$LOCALIZE[31003]</label>
				</control>
				<control type="button" id="23">
					<width>700</width>
					<label>$LOCALIZE[21458]</label>
					<include>DialogButton</include>
				</control>
				<control type="radiobutton" id="24">
					<texturenofocus/>
					<width>700</width>
					<textwidth>542</textwidth>
					<radioposx>592</radioposx>
					<label>$LOCALIZE[467]: $LOCALIZE[21459]</label>
					<include>DialogRadioButton</include>
				</control>
			</control>
			<control type="image">
				<left>720</left>
				<include>DialogVerticalSeparator</include>
			</control>
			<!-- Right menu -->
			<control type="list" id="10">
				<description>Rules List Control</description>
				<left>721</left>
				<top>90</top>
				<width>620</width>
				<height>375</height>
				<onleft>500</onleft>
				<onright>60</onright>
				<pagecontrol>60</pagecontrol>
				<include content="DialogListDefault">
					<param name="id">10</param>
				</include>
			</control>
			<control type="textbox">
				<left>761</left>
				<top>488</top>
				<width>540</width>
				<height>180</height>
				<aligny>center</aligny>
				<label>$LOCALIZE[31010]</label>
				<textcolor>$VAR[PanelSubTextColorVar]</textcolor>
				<font>Font29_Cond</font>
			</control>
			<control type="image">
				<right>338</right>
				<include>DialogVerticalSeparator</include>
			</control>
			<control type="grouplist" id="8000">
				<right>50</right>
				<top>100</top>
				<width>280</width>
				<onleft>60</onleft>
				<include content="DialogButtonAction">
					<param name="id">20</param>
					<param name="label">$LOCALIZE[186]</param>
				</include>
				<include content="DialogButtonAction">
					<param name="id">21</param>
					<param name="label">$LOCALIZE[222]</param>
				</include>
			</control>
			<control type="image">
				<include>DialogHorizontalSeparator</include>
			</control>
			<control type="label">
				<include>DialogItemCountLabel</include>
				<label>$INFO[Container(10).NumItems,, $LOCALIZE[31001]]$INFO[Container(10).CurrentPage, - ]$INFO[Container(10).NumPages,/]</label>
			</control>
			<control type="scrollbar" id="60">
				<right>321</right>
				<onleft>10</onleft>
				<onright>8000</onright>
				<include>DialogScrollBar</include>
			</control>
		</control>
	</controls>
</window>