<?xml version="1.0" encoding="UTF-8"?>
<includes>
	<!-- View content -->
	<include name="ViewPVRListLayout">
		<param name="visible">false</param>
		<param name="id"/>
		<param name="label"/>
		<param name="labelright">25</param>
		<param name="rightlabel"/>
		<param name="progressvisible">false</param>
		<param name="overlayiconvisible">false</param>
		<param name="biglistvisible"/>
		<definition>
			<include>ContainerScrollTime</include>
			<itemlayout height="72.7" condition="!$PARAM[biglistvisible] + $PARAM[visible]">
				<control type="image">
					<texture border="30" colordiffuse="$VAR[PanelListSeparatorColorVar]">buttons/list-select-nofocus.png</texture>
				</control>
				<control type="label">
					<visible>ListItem.IsParentFolder</visible>
					<animation effect="fade" end="70" condition="true">conditional</animation>
					<left>103</left>
					<right>25</right>
					<label>..</label>
					<textcolor>$VAR[PanelTextColorVar]</textcolor>
				</control>
				<control type="image">
					<visible>String.IsEmpty(Window.Property(IsRadio))</visible>
					<animation effect="fade" end="70" condition="true">conditional</animation>
					<top>10</top>
					<bottom>10</bottom>
					<left>25</left>
					<width>53</width>
					<aspectratio>keep</aspectratio>
					<texture background="true" diffuse="diffuse/list-icon.png" fallback="DefaultTVShows.png">$INFO[ListItem.Icon]</texture>
				</control>
				<control type="image">
					<visible>!String.IsEmpty(Window.Property(IsRadio))</visible>
					<animation effect="fade" end="70" condition="true">conditional</animation>
					<top>10</top>
					<bottom>10</bottom>
					<left>25</left>
					<width>53</width>
					<aspectratio>keep</aspectratio>
					<texture background="true" diffuse="diffuse/list-icon.png" fallback="DefaultAudio.png">$INFO[ListItem.Icon]</texture>
				</control>
				<control type="group">
					<visible>!ListItem.IsParentFolder</visible>
					<animation effect="fade" end="70" condition="true">conditional</animation>
					<control type="label">
						<left>103</left>
						<right>$PARAM[labelright]</right>
						<label fallback="13205">$PARAM[label]</label>
						<textcolor>$VAR[PanelTextColorVar]</textcolor>
					</control>
					<control type="label">
						<visible>!$PARAM[progressvisible] + ![ListItem.IsRecording | ListItem.HasTimerSchedule | ListItem.HasTimer | ListItem.HasArchive | ListItem.HasReminder]</visible>
						<right>$PARAM[labelright]</right>
						<align>right</align>
						<textcolor>$VAR[PanelTextColorVar]</textcolor>
						<label>$PARAM[rightlabel]</label>
					</control>
					<control type="label">
						<visible>!$PARAM[progressvisible] + [ListItem.IsRecording | ListItem.HasTimerSchedule | ListItem.HasTimer | ListItem.HasArchive | ListItem.HasReminder]</visible>
						<right>65</right>
						<align>right</align>
						<textcolor>$VAR[PanelTextColorVar]</textcolor>
						<label>$PARAM[rightlabel]</label>
					</control>
					<control type="progress">
						<visible>$PARAM[progressvisible] + [ListItem.IsRecording | ListItem.HasTimerSchedule | ListItem.HasTimer | ListItem.HasArchive | ListItem.HasReminder]</visible>
						<top>26</top>
						<right>65</right>
						<width>100</width>
						<info>ListItem.Progress</info>
						<midtexture colordiffuse="$VAR[PanelHighlightColorVar]" border="8">panels/progress-control/progress-mid.png</midtexture>
					</control>
					<control type="progress">
						<visible>$PARAM[progressvisible] + ![ListItem.IsRecording | ListItem.HasTimerSchedule | ListItem.HasTimer | ListItem.HasArchive | ListItem.HasReminder]</visible>
						<top>26</top>
						<right>25</right>
						<width>100</width>
						<info>ListItem.Progress</info>
						<midtexture colordiffuse="$VAR[PanelHighlightColorVar]" border="8">panels/progress-control/progress-mid.png</midtexture>
					</control>
					<control type="label">
						<visible>!Window.IsVisible(MyPVRRecordings) + [ListItem.IsRecording | ListItem.HasTimerSchedule | ListItem.HasTimer | ListItem.HasArchive | ListItem.HasReminder]</visible>
						<right>25</right>
						<align>right</align>
						<font>Font30_Icon</font>
						<textcolor>$VAR[PanelTextColorVar]</textcolor>
						<label>$VAR[PVRStatusImageVar]</label>
					</control>
				</control>
				<control type="image">
					<visible>$PARAM[overlayiconvisible]</visible>
					<right>23</right>
					<width>32</width>
					<aspectratio>keep</aspectratio>
					<texture colordiffuse="$VAR[PanelHighlightColorVar]">$VAR[ListOverlayIconVar]</texture>
				</control>
			</itemlayout>
			<focusedlayout height="72.7" condition="!$PARAM[biglistvisible] + $PARAM[visible]">
				<control type="image">
					<texture border="10" colordiffuse="$VAR[PanelHighlightColorVar]">buttons/list-select-focus.png</texture>
					<animation effect="fade" start="100" end="30" time="100" condition="!Control.HasFocus($PARAM[id])">Conditional</animation>
				</control>
				<control type="label">
					<visible>ListItem.IsParentFolder</visible>
					<left>103</left>
					<right>25</right>
					<label>..</label>
					<textcolor>$VAR[PanelFocusTextColorVar]</textcolor>
				</control>
				<control type="image">
					<visible>String.IsEmpty(Window.Property(IsRadio))</visible>
					<top>10</top>
					<bottom>10</bottom>
					<left>25</left>
					<width>53</width>
					<aspectratio>keep</aspectratio>
					<texture background="true" diffuse="diffuse/list-icon.png" fallback="DefaultTVShows.png">$INFO[ListItem.Icon]</texture>
				</control>
				<control type="image">
					<visible>!String.IsEmpty(Window.Property(IsRadio))</visible>
					<top>10</top>
					<bottom>10</bottom>
					<left>25</left>
					<width>53</width>
					<aspectratio>keep</aspectratio>
					<texture background="true" diffuse="diffuse/list-icon.png" fallback="DefaultAudio.png">$INFO[ListItem.Icon]</texture>
				</control>
				<control type="group">
					<visible>!ListItem.IsParentFolder</visible>
					<control type="label">
						<left>103</left>
						<right>$PARAM[labelright]</right>
						<label fallback="13205">$PARAM[label]</label>
						<textcolor>$VAR[PanelFocusTextColorVar]</textcolor>
					</control>
					<control type="label">
						<visible>!$PARAM[progressvisible] + ![ListItem.IsRecording | ListItem.HasTimerSchedule | ListItem.HasTimer | ListItem.HasArchive | ListItem.HasReminder]</visible>
						<right>$PARAM[labelright]</right>
						<align>right</align>
						<textcolor>$VAR[PanelFocusTextColorVar]</textcolor>
						<label>$PARAM[rightlabel]</label>
					</control>
					<control type="label">
						<visible>!$PARAM[progressvisible] + [ListItem.IsRecording | ListItem.HasTimerSchedule | ListItem.HasTimer | ListItem.HasArchive | ListItem.HasReminder]</visible>
						<right>65</right>
						<align>right</align>
						<textcolor>$VAR[PanelFocusTextColorVar]</textcolor>
						<label>$PARAM[rightlabel]</label>
					</control>
					<control type="progress">
						<visible>$PARAM[progressvisible] + [ListItem.IsRecording | ListItem.HasTimerSchedule | ListItem.HasTimer | ListItem.HasArchive | ListItem.HasReminder]</visible>
						<top>26</top>
						<right>65</right>
						<width>100</width>
						<info>ListItem.Progress</info>
						<midtexture colordiffuse="$VAR[PanelHighlightColorVar]" border="8">panels/progress-control/progress-mid.png</midtexture>
					</control>
					<control type="progress">
						<visible>$PARAM[progressvisible] + ![ListItem.IsRecording | ListItem.HasTimerSchedule | ListItem.HasTimer | ListItem.HasArchive | ListItem.HasReminder]</visible>
						<top>26</top>
						<right>25</right>
						<width>100</width>
						<info>ListItem.Progress</info>
						<midtexture colordiffuse="$VAR[PanelHighlightColorVar]" border="8">panels/progress-control/progress-mid.png</midtexture>
					</control>
					<control type="label">
						<visible>!Window.IsVisible(MyPVRRecordings) + [ListItem.IsRecording | ListItem.HasTimerSchedule | ListItem.HasTimer | ListItem.HasArchive | ListItem.HasReminder]</visible>
						<right>25</right>
						<align>right</align>
						<font>Font30_Icon</font>
						<textcolor>$VAR[PanelTextColorVar]</textcolor>
						<label>$VAR[PVRStatusImageVar]</label>
					</control>
				</control>
				<control type="image">
					<visible>$PARAM[overlayiconvisible]</visible>
					<right>23</right>
					<width>32</width>
					<aspectratio>keep</aspectratio>
					<texture colordiffuse="$VAR[PanelHighlightColorVar]">$VAR[ListOverlayIconVar]</texture>
				</control>
			</focusedlayout>
		</definition>
	</include>
	<include name="ViewPVRBigListLayout">
		<param name="visible">false</param>
		<param name="id"/>
		<param name="label"/>
		<param name="labelright">25</param>
		<param name="sublabel"/>
		<param name="sublabelvisible">true</param>
		<param name="rightlabel"/>
		<param name="progressvisible">false</param>
		<param name="overlayiconvisible">false</param>
		<param name="biglistvisible"/>
		<definition>
			<include>ContainerScrollTime</include>
			<itemlayout height="100" condition="$PARAM[biglistvisible] + $PARAM[visible]">
				<control type="image">
					<texture border="30" colordiffuse="$VAR[PanelListSeparatorColorVar]">buttons/list-select-nofocus.png</texture>
				</control>
				<control type="group">
					<animation effect="fade" end="70" condition="true">conditional</animation>
					<control type="label">
						<visible>ListItem.IsParentFolder</visible>
						<left>130</left>
						<right>25</right>
						<label>..</label>
						<textcolor>$VAR[PanelTextColorVar]</textcolor>
					</control>
					<control type="image">
						<visible>String.IsEmpty(Window.Property(IsRadio))</visible>
						<top>10</top>
						<left>25</left>
						<bottom>10</bottom>
						<width>80</width>
						<aspectratio>keep</aspectratio>
						<texture background="true" diffuse="diffuse/list-icon.png" fallback="DefaultTVShows.png">$INFO[ListItem.Icon]</texture>
					</control>
					<control type="image">
						<visible>!String.IsEmpty(Window.Property(IsRadio))</visible>
						<top>10</top>
						<left>25</left>
						<bottom>10</bottom>
						<width>80</width>
						<aspectratio>keep</aspectratio>
						<texture background="true" diffuse="diffuse/list-icon.png" fallback="DefaultAudio.png">$INFO[ListItem.Icon]</texture>
					</control>
				</control>
				<control type="group">
					<visible>!ListItem.IsParentFolder</visible>
					<animation effect="fade" end="70" condition="true">conditional</animation>
					<control type="label">
						<visible>$PARAM[sublabelvisible]</visible>
						<top>11</top>
						<left>130</left>
						<right>$PARAM[labelright]</right>
						<height>40</height>
						<label fallback="13205">$PARAM[label]</label>
						<font>Font32_Reg</font>
						<textcolor>$VAR[PanelTextColorVar]</textcolor>
					</control>
					<control type="label">
						<visible>!$PARAM[sublabelvisible]</visible>
						<left>130</left>
						<right>$PARAM[labelright]</right>
						<label fallback="13205">$PARAM[label]</label>
						<font>Font32_Reg</font>
						<textcolor>$VAR[PanelTextColorVar]</textcolor>
					</control>
					<control type="label">
						<visible>$PARAM[sublabelvisible]</visible>
						<bottom>11</bottom>
						<left>130</left>
						<right>$PARAM[labelright]</right>
						<height>40</height>
						<font>Font28_Reg</font>
						<label>$PARAM[sublabel]</label>
						<textcolor>$VAR[PanelSubTextColorVar]</textcolor>
					</control>
					<control type="label">
						<visible>!$PARAM[progressvisible] + ![ListItem.IsRecording | ListItem.HasTimerSchedule | ListItem.HasTimer | ListItem.HasRecording | ListItem.HasReminder]</visible>
						<right>$PARAM[labelright]</right>
						<align>right</align>
						<textcolor>$VAR[PanelTextColorVar]</textcolor>
						<label>$PARAM[rightlabel]</label>
					</control>
					<control type="label">
						<visible>!$PARAM[progressvisible] + [ListItem.IsRecording | ListItem.HasTimerSchedule | ListItem.HasTimer | ListItem.HasRecording | ListItem.HasReminder]</visible>
						<right>65</right>
						<align>right</align>
						<textcolor>$VAR[PanelTextColorVar]</textcolor>
						<label>$PARAM[rightlabel]</label>
					</control>
					<control type="progress">
						<visible>$PARAM[progressvisible] + [ListItem.IsRecording | ListItem.HasTimerSchedule | ListItem.HasTimer | ListItem.HasArchive | ListItem.HasReminder]</visible>
						<top>40</top>
						<right>65</right>
						<width>100</width>
						<info>ListItem.Progress</info>
						<midtexture colordiffuse="$VAR[PanelHighlightColorVar]" border="8">panels/progress-control/progress-mid.png</midtexture>
					</control>
					<control type="progress">
						<visible>$PARAM[progressvisible] + ![ListItem.IsRecording | ListItem.HasTimerSchedule | ListItem.HasTimer | ListItem.HasArchive | ListItem.HasReminder]</visible>
						<top>40</top>
						<right>25</right>
						<width>100</width>
						<info>ListItem.Progress</info>
						<midtexture colordiffuse="$VAR[PanelHighlightColorVar]" border="8">panels/progress-control/progress-mid.png</midtexture>
					</control>
					<control type="label">
						<right>25</right>
						<align>right</align>
						<font>Font30_Icon</font>
						<textcolor>$VAR[PanelTextColorVar]</textcolor>
						<label>$VAR[PVRStatusImageVar]</label>
					</control>
					<control type="image">
						<visible>$PARAM[overlayiconvisible]</visible>
						<right>23</right>
						<width>32</width>
						<aspectratio>keep</aspectratio>
						<texture colordiffuse="$VAR[PanelHighlightColorVar]">$VAR[ListOverlayIconVar]</texture>
					</control>
				</control>
			</itemlayout>
			<focusedlayout height="100" condition="$PARAM[biglistvisible] + $PARAM[visible]">
				<control type="image">
					<texture border="10" colordiffuse="$VAR[PanelHighlightColorVar]">buttons/list-select-focus.png</texture>
					<animation effect="fade" start="100" end="30" time="100" condition="!Control.HasFocus($PARAM[id])">Conditional</animation>
				</control>
				<control type="label">
					<visible>ListItem.IsParentFolder</visible>
					<left>130</left>
					<right>25</right>
					<label>..</label>
					<textcolor>$VAR[PanelFocusTextColorVar]</textcolor>
				</control>
				<control type="image">
					<visible>String.IsEmpty(Window.Property(IsRadio))</visible>
					<top>10</top>
					<left>25</left>
					<bottom>10</bottom>
					<width>80</width>
					<aspectratio>keep</aspectratio>
					<texture background="true" diffuse="diffuse/list-icon.png" fallback="DefaultTVShows.png">$INFO[ListItem.Icon]</texture>
				</control>
				<control type="image">
					<visible>!String.IsEmpty(Window.Property(IsRadio))</visible>
					<top>10</top>
					<left>25</left>
					<bottom>10</bottom>
					<width>80</width>
					<aspectratio>keep</aspectratio>
					<texture background="true" diffuse="diffuse/list-icon.png" fallback="DefaultAudio.png">$INFO[ListItem.Icon]</texture>
				</control>
				<control type="group">
					<visible>!ListItem.IsParentFolder</visible>
					<control type="label">
						<visible>$PARAM[sublabelvisible]</visible>
						<top>11</top>
						<left>130</left>
						<right>$PARAM[labelright]</right>
						<height>40</height>
						<label fallback="13205">$PARAM[label]</label>
						<font>Font32_Reg</font>
						<textcolor>$VAR[PanelFocusTextColorVar]</textcolor>
					</control>
					<control type="label">
						<visible>!$PARAM[sublabelvisible]</visible>
						<left>130</left>
						<right>$PARAM[labelright]</right>
						<label fallback="13205">$PARAM[label]</label>
						<font>Font32_Reg</font>
						<textcolor>$VAR[PanelFocusTextColorVar]</textcolor>
					</control>
					<control type="label">
						<visible>$PARAM[sublabelvisible]</visible>
						<animation effect="fade" end="70" condition="true">conditional</animation>
						<bottom>11</bottom>
						<left>130</left>
						<right>$PARAM[labelright]</right>
						<height>40</height>
						<font>Font28_Reg</font>
						<label>$PARAM[sublabel]</label>
						<textcolor>$VAR[PanelFocusTextColorVar]</textcolor>
					</control>
					<control type="label">
						<visible>!$PARAM[progressvisible] + ![ListItem.IsRecording | ListItem.HasTimerSchedule | ListItem.HasTimer | ListItem.HasRecording | ListItem.HasReminder]</visible>
						<right>$PARAM[labelright]</right>
						<align>right</align>
						<textcolor>$VAR[PanelFocusTextColorVar]</textcolor>
						<label>$PARAM[rightlabel]</label>
					</control>
					<control type="label">
						<visible>!$PARAM[progressvisible] + [ListItem.IsRecording | ListItem.HasTimerSchedule | ListItem.HasTimer | ListItem.HasRecording | ListItem.HasReminder]</visible>
						<right>65</right>
						<align>right</align>
						<textcolor>$VAR[PanelFocusTextColorVar]</textcolor>
						<label>$PARAM[rightlabel]</label>
					</control>
					<control type="progress">
						<visible>$PARAM[progressvisible] + [ListItem.IsRecording | ListItem.HasTimerSchedule | ListItem.HasTimer | ListItem.HasArchive | ListItem.HasReminder]</visible>
						<top>39</top>
						<right>65</right>
						<width>100</width>
						<info>ListItem.Progress</info>
						<midtexture colordiffuse="$VAR[PanelHighlightColorVar]" border="8">panels/progress-control/progress-mid.png</midtexture>
					</control>
					<control type="progress">
						<visible>$PARAM[progressvisible] + ![ListItem.IsRecording | ListItem.HasTimerSchedule | ListItem.HasTimer | ListItem.HasArchive | ListItem.HasReminder]</visible>
						<top>39</top>
						<right>25</right>
						<width>100</width>
						<info>ListItem.Progress</info>
						<midtexture colordiffuse="$VAR[PanelHighlightColorVar]" border="8">panels/progress-control/progress-mid.png</midtexture>
					</control>
					<control type="label">
						<right>25</right>
						<align>right</align>
						<font>Font30_Icon</font>
						<textcolor>$VAR[PanelTextColorVar]</textcolor>
						<label>$VAR[PVRStatusImageVar]</label>
					</control>
					<control type="image">
						<visible>$PARAM[overlayiconvisible]</visible>
						<right>23</right>
						<width>32</width>
						<aspectratio>keep</aspectratio>
						<texture colordiffuse="$VAR[PanelHighlightColorVar]">$VAR[ListOverlayIconVar]</texture>
					</control>
				</control>
			</focusedlayout>
		</definition>
	</include>
	<include name="ViewContainerPVRList">
		<include content="ViewPVRListLayout">
			<param name="visible">Window.IsActive(MyPVRChannels.xml)</param>
			<param name="id">$PARAM[id]</param>
			<param name="label">$PARAM[listlabel2]</param>
			<param name="labelright">150</param>
			<param name="progressvisible">true</param>
			<param name="biglistvisible">$PARAM[biglistvisible]</param>
		</include>
		<include content="ViewPVRListLayout">
			<param name="visible">Window.IsActive(MyPVRRecordings.xml)</param>
			<param name="id">$PARAM[id]</param>
			<param name="label">$INFO[ListItem.Label]</param>
			<param name="labelright">78</param>
			<param name="rightlabel">$INFO[ListItem.Date]</param>
			<param name="overlayiconvisible">true</param>
			<param name="biglistvisible">$PARAM[biglistvisible]</param>
		</include>
		<include content="ViewPVRListLayout">
			<param name="visible">true</param>
			<param name="id">$PARAM[id]</param>
			<param name="label">$PARAM[listlabel]</param>
			<param name="rightlabel">$INFO[ListItem.Date]</param>
			<param name="biglistvisible">$PARAM[biglistvisible]</param>
		</include>
		<include content="ViewPVRBigListLayout">
			<param name="visible">Window.IsActive(MyPVRChannels.xml)</param>
			<param name="id">$PARAM[id]</param>
			<param name="label">$PARAM[listlabel3]</param>
			<param name="labelright">150</param>
			<param name="sublabel">$INFO[ListItem.ChannelName]</param>
			<param name="progressvisible">true</param>
			<param name="biglistvisible">$PARAM[biglistvisible]</param>
		</include>
		<include content="ViewPVRBigListLayout">
			<param name="visible">Window.IsActive(MyPVRRecordings.xml)</param>
			<param name="id">$PARAM[id]</param>
			<param name="label">$INFO[ListItem.Label]</param>
			<param name="labelright">78</param>
			<param name="sublabel">$INFO[ListItem.Date]</param>
			<param name="rightlabel">$INFO[ListItem.Duration]</param>
			<param name="overlayiconvisible">true</param>
			<param name="biglistvisible">$PARAM[biglistvisible]</param>
		</include>
		<include content="ViewPVRBigListLayout">
			<param name="visible">Window.IsActive(MyPVRTimers.xml)</param>
			<param name="id">$PARAM[id]</param>
			<param name="label">$INFO[ListItem.Label]</param>
			<param name="sublabel">$INFO[ListItem.Date]</param>
			<param name="sublabelvisible">!String.IsEmpty(ListItem.Date)</param>
			<param name="rightlabel">$INFO[ListItem.ChannelName]</param>
			<param name="biglistvisible">$PARAM[biglistvisible]</param>
		</include>
		<include content="ViewPVRBigListLayout">
			<param name="visible">Window.IsActive(MyPVRSearch.xml)</param>
			<param name="id">$PARAM[id]</param>
			<param name="label">$INFO[ListItem.Label]</param>
			<param name="sublabel">$INFO[ListItem.ChannelName]</param>
			<param name="rightlabel">$INFO[ListItem.Date]</param>
			<param name="sublabelvisible">!String.IsEmpty(ListItem.Date)</param>
			<param name="biglistvisible">$PARAM[biglistvisible]</param>
		</include>
	</include>
	<!-- PVR views -->
	<include name="View50PVRCoverList">
		<!-- Floor -->
		<include content="Floor">
			<param name="visible">Skin.HasSetting(PVRHideFloor) + Control.IsVisible(50)</param>
			<param name="highlight">FloorHighlightRight</param>
			<param name="animationopen">$EXP[PVRAnimationOpenCondition]</param>
			<param name="animationclose">$EXP[PVRAnimationCloseCondition]</param>
		</include>
		<!-- List -->
		<control type="group">
			<visible>Control.IsVisible(50)</visible>
			<include content="AnimationSlideLeftWindow">
				<param name="slide">1338</param>
			</include>
			<include content="AnimationSlideLeftVisible">
				<param name="slide">1338</param>
			</include>
			<include content="PanelDefault">
				<param name="right">662</param>
				<param name="righttexture">682</param>
				<param name="diffusetexture">diffuse/rounded20-1138x880.png</param>
				<param name="reflect">!Skin.HasSetting(PVRHideReflect)</param>
			</include>
			<control type="list" id="50">
				<top>141</top>
				<left>100</left>
				<width>1138</width>
				<height>800</height>
				<onleft>9069</onleft>
				<onright>6050</onright>
				<pagecontrol>6050</pagecontrol>
				<viewtype label="$LOCALIZE[31259]">list</viewtype>
				<include content="ViewContainerPVRList">
					<param name="id">50</param>
					<param name="biglistvisible">Skin.HasSetting(View50PVRBigList)</param>
					<param name="listlabel">$VAR[View50PVRLabelVar]</param>
					<param name="listlabel2">$VAR[View50PVRLabel2Var]</param>
					<param name="listlabel3">$VAR[View50PVRLabel3Var]</param>
				</include>
			</control>
			<control type="scrollbar" id="6050">
				<top>140</top>
				<left>1218</left>
				<bottom>140</bottom>
				<onleft>50</onleft>
			</control>
		</control>
		<!-- Art -->
		<control type="group">
			<visible>Control.IsVisible(50)</visible>
			<include content="AnimationSlideRightWindow">
				<param name="slide">652</param>
			</include>
			<include content="AnimationSlideRightVisible">
				<param name="slide">652</param>
			</include>
			<control type="group">
				<include>AnimationVisibleFade</include>
				<top>398</top>
				<left>1278</left>
				<width>552</width>
				<height>552</height>
				<control type="group">
					<visible>!Skin.HasSetting(PVRHideReflect)</visible>
					<top>537</top>
					<height>552</height>
					<include content="ViewArtworkReflect">
						<param name="aspect">keep</param>
						<param name="art">$INFO[ListItem.Icon]</param>
					</include>
				</control>
				<include content="ViewArtwork">
					<param name="aspect">keep</param>
					<param name="art">$INFO[ListItem.Icon]</param>
					<param name="diffuse">diffuse/rounded5-532x532.png</param>
				</include>
			</control>
			<!-- Media flags -->
			<include>MediaFlagsPVR</include>
		</control>
	</include>
	<include name="View51PVRSimpleList">
		<!-- Floor -->
		<include content="Floor">
			<param name="visible">Skin.HasSetting(PVRHideFloor) + Control.IsVisible(51)</param>
			<param name="highlight">FloorHighlightRight</param>
			<param name="animationopen">$EXP[PVRAnimationOpenCondition]</param>
			<param name="animationclose">$EXP[PVRAnimationCloseCondition]</param>
		</include>
		<!-- List -->
		<control type="group">
			<visible>Control.IsVisible(51)</visible>
			<include>AnimationZoomWindow</include>
			<include>AnimationZoomVisible</include>
			<include content="PanelDefault">
				<param name="reflect">!Skin.HasSetting(PVRHideReflect)</param>
			</include>
			<control type="list" id="51">
				<top>141</top>
				<left>100</left>
				<width>1720</width>
				<height>800</height>
				<onleft>9069</onleft>
				<onright>6051</onright>
				<pagecontrol>6051</pagecontrol>
				<viewtype label="$LOCALIZE[535]">list</viewtype>
				<include content="ViewContainerPVRList">
					<param name="id">51</param>
					<param name="biglistvisible">Skin.HasSetting(View51PVRBigList)</param>
					<param name="listlabel">$VAR[View51PVRLabelVar]</param>
					<param name="listlabel2">$VAR[View51PVRLabel2Var]</param>
					<param name="listlabel3">$VAR[View51PVRLabel3Var]</param>
				</include>
			</control>
			<control type="scrollbar" id="6051">
				<top>140</top>
				<right>80</right>
				<bottom>140</bottom>
				<onleft>51</onleft>
			</control>
			<!-- Media flags -->
			<include content="MediaFlagsPVR">
				<param name="bottom">10</param>
			</include>
		</control>
	</include>
	<include name="View52PVRInfoList">
		<!-- Floor -->
		<include content="Floor">
			<param name="visible">Skin.HasSetting(PVRHideFloor) + Control.IsVisible(52)</param>
			<param name="highlight">FloorHighlightRight</param>
			<param name="animationopen">$EXP[PVRAnimationOpenCondition]</param>
			<param name="animationclose">$EXP[PVRAnimationCloseCondition]</param>
		</include>
		<!-- Art/Info -->
		<control type="group">
			<visible>Control.IsVisible(52)</visible>
			<include>AnimationSlidePanel</include>
			<include content="PanelSideBlade">
				<param name="left">1092</param>
				<param name="width">748</param>
				<param name="lefttexture">1092</param>
				<param name="widthtexture">728</param>
				<param name="diffusetexture">diffuse/siderounded20-728x820.png</param>
				<param name="reflect">!Skin.HasSetting(PVRHideReflect)</param>
			</include>
			<control type="group">
				<top>194</top>
				<right>125</right>
				<width>678</width>
				<height>381</height>
				<control type="image">
					<texture colordiffuse="ff000000" border="10">buttons/thumb-select-focus.png</texture>
				</control>
				<control type="image">
					<visible>String.IsEmpty(Window.Property(IsRadio)) + ![Player.HasVideo + Skin.HasSetting(View52PVRVideoPreviewWindow)]</visible>
					<fadetime>TextureFadeTime</fadetime>
					<aspectratio align="center" aligny="center" scalediffuse="false">keep</aspectratio>
					<texture background="true" fallback="DefaultTVShows.png" diffuse="diffuse/rounded5-678x381.png">$VAR[FanartVar]</texture>
				</control>
				<control type="image">
					<visible>!String.IsEmpty(Window.Property(IsRadio)) + ![Player.HasVideo + Skin.HasSetting(View52PVRVideoPreviewWindow)]</visible>
					<fadetime>TextureFadeTime</fadetime>
					<aspectratio align="center" aligny="center" scalediffuse="false">keep</aspectratio>
					<texture background="true" fallback="DefaultAudio.png" diffuse="diffuse/rounded5-678x381.png">$VAR[FanartVar]</texture>
				</control>
				<control type="group">
					<visible>Player.HasVideo + Skin.HasSetting(View52PVRVideoPreviewWindow)</visible>
					<control type="image">
						<texture>colors/black.png</texture>
					</control>
					<control type="videowindow"/>
					<control type="image">
						<bordersize>-10</bordersize>
						<texture border="20">thumbs/overlay2.png</texture>
					</control>
				</control>
				<control type="image">
					<visible>![Player.HasVideo + Skin.HasSetting(View52PVRVideoPreviewWindow)]</visible>
					<bordersize>-10</bordersize>
					<texture border="20">thumbs/overlay.png</texture>
				</control>
			</control>
			<control type="grouplist">
				<top>595</top>
				<right>125</right>
				<width>678</width>
				<itemgap>10</itemgap>
				<usecontrolcoords>true</usecontrolcoords>
				<control type="label">
					<height>30</height>
					<scroll>true</scroll>
					<font>Font28_Reg</font>
					<textcolor>$VAR[PanelHighlightColorVar]</textcolor>
					<label>$VAR[PVRInfoTitleVar]</label>
				</control>
				<control type="grouplist">
					<visible>!String.IsEmpty(Control.GetLabel(5301))</visible>
					<top>-6</top>
					<height>37</height>
					<usecontrolcoords>true</usecontrolcoords>
					<orientation>horizontal</orientation>
					<control type="image">
						<top>9</top>
						<width>22</width>
						<height>22</height>
						<aspectratio>keep</aspectratio>
						<texture>$VAR[PVRIcon1Var]</texture>
					</control>
					<control type="label" id="5301">
						<width>auto</width>
						<font>Font26_Reg</font>
						<textcolor>$VAR[PanelTextColorVar]</textcolor>
						<label>$VAR[PVRInfo1Var]</label>
					</control>
				</control>
				<control type="grouplist">
					<visible>!String.IsEmpty(Control.GetLabel(5302))</visible>
					<top>-6</top>
					<height>37</height>
					<usecontrolcoords>true</usecontrolcoords>
					<orientation>horizontal</orientation>
					<control type="image">
						<top>9</top>
						<width>22</width>
						<height>22</height>
						<aspectratio>keep</aspectratio>
						<texture>$VAR[PVRIcon2Var]</texture>
					</control>
					<control type="label" id="5302">
						<width>auto</width>
						<font>Font26_Reg</font>
						<textcolor>$VAR[PanelTextColorVar]</textcolor>
						<label>$VAR[PVRInfo2Var]</label>
					</control>
				</control>
				<control type="textbox">
					<top>2</top>
					<height>166</height>
					<font>Font28_Reg_106</font>
					<label>$INFO[ListItem.Plot]</label>
					<pagecontrol>60521</pagecontrol>
					<include>AutoScrollPlot</include>
				</control>
			</control>
			<control type="scrollbar" id="60521">
				<top>678</top>
				<right>80</right>
				<height>209</height>
				<onleft>6052</onleft>
			</control>
		</control>
		<!-- List -->
		<control type="group">
			<visible>Control.IsVisible(52)</visible>
			<include content="AnimationSlideLeftWindow">
				<param name="slide">1017</param>
			</include>
			<include content="AnimationSlideLeftVisible">
				<param name="slide">1017</param>
			</include>
			<include content="PanelDefault">
				<param name="right">808</param>
				<param name="righttexture">828</param>
				<param name="diffusetexture">diffuse/rounded20-992x880.png</param>
				<param name="reflect">!Skin.HasSetting(PVRHideReflect)</param>
			</include>
			<control type="list" id="52">
				<top>141</top>
				<left>100</left>
				<width>992</width>
				<height>800</height>
				<onleft>9069</onleft>
				<onright>6052</onright>
				<pagecontrol>6052</pagecontrol>
				<viewtype label="$LOCALIZE[29915]">list</viewtype>
				<preloaditems>2</preloaditems>
				<include content="ViewContainerPVRList">
					<param name="id">52</param>
					<param name="biglistvisible">Skin.HasSetting(View52PVRBigList)</param>
					<param name="listlabel">$VAR[View52PVRLabelVar]</param>
					<param name="listlabel2">$VAR[View52PVRLabel2Var]</param>
					<param name="listlabel3">$VAR[View52PVRLabel3Var]</param>
				</include>
			</control>
			<control type="scrollbar" id="6052">
				<top>140</top>
				<left>1072</left>
				<bottom>140</bottom>
				<onleft>52</onleft>
				<onright>60521</onright>
			</control>
			<!-- Media flags -->
			<include>MediaFlagsPVR</include>
		</control>
	</include>
	<include name="View53PVRWall">
		<!-- Floor -->
		<include content="Floor">
			<param name="visible">Skin.HasSetting(PVRHideFloor) + Control.IsVisible(53)</param>
			<param name="highlight">FloorHighlightRight</param>
			<param name="animationopen">$EXP[PVRAnimationOpenCondition]</param>
			<param name="animationclose">$EXP[PVRAnimationCloseCondition]</param>
		</include>
		<!-- Panel -->
		<control type="group">
			<visible>Control.IsVisible(53)</visible>
			<include>AnimationZoomWindow</include>
			<include>AnimationZoomVisible</include>
			<include content="PanelDefault">
				<param name="reflect">!Skin.HasSetting(PVRHideReflect)</param>
			</include>
			<control type="panel" id="53">
				<top>150</top>
				<left>110</left>
				<right>110</right>
				<height>606</height>
				<onleft>9069</onleft>
				<onright>6053</onright>
				<pagecontrol>6053</pagecontrol>
				<viewtype label="$LOCALIZE[31272]">icon</viewtype>
				<include>ContainerScrollTime</include>
				<itemlayout height="202" width="425">
					<include content="ViewArtwork">
						<param name="art">colors/black50.png</param>
					</include>
					<control type="label">
						<top>20</top>
						<left>25</left>
						<width>40</width>
						<height>60</height>
						<font>Font30_Icon</font>
						<textcolor>$VAR[PanelTextColorVar]</textcolor>
						<label>$VAR[PVRStatusImageVar]</label>
					</control>
					<control type="label">
						<visible>![ListItem.IsRecording | ListItem.HasTimerSchedule | ListItem.HasTimer | ListItem.HasArchive]</visible>
						<top>20</top>
						<left>25</left>
						<width>265</width>
						<height>60</height>
						<font>Font25_Bold</font>
						<label>$VAR[View53PVRLabelVar]</label>
						<textcolor>$VAR[PanelTextColorVar]</textcolor>
					</control>
					<control type="label">
						<visible>ListItem.IsRecording | ListItem.HasTimerSchedule | ListItem.HasTimer | ListItem.HasArchive</visible>
						<top>20</top>
						<left>60</left>
						<width>265</width>
						<height>60</height>
						<font>Font25_Bold</font>
						<label>$VAR[View53PVRLabelVar]</label>
						<textcolor>$VAR[PanelTextColorVar]</textcolor>
					</control>
					<control type="image">
						<top>20</top>
						<right>25</right>
						<width>100</width>
						<height>60</height>
						<aspectratio align="right">keep</aspectratio>
						<texture>$INFO[ListItem.Icon]</texture>
					</control>
					<control type="label">
						<top>84</top>
						<left>25</left>
						<right>25</right>
						<height>30</height>
						<font>Font26_Reg</font>
						<label>$INFO[ListItem.Title]</label>
						<textcolor>$VAR[PanelSubTextColorVar]</textcolor>
					</control>
					<control type="progress">
						<top>119</top>
						<left>25</left>
						<right>25</right>
						<info>ListItem.Progress</info>
						<midtexture colordiffuse="$VAR[PanelHighlightColorVar]" border="8">panels/progress-control/progress-mid.png</midtexture>
					</control>
					<control type="image">
						<top>147</top>
						<left>25</left>
						<width>22</width>
						<height>22</height>
						<aspectratio>keep</aspectratio>
						<texture>$VAR[IconPathVar]next.png</texture>
					</control>
					<control type="label">
						<top>143</top>
						<left>50</left>
						<right>20</right>
						<height>30</height>
						<font>Font23_Reg</font>
						<textcolor>$VAR[PanelSubTextColorVar]</textcolor>
						<label>$INFO[ListItem.NextTitle]</label>
					</control>
				</itemlayout>
				<focusedlayout height="202" width="425">
					<control type="image">
						<texture colordiffuse="$VAR[PanelHighlightColorVar]" border="10">buttons/thumb-select-focus.png</texture>
					</control>
					<control type="group">
						<animation type="Focus" reversible="false">
							<effect type="zoom" start="95" end="100" time="300" center="auto"/>
						</animation>
						<include content="ViewArtwork">
							<param name="art">colors/black50.png</param>
						</include>
						<control type="label">
							<top>20</top>
							<left>25</left>
							<width>40</width>
							<height>60</height>
							<font>Font30_Icon</font>
							<textcolor>$VAR[PanelFocusTextColorVar]</textcolor>
							<label>$VAR[PVRStatusImageVar]</label>
						</control>
						<control type="label">
							<visible>![ListItem.IsRecording | ListItem.HasTimerSchedule | ListItem.HasTimer | ListItem.HasArchive]</visible>
							<top>20</top>
							<left>25</left>
							<width>265</width>
							<height>60</height>
							<font>Font25_Bold</font>
							<label>$VAR[View53PVRLabelVar]</label>
							<textcolor>$VAR[PanelFocusTextColorVar]</textcolor>
						</control>
						<control type="label">
							<visible>ListItem.IsRecording | ListItem.HasTimerSchedule | ListItem.HasTimer | ListItem.HasArchive</visible>
							<top>20</top>
							<left>60</left>
							<width>265</width>
							<height>60</height>
							<font>Font25_Bold</font>
							<label>$VAR[View53PVRLabelVar]</label>
							<textcolor>$VAR[PanelFocusTextColorVar]</textcolor>
						</control>
						<control type="image">
							<top>20</top>
							<right>25</right>
							<width>100</width>
							<height>60</height>
							<aspectratio align="right">keep</aspectratio>
							<texture>$INFO[ListItem.Icon]</texture>
						</control>
						<control type="label">
							<top>84</top>
							<left>25</left>
							<right>25</right>
							<height>30</height>
							<font>Font26_Reg</font>
							<label>$INFO[ListItem.Title]</label>
							<textcolor>$VAR[PanelFocusTextColorVar]</textcolor>
						</control>
						<control type="progress">
							<top>119</top>
							<left>25</left>
							<right>25</right>
							<info>ListItem.Progress</info>
							<midtexture colordiffuse="$VAR[PanelHighlightColorVar]" border="8">panels/progress-control/progress-mid.png</midtexture>
						</control>
						<control type="image">
							<top>147</top>
							<left>25</left>
							<width>22</width>
							<height>22</height>
							<aspectratio>keep</aspectratio>
							<texture>$VAR[IconPathVar]next.png</texture>
						</control>
						<control type="label">
							<top>143</top>
							<left>50</left>
							<right>20</right>
							<height>30</height>
							<font>Font23_Reg</font>
							<textcolor>$VAR[PanelFocusTextColorVar]</textcolor>
							<label>$INFO[ListItem.NextTitle]</label>
						</control>
					</control>
				</focusedlayout>
			</control>
			<control type="scrollbar" id="6053">
				<right>80</right>
				<top>140</top>
				<bottom>335</bottom>
				<onleft>53</onleft>
				<onright>60531</onright>
			</control>
			<include>ViewPVRInfo</include>
			<!-- Media flags -->
			<include content="MediaFlagsPVR">
				<param name="bottom">10</param>
			</include>
		</control>
	</include>
	<!-- Info -->
	<include name="ViewPVRInfo">
		<control type="group">
			<top>756</top>
			<left>110</left>
			<width>294</width>
			<height>174</height>
			<control type="image">
				<bordersize>10</bordersize>
				<texture colordiffuse="ff000000" border="10">buttons/thumb-select-focus.png</texture>
			</control>
			<control type="image">
				<bordersize>10</bordersize>
				<fadetime>TextureFadeTime</fadetime>
				<aspectratio align="center" aligny="center">keep</aspectratio>
				<texture fallback="DefaultAddonPVRClient.png">$VAR[PVRIconVar]</texture>
			</control>
			<control type="image">
				<texture border="20">thumbs/overlay.png</texture>
			</control>
		</control>
		<control type="grouplist">
			<top>762</top>
			<left>414</left>
			<right>120</right>
			<itemgap>3</itemgap>
			<usecontrolcoords>true</usecontrolcoords>
			<control type="label">
				<height>30</height>
				<font>Font28_Reg</font>
				<label>$INFO[ListItem.Genre]</label>
				<textcolor>$VAR[PanelHighlightColorVar]</textcolor>
			</control>
			<control type="grouplist">
				<height>37</height>
				<usecontrolcoords>true</usecontrolcoords>
				<orientation>horizontal</orientation>
				<control type="image">
					<top>9</top>
					<width>22</width>
					<height>22</height>
					<aspectratio>keep</aspectratio>
					<texture>$VAR[IconPathVar]timer.png</texture>
				</control>
				<control type="label" id="5301">
					<width>auto</width>
					<font>Font26_Reg</font>
					<textcolor>$VAR[PanelTextColorVar]</textcolor>
					<label>$INFO[ListItem.StartTime, ]$INFO[ListItem.EndTime, - ]</label>
				</control>
			</control>
			<control type="textbox">
				<top>3</top>
				<height>82</height>
				<font>Font28_Reg</font>
				<label>$INFO[ListItem.Plot]</label>
				<include>AutoScrollPlot</include>
			</control>
		</control>
	</include>
	<!-- Group manager list -->
	<include name="GroupManagerList">
		<control type="group">
			<left>$PARAM[left]</left>
			<width>449</width>
			<control type="label" id="$PARAM[labelid]">
				<top>90</top>
				<include>DialogLabel</include>
			</control>
			<control type="list" id="$PARAM[listid]">
				<top>165</top>
				<height>600</height>
				<onleft>$PARAM[onleft]</onleft>
				<onright>$PARAM[scrollid]</onright>
				<pagecontrol>$PARAM[scrollid]</pagecontrol>
				<include>ContainerScrollTime</include>
				<itemlayout height="75">
					<control type="image">
						<texture border="30" colordiffuse="$VAR[PanelListSeparatorColorVar]">buttons/list-select-nofocus.png</texture>
					</control>
					<control type="group">
						<animation effect="fade" end="70" condition="true">conditional</animation>
						<control type="image">
							<visible>String.IsEmpty(Window.Property(IsRadio))</visible>
							<top>10</top>
							<left>35</left>
							<bottom>10</bottom>
							<width>50</width>
							<aspectratio>keep</aspectratio>
							<texture background="true" diffuse="diffuse/list-icon.png" fallback="DefaultTVShows.png">$INFO[ListItem.ActualIcon]</texture>
						</control>
						<control type="image">
							<visible>!String.IsEmpty(Window.Property(IsRadio))</visible>
							<top>10</top>
							<left>35</left>
							<bottom>10</bottom>
							<width>50</width>
							<aspectratio>keep</aspectratio>
							<texture background="true" diffuse="diffuse/list-icon.png" fallback="DefaultAudio.png">$INFO[ListItem.ActualIcon]</texture>
						</control>
					</control>
					<control type="label">
						<left>105</left>
						<right>40</right>
						<label>$INFO[ListItem.ChannelName]</label>
						<textcolor>$VAR[PanelSubTextColorVar]</textcolor>
					</control>
				</itemlayout>
				<focusedlayout height="75">
					<control type="image">
						<texture border="10" colordiffuse="$VAR[PanelHighlightColorVar]">buttons/list-select-focus.png</texture>
						<animation effect="fade" start="100" end="30" time="100" condition="!Control.HasFocus($PARAM[listid])">Conditional</animation>
					</control>
					<control type="image">
						<visible>String.IsEmpty(Window.Property(IsRadio))</visible>
						<top>10</top>
						<left>35</left>
						<bottom>10</bottom>
						<width>50</width>
						<aspectratio>keep</aspectratio>
						<texture background="true" diffuse="diffuse/list-icon.png" fallback="DefaultTVShows.png">$INFO[ListItem.ActualIcon]</texture>
					</control>
					<control type="image">
						<visible>!String.IsEmpty(Window.Property(IsRadio))</visible>
						<top>10</top>
						<left>35</left>
						<bottom>10</bottom>
						<width>50</width>
						<aspectratio>keep</aspectratio>
						<texture background="true" diffuse="diffuse/list-icon.png" fallback="DefaultAudio.png">$INFO[ListItem.ActualIcon]</texture>
					</control>
					<control type="label">
						<left>105</left>
						<right>40</right>
						<label>$INFO[ListItem.ChannelName]</label>
						<textcolor>$VAR[PanelFocusTextColorVar]</textcolor>
					</control>
				</focusedlayout>
			</control>
			<control type="image">
				<left>449</left>
				<include>DialogVerticalSeparator</include>
			</control>
			<control type="scrollbar" id="$PARAM[scrollid]">
				<left>430</left>
				<onleft>$PARAM[listid]</onleft>
				<onright>$PARAM[onright]</onright>
				<include>DialogScrollBar</include>
			</control>
		</control>
	</include>
	<!-- Variables -->
	<variable name="View50PVRLabelVar">
		<value condition="Skin.HasSetting(View50PVRChannelName) + !String.IsEmpty(ListItem.Title)">$INFO[ListItem.ChannelName]$INFO[ListItem.Title, - ]</value>
		<value condition="!String.IsEmpty(ListItem.Title)">$INFO[ListItem.Title]</value>
		<value>$INFO[ListItem.Label]</value>
	</variable>
	<variable name="View50PVRLabel2Var">
		<value condition="Skin.HasSetting(View50PVRChannelNumber) + !Skin.HasSetting(View50PVRChannelName)">$INFO[ListItem.ChannelNumberLabel,,. ]$INFO[ListItem.Title]</value>
		<value condition="Skin.HasSetting(View50PVRChannelName) + !Skin.HasSetting(View50PVRChannelNumber)">$INFO[ListItem.ChannelName]$INFO[ListItem.Title, - ]</value>
		<value condition="Skin.HasSetting(View50PVRChannelNumber) + Skin.HasSetting(View50PVRChannelName)">$INFO[ListItem.ChannelNumberLabel,,. ]$INFO[ListItem.ChannelName]$INFO[ListItem.Title, - ]</value>
		<value>$INFO[ListItem.Title]</value>
	</variable>
	<variable name="View51PVRLabelVar">
		<value condition="Skin.HasSetting(View51PVRChannelName) + !String.IsEmpty(ListItem.Title)">$INFO[ListItem.ChannelName]$INFO[ListItem.Title, - ]</value>
		<value condition="!String.IsEmpty(ListItem.Title)">$INFO[ListItem.Title]</value>
		<value>$INFO[ListItem.Label]</value>
	</variable>
	<variable name="View51PVRLabel2Var">
		<value condition="Skin.HasSetting(View51PVRChannelNumber) + !Skin.HasSetting(View51PVRChannelName)">$INFO[ListItem.ChannelNumberLabel,,. ]$INFO[ListItem.Title]</value>
		<value condition="Skin.HasSetting(View51PVRChannelName) + !Skin.HasSetting(View51PVRChannelNumber)">$INFO[ListItem.ChannelName]$INFO[ListItem.Title, - ]</value>
		<value condition="Skin.HasSetting(View51PVRChannelNumber) + Skin.HasSetting(View51PVRChannelName)">$INFO[ListItem.ChannelNumberLabel,,. ]$INFO[ListItem.ChannelName]$INFO[ListItem.Title, - ]</value>
		<value>$INFO[ListItem.Title]</value>
	</variable>
	<variable name="View52PVRLabelVar">
		<value condition="Skin.HasSetting(View52PVRChannelName) + !String.IsEmpty(ListItem.Title)">$INFO[ListItem.ChannelName]$INFO[ListItem.Title, - ]</value>
		<value condition="!String.IsEmpty(ListItem.Title)">$INFO[ListItem.Title]</value>
		<value>$INFO[ListItem.Label]</value>
	</variable>
	<variable name="View52PVRLabel2Var">
		<value condition="Skin.HasSetting(View52PVRChannelNumber) + !Skin.HasSetting(View52PVRChannelName)">$INFO[ListItem.ChannelNumberLabel,,. ]$INFO[ListItem.Title]</value>
		<value condition="Skin.HasSetting(View52PVRChannelName) + !Skin.HasSetting(View52PVRChannelNumber)">$INFO[ListItem.ChannelName]$INFO[ListItem.Title, - ]</value>
		<value condition="Skin.HasSetting(View52PVRChannelNumber) + Skin.HasSetting(View52PVRChannelName)">$INFO[ListItem.ChannelNumberLabel,,. ]$INFO[ListItem.ChannelName]$INFO[ListItem.Title, - ]</value>
		<value>$INFO[ListItem.Title]</value>
	</variable>
	<variable name="View50PVRLabel3Var">
		<value condition="Skin.HasSetting(View50PVRChannelNumber)">$INFO[ListItem.ChannelNumberLabel,,. ]$INFO[ListItem.Title]</value>
		<value>$INFO[ListItem.Title]</value>
	</variable>
	<variable name="View51PVRLabel3Var">
		<value condition="Skin.HasSetting(View51PVRChannelNumber)">$INFO[ListItem.ChannelNumberLabel,,. ]$INFO[ListItem.Title]</value>
		<value>$INFO[ListItem.Title]</value>
	</variable>
	<variable name="View52PVRLabel3Var">
		<value condition="Skin.HasSetting(View52PVRChannelNumber)">$INFO[ListItem.ChannelNumberLabel,,. ]$INFO[ListItem.Title]</value>
		<value>$INFO[ListItem.Title]</value>
	</variable>
	<variable name="View53PVRLabelVar">
		<value condition="Skin.HasSetting(View53PVRChannelNumber)">$INFO[ListItem.ChannelNumberLabel,,. ]$INFO[ListItem.ChannelName]</value>
		<value>$INFO[ListItem.ChannelName]</value>
	</variable>
	<variable name="EPGChannelLabelVar">
		<value condition="Skin.HasSetting(View50EPGChannelNumber)">$INFO[ListItem.ChannelNumberLabel,,. ]$INFO[ListItem.ChannelName]</value>
		<value>$INFO[ListItem.ChannelName]</value>
	</variable>
	<variable name="PVRStatusImageVar">
		<value condition="ListItem.IsRecording">[COLOR red][/COLOR]</value>
		<value condition="ListItem.HasReminder"></value>
		<value condition="ListItem.HasTimer | ListItem.HasTimerSchedule"></value>
		<value condition="ListItem.HasArchive">[COLOR green][/COLOR]</value>
	</variable>
	<variable name="PVRTimerIconVar">
		<value condition="ListItem.IsRecording">[COLOR red][/COLOR]</value>
		<value condition="ListItem.HasReminder"></value>
		<value condition="ListItem.HasTimerSchedule + ListItem.TimerHasError">[COLOR red][/COLOR]</value>
		<value condition="ListItem.HasTimer + ListItem.TimerHasError">[COLOR red][/COLOR]</value>
		<value condition="ListItem.HasTimerSchedule + ListItem.TimerHasConflict">[COLOR red][/COLOR]</value>
		<value condition="ListItem.HasTimer + ListItem.TimerHasConflict">[COLOR red][/COLOR]</value>
		<value condition="ListItem.HasRecording"></value>
		<value condition="ListItem.HasTimerSchedule + !ListItem.TimerIsActive"></value>
		<value condition="ListItem.HasTimer + !ListItem.TimerIsActive"></value>
		<value condition="ListItem.HasTimerSchedule"></value>
		<value condition="ListItem.HasTimer"></value>
		<value condition="ListItem.IsPlayable">[COLOR green][/COLOR]</value>
	</variable>
	<variable name="PVRIconVar">
		<value condition="Window.IsActive(MyPVRGuide.xml)">$INFO[Container(50).ListItem.Icon]</value>
		<value>$INFO[ListItem.Icon]</value>
	</variable>
	<variable name="PVRChannelMgrLabelVar">
		<value condition="!String.IsEmpty(Window.Property(IsRadio))">$LOCALIZE[19021]</value>
		<value>$LOCALIZE[19020]</value>
	</variable>
	<variable name="PVRInfoTitleVar">
		<value condition="Window.IsActive(MyPVRRecordings.xml)">$INFO[ListItem.Label]</value>
		<value condition="Window.IsActive(MyPVRTimers.xml)">$INFO[ListItem.Timertype]$INFO[ListItem.Comment, - ,]</value>
		<value condition="!String.IsEmpty(ListItem.Genre)">$INFO[ListItem.Genre]</value>
		<value>$INFO[ListItem.Label]</value>
	</variable>
	<variable name="PVRIcon1Var">
		<value condition="Window.IsActive(MyPVRChannels.xml)">$VAR[IconPathVar]timer.png</value>
		<value>$VAR[IconPathVar]calendar.png</value>
	</variable>
	<variable name="PVRInfo1Var">
		<value condition="Window.IsActive(MyPVRChannels.xml)">$INFO[ListItem.StartTime, ,]$INFO[ListItem.EndTime, - ,  ]</value>
		<value condition="Window.IsActive(MyPVRRecordings.xml) + String.EndsWith(ListItem.Path,active/)">$INFO[ListItem.Date, , ]$INFO[ListItem.StartTime, ,]$INFO[ListItem.EndTime, - ,  ]</value>
		<value condition="Window.IsActive(MyPVRRecordings.xml) | Window.IsActive(MyPVRSearch.xml)">$INFO[ListItem.Date, ,]$INFO[ListItem.EndTime, - ,  ]</value>
		<value condition="!String.IsEmpty(ListItem.Date) + Window.IsActive(MyPVRTimers.xml)">$INFO[ListItem.Date., ,  ]</value>
		<value condition="!String.IsEmpty(ListItem.Date)">$INFO[ListItem.Date, ,  ]</value>
	</variable>
	<variable name="PVRIcon2Var">
		<value condition="Window.IsActive(MyPVRChannels.xml)">$VAR[IconPathVar]next.png</value>
		<value>$VAR[IconPathVar]timer.png</value>
	</variable>
	<variable name="PVRInfo2Var">
		<value condition="Window.IsActive(MyPVRChannels.xml)">$INFO[ListItem.NextTitle, $LOCALIZE[209] - ]</value>
		<value condition="!String.IsEmpty(ListItem.Duration) + !Integer.IsGreater(ListItem.Duration(h),0)">$INFO[ListItem.Duration(mm), ,m]$INFO[ListItem.Duration(ss),,s  ]</value>
		<value condition="!String.IsEmpty(ListItem.Duration)">$INFO[ListItem.Duration(hh), ,h]$INFO[ListItem.Duration(mm),,m  ]</value>
	</variable>
	<variable name="PVRGuideLabelVar1">
		<value condition="Control.HasFocus(301)">$LOCALIZE[19063]</value>
		<value condition="Control.HasFocus(302)">$LOCALIZE[19317]</value>
		<value condition="Control.HasFocus(303)">$LOCALIZE[19070]</value>
		<value condition="Control.HasFocus(304)">$LOCALIZE[19318]</value>
		<value condition="Control.HasFocus(305)">$LOCALIZE[19064]</value>
		<value condition="Control.HasFocus(306)">$LOCALIZE[19288]</value>
	</variable>
	<variable name="PVRGuideLabelVar2">
		<value condition="Control.HasFocus(311)">$LOCALIZE[19322]</value>
		<value condition="Control.HasFocus(312)">$LOCALIZE[19323]</value>
		<value condition="Control.HasFocus(313)">$LOCALIZE[19324]</value>
		<value condition="Control.HasFocus(314)">$LOCALIZE[19319]</value>
		<value condition="Control.HasFocus(315)">$LOCALIZE[19320]</value>
		<value condition="Control.HasFocus(316)">$LOCALIZE[19321]</value>
	</variable>
</includes>