<?xml version="1.0" encoding="utf-8"?>
<includes>
	<include name="View504Focus">
		<!-- Video preview -->
		<control type="group">
			<visible>Control.IsVisible(504) + Player.HasVideo + Skin.HasSetting(View504VideoPreviewWindow)</visible>
			<include content="AnimationSlideRightWindow">
				<param name="slide">610</param>
			</include>
			<include content="AnimationSlideRightVisible">
				<param name="slide">610</param>
			</include>
			<top>100</top>
			<right>60</right>
			<width>534</width>
			<height>300</height>
			<control type="image">
				<texture>colors/black.png</texture>
			</control>
			<control type="videowindow"/>
			<control type="image">
				<bordersize>-10</bordersize>
				<texture border="20">thumbs/overlay2.png</texture>
			</control>
		</control>
		<!-- Floor -->
		<include content="Floor">
			<param name="visible">Skin.HasSetting(View504HideFloor) + Control.IsVisible(504)</param>
			<param name="highlight">FloorHighlightRight</param>
		</include>
		<!-- Panel -->
		<include content="View504Panel" condition="!Skin.HasSetting(View504FixedList)">
			<param name="listtype">wraplist</param>
		</include>
		<include content="View504Panel" condition="Skin.HasSetting(View504FixedList)">
			<param name="listtype">fixedlist</param>
		</include>
		<!-- Bottom info/Media flags -->
		<control type="group">
			<visible>Control.IsVisible(504)</visible>
			<include content="AnimationSlideBottomWindow">
				<param name="slide">220</param>
			</include>
			<include content="ViewCoverFlowBottomInfo">
				<param name="left">100</param>
				<param name="right">1000</param>
				<param name="align">left</param>
				<param name="logowidth">354</param>
				<param name="logovisible">View504Logo</param>
			</include>

			<control type="group">
				<visible>Control.IsVisible(504) + String.Contains(ListItem.DBType, "movie")</visible>
				<include condition="Window.IsVisible(MyVideoNav.xml)" content="MediaFlagsVideos6">
					<param name="right">100</param>
					<param name="bottom">25</param>
				</include>
			</control>
			<control type="group">
				<visible>Control.IsVisible(504) + String.Contains(ListItem.DBType, "season")</visible>
				<include condition="Window.IsVisible(MyVideoNav.xml)" content="MediaFlagsTVShows">
					<param name="right">100</param>
					<param name="bottom">25</param>
				</include>
			</control>

<!-- 			<include condition="Window.IsVisible(MyVideoNav.xml)" content="MediaFlagsVideos6">
				<param name="right">100</param>
				<param name="bottom">25</param>
			</include>
			<include condition="Window.IsVisible(MyVideoNav.xml)" content="MediaFlagsTVShows">
				<param name="right">100</param>
				<param name="bottom">25</param>
			</include> -->
		</control>
	</include>
	<!-- Includes panel -->
	<include name="View504Panel">
		<param name="listtype">wraplist</param>
		<definition>
			<control type="group">
				<visible>Control.IsVisible(504)</visible>
				<animation effect="slide" end="0,30" condition="Container.Content(genres) + [System.AddonIsEnabled(resource.images.moviegenreicons.filmstrip-hd.colour) | System.AddonIsEnabled(resource.images.moviegenreicons.filmstrip-hd.colour)]">conditional</animation>
				<include content="AnimationSlideBottomWindow">
					<param name="slide">820</param>
				</include>
				<include content="AnimationSlideBottomVisible">
					<param name="slide">820</param>
				</include>
				<control type="$PARAM[listtype]" id="504">
					<top>290</top>
					<left>-203</left>
					<width>2123</width>
					<height>1000</height>
					<onup>9050</onup>
					<ondown>60504</ondown>
					<pagecontrol>60504</pagecontrol>
					<focusposition>1</focusposition>
					<orientation>horizontal</orientation>
					<include>ContainerScrollTime</include>
					<viewtype label="$LOCALIZE[31245]">icon</viewtype>
					<itemlayout width="320" height="630">
						<control type="group">
							<top>160</top>
							<height>470</height>
							<control type="group">
								<visible>!Skin.HasSetting(View504VideoCase) | Container.Content(genres)</visible>
								<control type="group">
									<visible>!Skin.HasSetting(View504HideReflect)</visible>
									<top>455</top>
									<height>470</height>
									<include content="ViewArtworkReflect">
										<param name="texturefadetime">0</param>
									</include>
								</control>
								<include content="ViewArtwork">
									<param name="texturefadetime">0</param>
									<param name="watchedstatusvisible">!Skin.HasSetting(View504DisableWatchedStatus)</param>
									<param name="diffuse">diffuse/rounded5-300x450.png</param>
								</include>
							</control>
							<control type="group">
								<visible>Skin.HasSetting(View504VideoCase) + !Container.Content(genres)</visible>
								<control type="group">
									<visible>!Skin.HasSetting(View504HideReflect)</visible>
									<top>455</top>
									<height>470</height>
									<include content="ViewArtworkVideoCaseReflect">
										<param name="texturefadetime">0</param>
										<param name="bordersize">16,18,16,41</param>
									</include>
								</control>
								<include content="ViewArtworkVideoCase">
									<param name="logoheight">34</param>
									<param name="texturefadetime">0</param>
									<param name="bordersize">16,41,16,18</param>
									<param name="watchedstatustop">44</param>
									<param name="watchedstatusvisible">!Skin.HasSetting(View504DisableWatchedStatus)</param>
								</include>
							</control>
						</control>
					</itemlayout>
					<focusedlayout width="320" height="630">
						<control type="group">
							<top>160</top>
							<height>470</height>
							<animation effect="zoom" start="100" end="117.7" center="auto" time="240">focus</animation>
							<animation effect="zoom" start="117.7" end="100" center="auto" time="240">unfocus</animation>
							<control type="image">
								<visible>Skin.HasSetting(View504DiscArt) + String.IsEqual(ListItem.DBTYPE,movie)</visible>
								<include>AnimationDiscArtLibrary</include>
								<animation effect="fade" start="0" end="100" time="160">focus</animation>
								<animation effect="fade" start="100" end="0" time="160">unfocus</animation>
								<top>-150</top>
								<height>320</height>
								<bordersize>20</bordersize>
								<aspectratio>keep</aspectratio>
								<texture diffuse="diffuse/disc.png" background="true">$VAR[LibraryVideoDiscArtVar]</texture>
							</control>
							<control type="group">
								<visible>!Skin.HasSetting(View504VideoCase) | Container.Content(genres)</visible>
								<control type="group">
									<visible>!Skin.HasSetting(View504HideReflect)</visible>
									<top>455</top>
									<height>470</height>
									<include content="ViewArtworkReflect">
										<param name="texturefadetime">0</param>
									</include>
								</control>
								<include content="ViewArtwork">
									<param name="texturefadetime">0</param>
									<param name="watchedstatusvisible">!Skin.HasSetting(View504DisableWatchedStatus)</param>
									<param name="diffuse">diffuse/rounded5-300x450.png</param>
								</include>
							</control>
							<control type="group">
								<visible>Skin.HasSetting(View504VideoCase) + !Container.Content(genres)</visible>
								<control type="group">
									<visible>!Skin.HasSetting(View504HideReflect)</visible>
									<top>455</top>
									<height>470</height>
									<include content="ViewArtworkVideoCaseReflect">
										<param name="texturefadetime">0</param>
										<param name="bordersize">16,18,16,41</param>
									</include>
								</control>
								<include content="ViewArtworkVideoCase">
									<param name="logoheight">34</param>
									<param name="texturefadetime">0</param>
									<param name="bordersize">16,41,16,18</param>
									<param name="watchedstatustop">44</param>
									<param name="watchedstatusvisible">!Skin.HasSetting(View504DisableWatchedStatus)</param>
								</include>
							</control>
						</control>
					</focusedlayout>
				</control>
				<include content="ViewCoverFlowScrollBar">
					<param name="id">504</param>
				</include>
			</control>
		</definition>
	</include>
</includes>