<?xml version="1.0" encoding="utf-8"?>
<includes>
	<include name="View506Cascade">
		<!-- Video preview -->
		<control type="group">
			<visible>Control.IsVisible(506) + Player.HasVideo + Skin.HasSetting(View506VideoPreviewWindow)</visible>
			<include content="AnimationSlideRightWindow">
				<param name="slide">610</param>
			</include>
			<include content="AnimationSlideRightVisible">
				<param name="slide">610</param>
			</include>
			<top>100</top>
			<right>50</right>
			<width>534</width>
			<height>300</height>
			<control type="image">
				<texture>colors/black.png</texture>
			</control>
			<control type="videowindow"/>
			<control type="image">
				<bordersize>-10</bordersize>
				<texture border="20">thumbs/overlay2.png</texture>
			</control>
		</control>
		<!-- Floor -->
		<include content="Floor">
			<param name="visible">Skin.HasSetting(View506HideFloor) + Control.IsVisible(506)</param>
			<param name="top">809</param>
			<param name="slide">290</param>
			<param name="highlight">FloorHighlightRight</param>
		</include>
		<!-- Panel -->
		<control type="group">
			<visible>Control.IsVisible(506)</visible>
			<include content="AnimationSlideBottomWindow">
				<param name="slide">820</param>
			</include>
			<include content="AnimationSlideBottomVisible">
				<param name="slide">820</param>
			</include>
			<top>375</top>
			<!-- Portrait - On previous -->
			<control type="group" id="5802">
				<visible>Container(506).OnPrevious</visible>
				<animation effect="slide" end="0,0" time="300" reversible="false">Hidden</animation>
				<!-- Move 9 to 10 -->
				<control type="group">
					<visible>Container(506).OnPrevious</visible>
					<animation effect="zoom" end="1865,225,150,215" time="300" reversible="false">Hidden</animation>
					<left>1752</left>
					<top>200</top>
					<width>183</width>
					<height>265</height>
					<include content="CascadeItemPortrait">
						<param name="item">9</param>
						<param name="logoheight">19</param>
						<param name="caseborder">15,28,15,16</param>
						<param name="casereflectborder">15,16,15,28</param>
						<param name="reflecttop">250</param>
						<param name="diffuse">diffuse/rounded5-163x245.png</param>
						<param name="watchedstatussize">18</param>
						<param name="watchedstatusoffset">14</param>
						<param name="watchedstatustop">31</param>
						<param name="watchedstatusfont">Font7_Cond_Bold</param>
					</include>
				</control>
				<!-- Move 8 to 9 -->
				<control type="group">
					<visible>Container(506).OnPrevious</visible>
					<animation effect="zoom" end="1752,200,183,265" time="300" reversible="false">Hidden</animation>
					<left>1660</left>
					<top>175</top>
					<width>217</width>
					<height>315</height>
					<include content="CascadeItemPortrait">
						<param name="item">8</param>
						<param name="logoheight">22</param>
						<param name="caseborder">15,31,15,17</param>
						<param name="casereflectborder">15,17,15,31</param>
						<param name="reflecttop">300</param>
						<param name="diffuse">diffuse/rounded5-197x295.png</param>
						<param name="watchedstatussize">21</param>
						<param name="watchedstatusoffset">14</param>
						<param name="watchedstatustop">34</param>
						<param name="watchedstatusfont">Font8_Cond_Bold</param>
					</include>
				</control>
				<!-- Move 7 to 8 -->
				<control type="group">
					<visible>Container(506).OnPrevious</visible>
					<animation effect="zoom" end="1660,175,217,315" time="300" reversible="false">Hidden</animation>
					<left>1543</left>
					<top>150</top>
					<width>250</width>
					<height>365</height>
					<include content="CascadeItemPortrait">
						<param name="item">7</param>
						<param name="logoheight">25</param>
						<param name="caseborder">16,34,16,17</param>
						<param name="casereflectborder">16,17,16,34</param>
						<param name="reflecttop">350</param>
						<param name="diffuse">diffuse/rounded5-230x345.png</param>
						<param name="watchedstatussize">25</param>
						<param name="watchedstatusoffset">15</param>
						<param name="watchedstatustop">36</param>
						<param name="watchedstatusfont">Font10_Cond_Bold</param>
					</include>
				</control>
				<!-- Move 6 to 7 -->
				<control type="group">
					<visible>Container(506).OnPrevious</visible>
					<animation effect="zoom" end="1543,150,250,365" time="300" reversible="false">Hidden</animation>
					<left>1395</left>
					<top>125</top>
					<width>283</width>
					<height>415</height>
					<include content="CascadeItemPortrait">
						<param name="item">6</param>
						<param name="logoheight">28</param>
						<param name="caseborder">16,37,16,18</param>
						<param name="casereflectborder">16,18,16,37</param>
						<param name="reflecttop">400</param>
						<param name="diffuse">diffuse/rounded5-263x395.png</param>
						<param name="watchedstatussize">28</param>
						<param name="watchedstatusoffset">15</param>
						<param name="watchedstatustop">40</param>
						<param name="watchedstatusfont">Font12_Cond_Bold</param>
					</include>
				</control>
				<!-- Move 5 to 6 -->
				<control type="group">
					<visible>Container(506).OnPrevious</visible>
					<animation effect="zoom" end="1395,125,283,415" time="300" reversible="false">Hidden</animation>
					<left>1213</left>
					<top>100</top>
					<width>317</width>
					<height>465</height>
					<include content="CascadeItemPortrait">
						<param name="item">5</param>
						<param name="logoheight">31</param>
						<param name="caseborder">16,40,16,19</param>
						<param name="casereflectborder">16,19,16,40</param>
						<param name="reflecttop">450</param>
						<param name="diffuse">diffuse/rounded5-297x445.png</param>
						<param name="watchedstatussize">31</param>
						<param name="watchedstatusoffset">16</param>
						<param name="watchedstatustop">44</param>
						<param name="watchedstatusfont">Font13_Cond_Bold</param>
					</include>
				</control>
				<!-- Move 4 to 5 -->
				<control type="group">
					<visible>Container(506).OnPrevious</visible>
					<animation effect="zoom" end="1213,100,317,465" time="300" reversible="false">Hidden</animation>
					<left>993</left>
					<top>75</top>
					<width>350</width>
					<height>515</height>
					<include content="CascadeItemPortrait">
						<param name="item">4</param>
						<param name="logoheight">34</param>
						<param name="caseborder">16,43,16,19</param>
						<param name="casereflectborder">16,19,16,43</param>
						<param name="reflecttop">500</param>
						<param name="diffuse">diffuse/rounded5-330x495.png</param>
						<param name="watchedstatussize">35</param>
						<param name="watchedstatusoffset">16</param>
						<param name="watchedstatustop">47</param>
						<param name="watchedstatusfont">Font14_Cond_Bold</param>
					</include>
				</control>
				<!-- Move 3 to 4 -->
				<control type="group">
					<visible>Container(506).OnPrevious</visible>
					<animation effect="zoom" end="993,75,350,515" time="300" reversible="false">Hidden</animation>
					<left>728</left>
					<top>50</top>
					<width>383</width>
					<height>565</height>
					<include content="CascadeItemPortrait">
						<param name="item">3</param>
						<param name="logoheight">37</param>
						<param name="caseborder">17,46,17,19</param>
						<param name="casereflectborder">17,19,17,46</param>
						<param name="reflecttop">550</param>
						<param name="diffuse">diffuse/rounded5-363x545.png</param>
						<param name="watchedstatussize">38</param>
						<param name="watchedstatusoffset">17</param>
						<param name="watchedstatustop">50</param>
						<param name="watchedstatusfont">Font16_Cond_Bold</param>
					</include>
				</control>
				<!-- Move 2 to 3 -->
				<control type="group">
					<visible>Container(506).OnPrevious</visible>
					<animation effect="zoom" end="728,50,383,565" time="300" reversible="false">Hidden</animation>
					<left>412</left>
					<top>25</top>
					<width>417</width>
					<height>615</height>
					<include content="CascadeItemPortrait">
						<param name="item">2</param>
						<param name="logoheight">40</param>
						<param name="caseborder">17,50,17,20</param>
						<param name="casereflectborder">17,20,17,50</param>
						<param name="reflecttop">600</param>
						<param name="diffuse">diffuse/rounded5-397x595.png</param>
						<param name="watchedstatussize">42</param>
						<param name="watchedstatustop">53</param>
						<param name="watchedstatusfont">Font18_Cond_Bold</param>
					</include>
				</control>
				<!-- Move 1 to 2 -->
				<control type="group">
					<visible>Container(506).OnPrevious</visible>
					<animation effect="zoom" end="412,25,417,615" time="300" reversible="false">Hidden</animation>
					<left>40</left>
					<top>0</top>
					<width>450</width>
					<height>665</height>
					<include content="CascadeItemPortrait">
						<param name="item">1</param>
						<param name="logoheight">43</param>
						<param name="caseborder">17,53,17,20</param>
						<param name="casereflectborder">17,20,17,53</param>
						<param name="reflecttop">650</param>
						<param name="diffuse">diffuse/rounded5-430x645.png</param>
						<param name="watchedstatustop">56</param>
					</include>
				</control>
				<!-- Fade in focus thumb -->
				<control type="group">
					<visible>Container(506).OnPrevious</visible>
					<animation type="Hidden" reversible="false">
						<effect type="fade" end="100" time="300"/>
						<effect type="slide" start="-440" time="300"/>
					</animation>
					<animation effect="fade" end="0" time="0" reversible="false">Visible</animation>
					<left>40</left>
					<top>0</top>
					<width>450</width>
					<height>665</height>
					<include content="CascadeItemPortrait">
						<param name="item">0</param>
						<param name="logoheight">43</param>
						<param name="caseborder">17,53,17,20</param>
						<param name="casereflectborder">17,20,17,53</param>
						<param name="reflecttop">650</param>
						<param name="diffuse">diffuse/rounded5-430x645.png</param>
						<param name="watchedstatustop">56</param>
					</include>
				</control>
			</control>
			<!-- Portrait - On next -->
			<control type="group" id="5801">
				<visible>Container(506).OnNext</visible>
				<animation effect="slide" end="0,0" time="300" reversible="false">Hidden</animation>
				<!-- Move 10 to 9 -->
				<control type="group">
					<visible>Container(506).OnNext</visible>
					<animation effect="zoom" end="1752,200,183,265" time="300" reversible="false">Hidden</animation>
					<left>1850</left>
					<top>225</top>
					<width>150</width>
					<height>215</height>
					<include content="CascadeItemPortrait">
						<param name="item">8</param>
						<param name="logoheight">16</param>
						<param name="caseborder">14,25,14,15</param>
						<param name="casereflectborder">14,15,14,25</param>
						<param name="reflecttop">200</param>
						<param name="diffuse">diffuse/rounded5-130x195.png</param>
						<param name="watchedstatussize">15</param>
						<param name="watchedstatusoffset">13</param>
						<param name="watchedstatustop">28</param>
						<param name="watchedstatusfont">Font7_Cond_Bold</param>
					</include>
				</control>
				<!-- Move 9 to 8 -->
				<control type="group">
					<visible>Container(506).OnNext</visible>
					<animation effect="zoom" end="1660,175,217,315" time="300" reversible="false">Hidden</animation>
					<left>1752</left>
					<top>200</top>
					<width>183</width>
					<height>265</height>
					<include content="CascadeItemPortrait">
						<param name="item">7</param>
						<param name="logoheight">19</param>
						<param name="caseborder">15,28,15,16</param>
						<param name="casereflectborder">15,16,15,28</param>
						<param name="reflecttop">250</param>
						<param name="diffuse">diffuse/rounded5-163x245.png</param>
						<param name="watchedstatussize">18</param>
						<param name="watchedstatusoffset">14</param>
						<param name="watchedstatustop">31</param>
						<param name="watchedstatusfont">Font7_Cond_Bold</param>
					</include>
				</control>
				<!-- Move 8 to 7 -->
				<control type="group">
					<visible>Container(506).OnNext</visible>
					<animation effect="zoom" end="1543,150,250,365" time="300" reversible="false">Hidden</animation>
					<left>1660</left>
					<top>175</top>
					<width>217</width>
					<height>315</height>
					<include content="CascadeItemPortrait">
						<param name="item">6</param>
						<param name="logoheight">22</param>
						<param name="caseborder">15,31,15,17</param>
						<param name="casereflectborder">15,17,15,31</param>
						<param name="reflecttop">300</param>
						<param name="diffuse">diffuse/rounded5-197x295.png</param>
						<param name="watchedstatussize">21</param>
						<param name="watchedstatusoffset">14</param>
						<param name="watchedstatustop">34</param>
						<param name="watchedstatusfont">Font8_Cond_Bold</param>
					</include>
				</control>
				<!-- Move 7 to 6 -->
				<control type="group">
					<visible>Container(506).OnNext</visible>
					<animation effect="zoom" end="1395,125,283,415" time="300" reversible="false">Hidden</animation>
					<left>1543</left>
					<top>150</top>
					<width>250</width>
					<height>365</height>
					<include content="CascadeItemPortrait">
						<param name="item">5</param>
						<param name="logoheight">25</param>
						<param name="caseborder">16,34,16,17</param>
						<param name="casereflectborder">16,17,16,34</param>
						<param name="reflecttop">350</param>
						<param name="diffuse">diffuse/rounded5-230x345.png</param>
						<param name="watchedstatussize">25</param>
						<param name="watchedstatusoffset">15</param>
						<param name="watchedstatustop">36</param>
						<param name="watchedstatusfont">Font10_Cond_Bold</param>
					</include>
				</control>
				<!-- Move 8 to 5 -->
				<control type="group">
					<visible>Container(506).OnNext</visible>
					<animation effect="zoom" end="1213,100,317,465" time="300" reversible="false">Hidden</animation>
					<left>1395</left>
					<top>125</top>
					<width>283</width>
					<height>415</height>
					<include content="CascadeItemPortrait">
						<param name="item">4</param>
						<param name="logoheight">28</param>
						<param name="caseborder">16,37,16,18</param>
						<param name="casereflectborder">16,18,16,37</param>
						<param name="reflecttop">400</param>
						<param name="diffuse">diffuse/rounded5-263x395.png</param>
						<param name="watchedstatussize">28</param>
						<param name="watchedstatusoffset">15</param>
						<param name="watchedstatustop">40</param>
						<param name="watchedstatusfont">Font12_Cond_Bold</param>
					</include>
				</control>
				<!-- Move 5 to 4 -->
				<control type="group">
					<visible>Container(506).OnNext</visible>
					<animation effect="zoom" end="993,75,350,515" time="300" reversible="false">Hidden</animation>
					<left>1213</left>
					<top>100</top>
					<width>317</width>
					<height>465</height>
					<include content="CascadeItemPortrait">
						<param name="item">3</param>
						<param name="logoheight">31</param>
						<param name="caseborder">16,40,16,19</param>
						<param name="casereflectborder">16,19,16,40</param>
						<param name="reflecttop">450</param>
						<param name="diffuse">diffuse/rounded5-297x445.png</param>
						<param name="watchedstatussize">31</param>
						<param name="watchedstatusoffset">16</param>
						<param name="watchedstatustop">44</param>
						<param name="watchedstatusfont">Font13_Cond_Bold</param>
					</include>
				</control>
				<!-- Move 4 to 3 -->
				<control type="group">
					<visible>Container(506).OnNext</visible>
					<animation effect="zoom" end="728,50,383,565" time="300" reversible="false">Hidden</animation>
					<left>993</left>
					<top>75</top>
					<width>350</width>
					<height>515</height>
					<include content="CascadeItemPortrait">
						<param name="item">2</param>
						<param name="logoheight">34</param>
						<param name="caseborder">16,43,16,19</param>
						<param name="casereflectborder">16,19,16,43</param>
						<param name="reflecttop">500</param>
						<param name="diffuse">diffuse/rounded5-330x495.png</param>
						<param name="watchedstatussize">35</param>
						<param name="watchedstatusoffset">16</param>
						<param name="watchedstatustop">47</param>
						<param name="watchedstatusfont">Font14_Cond_Bold</param>
					</include>
				</control>
				<!-- Move 3 to 2 -->
				<control type="group">
					<visible>Container(506).OnNext</visible>
					<animation effect="zoom" end="412,25,417,615" time="300" reversible="false">Hidden</animation>
					<left>728</left>
					<top>50</top>
					<width>383</width>
					<height>565</height>
					<include content="CascadeItemPortrait">
						<param name="item">1</param>
						<param name="logoheight">37</param>
						<param name="caseborder">17,46,17,19</param>
						<param name="casereflectborder">17,19,17,46</param>
						<param name="reflecttop">550</param>
						<param name="diffuse">diffuse/rounded5-363x545.png</param>
						<param name="watchedstatussize">38</param>
						<param name="watchedstatusoffset">17</param>
						<param name="watchedstatustop">50</param>
						<param name="watchedstatusfont">Font16_Cond_Bold</param>
					</include>
				</control>
				<!-- Move 2 to 1 -->
				<control type="group">
					<visible>Container(506).OnNext</visible>
					<animation effect="zoom" end="40,0,450,665" time="300" reversible="false">Hidden</animation>
					<left>412</left>
					<top>25</top>
					<width>417</width>
					<height>615</height>
					<include content="CascadeItemPortrait">
						<param name="item">0</param>
						<param name="logoheight">40</param>
						<param name="caseborder">17,50,17,20</param>
						<param name="casereflectborder">17,20,17,50</param>
						<param name="reflecttop">600</param>
						<param name="diffuse">diffuse/rounded5-397x595.png</param>
						<param name="watchedstatussize">42</param>
						<param name="watchedstatustop">53</param>
						<param name="watchedstatusfont">Font18_Cond_Bold</param>
					</include>
				</control>
				<!-- Fade out focus thumb -->
				<control type="group">
					<visible>Container(506).OnNext</visible>
					<animation type="Hidden" reversible="false">
						<effect type="fade" end="100" time="300"/>
						<effect type="slide" end="-440" time="300"/>
					</animation>
					<left>40</left>
					<top>0</top>
					<width>450</width>
					<height>665</height>
					<include content="CascadeItemPortrait">
						<param name="item">-1</param>
						<param name="logoheight">43</param>
						<param name="caseborder">17,53,17,20</param>
						<param name="casereflectborder">17,20,17,53</param>
						<param name="reflecttop">650</param>
						<param name="diffuse">diffuse/rounded5-430x645.png</param>
						<param name="watchedstatustop">56</param>
					</include>
				</control>
			</control>
			<!-- Portrait - Static content -->
			<control type="group">
				<visible>!Control.IsVisible(5801) + !Control.IsVisible(5802)</visible>
				<control type="group">
					<left>1752</left>
					<top>200</top>
					<width>183</width>
					<height>265</height>
					<include content="CascadeItemPortrait">
						<param name="item">8</param>
						<param name="logoheight">19</param>
						<param name="caseborder">15,28,15,16</param>
						<param name="casereflectborder">15,16,15,28</param>
						<param name="reflecttop">250</param>
						<param name="diffuse">diffuse/rounded5-163x245.png</param>
						<param name="watchedstatussize">18</param>
						<param name="watchedstatusoffset">15</param>
						<param name="watchedstatustop">31</param>
						<param name="watchedstatusfont">Font7_Cond_Bold</param>
					</include>
				</control>
				<control type="group">
					<left>1660</left>
					<top>175</top>
					<width>217</width>
					<height>315</height>
					<include content="CascadeItemPortrait">
						<param name="item">7</param>
						<param name="logoheight">22</param>
						<param name="caseborder">15,31,15,17</param>
						<param name="casereflectborder">15,17,15,31</param>
						<param name="reflecttop">300</param>
						<param name="diffuse">diffuse/rounded5-197x295.png</param>
						<param name="watchedstatussize">21</param>
						<param name="watchedstatusoffset">15</param>
						<param name="watchedstatustop">34</param>
						<param name="watchedstatusfont">Font8_Cond_Bold</param>
					</include>
				</control>
				<control type="group">
					<left>1543</left>
					<top>150</top>
					<width>250</width>
					<height>365</height>
					<include content="CascadeItemPortrait">
						<param name="item">6</param>
						<param name="logoheight">25</param>
						<param name="caseborder">16,34,16,17</param>
						<param name="casereflectborder">16,17,16,34</param>
						<param name="reflecttop">350</param>
						<param name="diffuse">diffuse/rounded5-230x345.png</param>
						<param name="watchedstatussize">25</param>
						<param name="watchedstatusoffset">16</param>
						<param name="watchedstatustop">36</param>
						<param name="watchedstatusfont">Font10_Cond_Bold</param>
					</include>
				</control>
				<control type="group">
					<left>1395</left>
					<top>125</top>
					<width>283</width>
					<height>415</height>
					<include content="CascadeItemPortrait">
						<param name="item">5</param>
						<param name="logoheight">28</param>
						<param name="caseborder">16,37,16,18</param>
						<param name="casereflectborder">16,18,16,37</param>
						<param name="reflecttop">400</param>
						<param name="diffuse">diffuse/rounded5-263x395.png</param>
						<param name="watchedstatussize">28</param>
						<param name="watchedstatusoffset">16</param>
						<param name="watchedstatustop">40</param>
						<param name="watchedstatusfont">Font12_Cond_Bold</param>
					</include>
				</control>
				<control type="group">
					<left>1213</left>
					<top>100</top>
					<width>317</width>
					<height>465</height>
					<include content="CascadeItemPortrait">
						<param name="item">4</param>
						<param name="logoheight">31</param>
						<param name="caseborder">16,40,16,19</param>
						<param name="casereflectborder">16,19,16,40</param>
						<param name="reflecttop">450</param>
						<param name="diffuse">diffuse/rounded5-297x445.png</param>
						<param name="watchedstatussize">31</param>
						<param name="watchedstatusoffset">17</param>
						<param name="watchedstatustop">44</param>
						<param name="watchedstatusfont">Font13_Cond_Bold</param>
					</include>
				</control>
				<control type="group">
					<left>993</left>
					<top>75</top>
					<width>350</width>
					<height>515</height>
					<include content="CascadeItemPortrait">
						<param name="item">3</param>
						<param name="logoheight">34</param>
						<param name="caseborder">16,43,16,19</param>
						<param name="casereflectborder">16,19,16,43</param>
						<param name="reflecttop">500</param>
						<param name="diffuse">diffuse/rounded5-330x495.png</param>
						<param name="watchedstatussize">35</param>
						<param name="watchedstatusoffset">17</param>
						<param name="watchedstatustop">47</param>
						<param name="watchedstatusfont">Font14_Cond_Bold</param>
					</include>
				</control>
				<control type="group">
					<left>728</left>
					<top>50</top>
					<width>383</width>
					<height>565</height>
					<include content="CascadeItemPortrait">
						<param name="item">2</param>
						<param name="logoheight">37</param>
						<param name="caseborder">17,46,17,19</param>
						<param name="casereflectborder">17,19,17,46</param>
						<param name="reflecttop">550</param>
						<param name="diffuse">diffuse/rounded5-363x545.png</param>
						<param name="watchedstatussize">38</param>
						<param name="watchedstatusoffset">17</param>
						<param name="watchedstatustop">50</param>
						<param name="watchedstatusfont">Font16_Cond_Bold</param>
					</include>
				</control>
				<control type="group">
					<left>412</left>
					<top>25</top>
					<width>417</width>
					<height>615</height>
					<include content="CascadeItemPortrait">
						<param name="item">1</param>
						<param name="logoheight">40</param>
						<param name="caseborder">17,50,17,20</param>
						<param name="casereflectborder">17,20,17,50</param>
						<param name="reflecttop">600</param>
						<param name="diffuse">diffuse/rounded5-397x595.png</param>
						<param name="watchedstatussize">42</param>
						<param name="watchedstatustop">53</param>
						<param name="watchedstatusfont">Font18_Cond_Bold</param>
					</include>
				</control>
				<control type="group">
					<left>40</left>
					<top>0</top>
					<width>450</width>
					<height>665</height>
					<include content="CascadeItemPortrait">
						<param name="item">0</param>
						<param name="logoheight">43</param>
						<param name="caseborder">17,53,17,20</param>
						<param name="casereflectborder">17,20,17,53</param>
						<param name="reflecttop">650</param>
						<param name="diffuse">diffuse/rounded5-430x645.png</param>
						<param name="watchedstatustop">56</param>
					</include>
				</control>
			</control>
			<control type="fixedlist" id="506">
				<top>0</top>
				<left>40</left>
				<width>1920</width>
				<height>645</height>
				<onup>9050</onup>
				<ondown>60506</ondown>
				<pagecontrol>60506</pagecontrol>
				<orientation>horizontal</orientation>
				<viewtype label="$LOCALIZE[31246]">icon</viewtype>
				<focusposition>0</focusposition>
				<preloaditems>2</preloaditems>
				<itemlayout width="220" height="645"/>
				<focusedlayout width="220" height="645"/>
			</control>
		</control>
		<!-- Media flags -->
		<control type="group">
			<visible>Control.IsVisible(506)</visible>
			<include content="AnimationSlideBottomWindow">
				<param name="slide">220</param>
			</include>
			
			<control type="group">
				<visible>Control.IsVisible(506) + String.Contains(ListItem.DBType, "movie")</visible>
				<include condition="Window.IsVisible(MyVideoNav.xml)" content="MediaFlagsVideos4">
					<param name="right">50</param>
					<param name="bottom">35</param>
				</include>
			</control>
			<control type="group">
				<visible>Control.IsVisible(506) + String.Contains(ListItem.DBType, "season")</visible>
				<include condition="Window.IsVisible(MyVideoNav.xml)" content="MediaFlagsTVShows">
					<param name="right">50</param>
					<param name="bottom">35</param>
				</include>
			</control>
			<control type="group">
				<visible>Control.IsVisible(506) + String.Contains(ListItem.DBType, "tvshow") | Container.Content(tvshows) </visible>
				<include condition="Window.IsVisible(MyVideoNav.xml)" content="MediaFlagsTVShows">
					<param name="right">50</param>
					<param name="bottom">35</param>
				</include>
			</control>			
			
<!-- 			<include condition="Window.IsVisible(MyVideoNav.xml)" content="MediaFlagsTVShows">
				<param name="right">50</param>
				<param name="bottom">35</param>
			</include>
			<include condition="Window.IsVisible(MyVideoNav.xml)" content="MediaFlagsVideos4">
				<param name="right">50</param>
				<param name="bottom">35</param>
			</include> -->
			<include content="ViewCoverFlowScrollBar">
				<param name="id">506</param>
				<param name="top">1035</param>
				<param name="left">50</param>
				<param name="width">1820</param>
			</include>
		</control>
	</include>
</includes>